/*******************************************************************************
 * Size: 28 px
 * Bpp: 4
 * Opts: --bpp 4 --size 28 --font /home/user/ESP32-Developement/tools/fonts/ChakraPetch-SemiBold.ttf -r 0x20-0x7E,0xA0-0xFF,0x2013,0x2014,0x2019,0x201C,0x201D,0x2026,0x2022,0x2190-0x2193 --font /home/user/ESP32-Developement/components/lvgl/scripts/built_in_font/FontAwesome5-Solid+Brands+Regular.woff -r 61441,61448,61451,61452,61453,61457,61459,61461,61465,61468,61473,61478,61479,61480,61502,61507,61512,61515,61516,61517,61521,61522,61523,61524,61543,61544,61550,61552,61553,61556,61559,61560,61561,61563,61587,61589,61636,61637,61639,61641,61664,61671,61674,61683,61724,61732,61787,61931,62016,62017,62018,62019,62020,62087,62099,62212,62189,62810,63426,63650,0xF522,0xF6CF,0xF0EB,0xF129,0xF7C0,0xF519,0xF2DB,0xF017,0xF185,0xF53F,0xF0E7,0xF11B,0xF120,0xF6E2,0xF1E6,0xF2F1,0xF06E,0xF186,0xF3CD,0xF1DE,0xF002,0xF130,0xF091,0xF7A6 --format lvgl --no-compress --lv-include lvgl.h -o /home/user/ESP32-Developement/main/fonts/font_m_r.c --force-fast-kern-format
 ******************************************************************************/

#ifdef LV_LVGL_H_INCLUDE_SIMPLE
#include "lvgl.h"
#else
#include "lvgl.h"
#endif

#ifndef FONT_M_R
#define FONT_M_R 1
#endif

#if FONT_M_R

/*-----------------
 *    BITMAPS
 *----------------*/

/*Store the image of the glyphs*/
static LV_ATTRIBUTE_LARGE_CONST const uint8_t glyph_bitmap[] = {
    /* U+0020 " " */

    /* U+0021 "!" */
    0xe, 0xff, 0x50, 0xef, 0xf5, 0xe, 0xff, 0x50,
    0xef, 0xf4, 0xe, 0xff, 0x40, 0xdf, 0xf3, 0xc,
    0xff, 0x30, 0xcf, 0xf2, 0xb, 0xff, 0x10, 0xbf,
    0xf1, 0xa, 0xff, 0x0, 0x9f, 0xf0, 0x9, 0xff,
    0x0, 0x8f, 0xe0, 0x2, 0x65, 0x0, 0x0, 0x0,
    0x4, 0xa8, 0x1, 0xff, 0xf7, 0x2f, 0xff, 0x90,
    0x9f, 0xe2,

    /* U+0022 "\"" */
    0x5f, 0xfe, 0x2, 0xff, 0xf1, 0x5f, 0xfe, 0x2,
    0xff, 0xf1, 0x5f, 0xfe, 0x2, 0xff, 0xf1, 0x4f,
    0xfe, 0x2, 0xff, 0xf0, 0x2f, 0xfc, 0x0, 0xff,
    0xe0, 0xf, 0xfa, 0x0, 0xef, 0xc0, 0xf, 0xf8,
    0x0, 0xcf, 0xb0, 0x1, 0x10, 0x0, 0x11, 0x10,

    /* U+0023 "#" */
    0x0, 0x0, 0x7, 0xff, 0xa0, 0x0, 0xbf, 0xf6,
    0x0, 0x0, 0x0, 0xa, 0xff, 0x70, 0x0, 0xef,
    0xf3, 0x0, 0x0, 0x0, 0xc, 0xff, 0x50, 0x0,
    0xff, 0xf1, 0x0, 0x0, 0x0, 0xf, 0xff, 0x20,
    0x3, 0xff, 0xe0, 0x0, 0x0, 0x0, 0x2f, 0xff,
    0x0, 0x6, 0xff, 0xb0, 0x0, 0x2b, 0xbb, 0xcf,
    0xff, 0xbb, 0xbd, 0xff, 0xeb, 0xb6, 0x3f, 0xff,
    0xff, 0xff, 0xff, 0xff, 0xff, 0xff, 0xf8, 0x3f,
    0xff, 0xff, 0xff, 0xff, 0xff, 0xff, 0xff, 0xf8,
    0x0, 0x0, 0xcf, 0xf5, 0x0, 0xf, 0xff, 0x0,
    0x0, 0x0, 0x0, 0xff, 0xf2, 0x0, 0x3f, 0xfe,
    0x0, 0x0, 0x0, 0x2, 0xff, 0xf0, 0x0, 0x6f,
    0xfb, 0x0, 0x0, 0x0, 0x5, 0xff, 0xc0, 0x0,
    0x9f, 0xf8, 0x0, 0x0, 0xbf, 0xff, 0xff, 0xff,
    0xff, 0xff, 0xff, 0xff, 0xf0, 0xbf, 0xff, 0xff,
    0xff, 0xff, 0xff, 0xff, 0xff, 0xf0, 0x8b, 0xbf,
    0xff, 0xcb, 0xbc, 0xff, 0xfb, 0xbb, 0xb0, 0x0,
    0xf, 0xff, 0x10, 0x4, 0xff, 0xd0, 0x0, 0x0,
    0x0, 0x2f, 0xff, 0x0, 0x6, 0xff, 0xb0, 0x0,
    0x0, 0x0, 0x5f, 0xfc, 0x0, 0x9, 0xff, 0x80,
    0x0, 0x0, 0x0, 0x8f, 0xf9, 0x0, 0xc, 0xff,
    0x50, 0x0, 0x0, 0x0, 0xaf, 0xf7, 0x0, 0xe,
    0xff, 0x30, 0x0, 0x0,

    /* U+0024 "$" */
    0x0, 0x0, 0x0, 0x5e, 0xe5, 0x0, 0x0, 0x0,
    0x0, 0x0, 0x0, 0x6f, 0xf5, 0x0, 0x0, 0x0,
    0x0, 0x0, 0x0, 0x6f, 0xf5, 0x0, 0x0, 0x0,
    0x0, 0x2e, 0xff, 0xff, 0xff, 0xff, 0x90, 0x0,
    0x2, 0xef, 0xff, 0xff, 0xff, 0xff, 0xf9, 0x0,
    0x2e, 0xff, 0xfd, 0xef, 0xfe, 0xdf, 0xff, 0x90,
    0x6f, 0xff, 0x30, 0x6f, 0xf5, 0x9, 0xff, 0xf0,
    0x6f, 0xfc, 0x0, 0x6f, 0xf5, 0x3, 0xff, 0xf0,
    0x6f, 0xfc, 0x0, 0x6f, 0xf5, 0x1, 0x66, 0x60,
    0x6f, 0xfc, 0x0, 0x6f, 0xf5, 0x0, 0x0, 0x0,
    0x6f, 0xff, 0x30, 0x6f, 0xf5, 0x0, 0x0, 0x0,
    0x2e, 0xff, 0xfd, 0xef, 0xfe, 0xdd, 0x90, 0x0,
    0x2, 0xef, 0xff, 0xff, 0xff, 0xff, 0xf9, 0x0,
    0x0, 0x2e, 0xff, 0xff, 0xff, 0xff, 0xff, 0x90,
    0x0, 0x0, 0x0, 0x6f, 0xf5, 0x9, 0xff, 0xf3,
    0x0, 0x0, 0x0, 0x6f, 0xf5, 0x0, 0xff, 0xf3,
    0x0, 0x0, 0x0, 0x6f, 0xf5, 0x0, 0xff, 0xf3,
    0x38, 0x86, 0x0, 0x6f, 0xf5, 0x0, 0xff, 0xf3,
    0x7f, 0xfb, 0x0, 0x6f, 0xf5, 0x0, 0xff, 0xf3,
    0x7f, 0xff, 0x30, 0x6f, 0xf5, 0x7, 0xff, 0xf3,
    0x2e, 0xff, 0xfd, 0xef, 0xfe, 0xdf, 0xff, 0xb0,
    0x2, 0xef, 0xff, 0xff, 0xff, 0xff, 0xfb, 0x0,
    0x0, 0x2e, 0xff, 0xff, 0xff, 0xff, 0xb0, 0x0,
    0x0, 0x0, 0x0, 0x6f, 0xf5, 0x0, 0x0, 0x0,
    0x0, 0x0, 0x0, 0x6f, 0xf5, 0x0, 0x0, 0x0,
    0x0, 0x0, 0x0, 0x6f, 0xf5, 0x0, 0x0, 0x0,

    /* U+0025 "%" */
    0x3, 0xef, 0xff, 0xf8, 0x0, 0x0, 0x0, 0x7f,
    0xfc, 0x0, 0x0, 0x3e, 0xff, 0xff, 0xff, 0x80,
    0x0, 0x1, 0xff, 0xf3, 0x0, 0x0, 0xbf, 0xfa,
    0x67, 0xff, 0xf2, 0x0, 0x8, 0xff, 0xb0, 0x0,
    0x0, 0xbf, 0xf0, 0x0, 0xaf, 0xf2, 0x0, 0x1f,
    0xff, 0x20, 0x0, 0x0, 0xbf, 0xf0, 0x0, 0xaf,
    0xf2, 0x0, 0xaf, 0xf9, 0x0, 0x0, 0x0, 0xbf,
    0xf0, 0x0, 0xaf, 0xf2, 0x2, 0xff, 0xf1, 0x0,
    0x0, 0x0, 0xbf, 0xf0, 0x0, 0xaf, 0xf2, 0xb,
    0xff, 0x80, 0x0, 0x0, 0x0, 0xbf, 0xf4, 0x0,
    0xdf, 0xf2, 0x3f, 0xfe, 0x10, 0x0, 0x0, 0x0,
    0x8f, 0xff, 0xff, 0xff, 0xd0, 0xcf, 0xf7, 0x0,
    0x0, 0x0, 0x0, 0x8, 0xff, 0xff, 0xfd, 0x15,
    0xff, 0xe0, 0x16, 0x66, 0x65, 0x0, 0x0, 0x56,
    0x66, 0x61, 0xd, 0xff, 0x61, 0xdf, 0xff, 0xff,
    0x90, 0x0, 0x0, 0x0, 0x0, 0x6f, 0xfd, 0xd,
    0xff, 0xff, 0xff, 0xf9, 0x0, 0x0, 0x0, 0x0,
    0xef, 0xf5, 0x1f, 0xfd, 0x10, 0x3f, 0xfc, 0x0,
    0x0, 0x0, 0x7, 0xff, 0xc0, 0x1f, 0xfb, 0x0,
    0xf, 0xfc, 0x0, 0x0, 0x0, 0x1e, 0xff, 0x30,
    0x1f, 0xfb, 0x0, 0xf, 0xfc, 0x0, 0x0, 0x0,
    0x8f, 0xfb, 0x0, 0x1f, 0xfb, 0x0, 0xf, 0xfc,
    0x0, 0x0, 0x1, 0xff, 0xf2, 0x0, 0x1f, 0xfb,
    0x0, 0xf, 0xfc, 0x0, 0x0, 0x9, 0xff, 0xa0,
    0x0, 0x1f, 0xff, 0x76, 0xaf, 0xfc, 0x0, 0x0,
    0x2f, 0xff, 0x10, 0x0, 0x7, 0xff, 0xff, 0xff,
    0xf3, 0x0, 0x0, 0xaf, 0xf8, 0x0, 0x0, 0x0,
    0x7f, 0xff, 0xff, 0x30,

    /* U+0026 "&" */
    0x0, 0x4, 0xff, 0xff, 0xff, 0xfd, 0x10, 0x0,
    0x0, 0x4, 0xff, 0xff, 0xff, 0xff, 0xfd, 0x10,
    0x0, 0x4, 0xff, 0xfe, 0xdd, 0xdd, 0xff, 0xfd,
    0x10, 0x0, 0xaf, 0xfd, 0x10, 0x0, 0x4, 0xff,
    0xf4, 0x0, 0xa, 0xff, 0x80, 0x0, 0x0, 0xd,
    0xff, 0x40, 0x0, 0xaf, 0xf8, 0x0, 0x0, 0x0,
    0x0, 0x0, 0x0, 0xa, 0xff, 0x80, 0x0, 0x0,
    0x0, 0x0, 0x0, 0x0, 0xaf, 0xf8, 0x0, 0x0,
    0x0, 0xf, 0xff, 0x0, 0xa, 0xff, 0xf2, 0x0,
    0x0, 0x0, 0xff, 0xf0, 0x0, 0x2e, 0xff, 0xff,
    0xff, 0xff, 0xff, 0xff, 0xfe, 0x3, 0xff, 0xff,
    0xff, 0xff, 0xff, 0xff, 0xff, 0xe3, 0xef, 0xfe,
    0xcc, 0xcc, 0xcc, 0xcf, 0xff, 0xca, 0x7f, 0xfe,
    0x20, 0x0, 0x0, 0x1, 0xff, 0xf1, 0x7, 0xff,
    0xb0, 0x0, 0x0, 0x0, 0x1f, 0xff, 0x10, 0x7f,
    0xfb, 0x0, 0x0, 0x0, 0x1, 0xff, 0xf1, 0x7,
    0xff, 0xb0, 0x0, 0x0, 0x0, 0x1f, 0xff, 0x10,
    0x7f, 0xfe, 0x20, 0x0, 0x0, 0x7, 0xff, 0xf1,
    0x2, 0xef, 0xff, 0xdd, 0xdd, 0xdd, 0xff, 0xfb,
    0x0, 0x2, 0xef, 0xff, 0xff, 0xff, 0xff, 0xfb,
    0x0, 0x0, 0x2, 0xef, 0xff, 0xff, 0xff, 0xfb,
    0x0, 0x0,

    /* U+0027 "'" */
    0x5f, 0xfe, 0x5f, 0xfe, 0x5f, 0xfe, 0x4f, 0xfe,
    0x2f, 0xfc, 0xf, 0xfa, 0xf, 0xf8, 0x1, 0x10,

    /* U+0028 "(" */
    0x0, 0x5, 0xff, 0xfe, 0x0, 0x4f, 0xff, 0xfe,
    0x4, 0xff, 0xfe, 0xca, 0xf, 0xff, 0xd1, 0x0,
    0xf, 0xff, 0x20, 0x0, 0xf, 0xff, 0x20, 0x0,
    0xf, 0xff, 0x20, 0x0, 0xf, 0xff, 0x20, 0x0,
    0xf, 0xff, 0x20, 0x0, 0xf, 0xff, 0x20, 0x0,
    0xf, 0xff, 0x20, 0x0, 0xf, 0xff, 0x20, 0x0,
    0xf, 0xff, 0x20, 0x0, 0xf, 0xff, 0x20, 0x0,
    0xf, 0xff, 0x20, 0x0, 0xf, 0xff, 0x20, 0x0,
    0xf, 0xff, 0x20, 0x0, 0xf, 0xff, 0x20, 0x0,
    0xf, 0xff, 0x20, 0x0, 0xf, 0xff, 0x20, 0x0,
    0xf, 0xff, 0x20, 0x0, 0xf, 0xff, 0x20, 0x0,
    0xf, 0xff, 0xd1, 0x0, 0x4, 0xff, 0xfe, 0xca,
    0x0, 0x5f, 0xff, 0xfe, 0x0, 0x5, 0xff, 0xfe,

    /* U+0029 ")" */
    0x8f, 0xff, 0xa0, 0x0, 0x8f, 0xff, 0xfa, 0x0,
    0x6c, 0xcf, 0xff, 0xa0, 0x0, 0x9, 0xff, 0xf6,
    0x0, 0x0, 0xcf, 0xf6, 0x0, 0x0, 0xcf, 0xf6,
    0x0, 0x0, 0xcf, 0xf6, 0x0, 0x0, 0xcf, 0xf6,
    0x0, 0x0, 0xcf, 0xf6, 0x0, 0x0, 0xcf, 0xf6,
    0x0, 0x0, 0xcf, 0xf6, 0x0, 0x0, 0xcf, 0xf6,
    0x0, 0x0, 0xcf, 0xf6, 0x0, 0x0, 0xcf, 0xf6,
    0x0, 0x0, 0xcf, 0xf6, 0x0, 0x0, 0xcf, 0xf6,
    0x0, 0x0, 0xcf, 0xf6, 0x0, 0x0, 0xcf, 0xf6,
    0x0, 0x0, 0xcf, 0xf6, 0x0, 0x0, 0xcf, 0xf6,
    0x0, 0x0, 0xcf, 0xf6, 0x0, 0x0, 0xcf, 0xf6,
    0x0, 0x9, 0xff, 0xf6, 0x6c, 0xcf, 0xff, 0xa0,
    0x8f, 0xff, 0xfa, 0x0, 0x8f, 0xff, 0xa0, 0x0,

    /* U+002A "*" */
    0x0, 0x2f, 0xd0, 0x0, 0x2e, 0x3f, 0xb6, 0xd0,
    0x7f, 0xff, 0xff, 0xe3, 0x2, 0xdf, 0xfa, 0x0,
    0x6f, 0xff, 0xff, 0xe2, 0x2e, 0x4f, 0xb7, 0xd0,
    0x0, 0x2f, 0xd0, 0x0, 0x0, 0x0, 0x0, 0x0,

    /* U+002B "+" */
    0x0, 0x0, 0xb, 0xee, 0x50, 0x0, 0x0, 0x0,
    0x0, 0xc, 0xff, 0x50, 0x0, 0x0, 0x0, 0x0,
    0xc, 0xff, 0x50, 0x0, 0x0, 0x0, 0x0, 0xc,
    0xff, 0x50, 0x0, 0x0, 0x0, 0x0, 0xc, 0xff,
    0x50, 0x0, 0x0, 0xbf, 0xff, 0xff, 0xff, 0xff,
    0xff, 0xf5, 0xbf, 0xff, 0xff, 0xff, 0xff, 0xff,
    0xf5, 0x8b, 0xbb, 0xbe, 0xff, 0xcb, 0xbb, 0xb3,
    0x0, 0x0, 0xc, 0xff, 0x50, 0x0, 0x0, 0x0,
    0x0, 0xc, 0xff, 0x50, 0x0, 0x0, 0x0, 0x0,
    0xc, 0xff, 0x50, 0x0, 0x0, 0x0, 0x0, 0xc,
    0xff, 0x50, 0x0, 0x0,

    /* U+002C "," */
    0x1b, 0xc5, 0xc, 0xff, 0xf1, 0xcf, 0xff, 0x24,
    0xff, 0xf2, 0x5, 0xfe, 0x0, 0xaf, 0x70, 0xe,
    0xf1, 0x1, 0x85, 0x0,

    /* U+002D "-" */
    0x8c, 0xcc, 0xcc, 0xcc, 0xc6, 0xbf, 0xff, 0xff,
    0xff, 0xf9, 0xbf, 0xff, 0xff, 0xff, 0xf9,

    /* U+002E "." */
    0x1b, 0xc5, 0xb, 0xff, 0xf1, 0xcf, 0xff, 0x13,
    0xff, 0x90,

    /* U+002F "/" */
    0x0, 0x0, 0x0, 0x0, 0x0, 0x7f, 0xfc, 0x0,
    0x0, 0x0, 0x0, 0x0, 0x1e, 0xff, 0x40, 0x0,
    0x0, 0x0, 0x0, 0x8, 0xff, 0xb0, 0x0, 0x0,
    0x0, 0x0, 0x1, 0xff, 0xf3, 0x0, 0x0, 0x0,
    0x0, 0x0, 0x9f, 0xfa, 0x0, 0x0, 0x0, 0x0,
    0x0, 0x2f, 0xff, 0x20, 0x0, 0x0, 0x0, 0x0,
    0xb, 0xff, 0x90, 0x0, 0x0, 0x0, 0x0, 0x3,
    0xff, 0xf1, 0x0, 0x0, 0x0, 0x0, 0x0, 0xcf,
    0xf7, 0x0, 0x0, 0x0, 0x0, 0x0, 0x5f, 0xfe,
    0x0, 0x0, 0x0, 0x0, 0x0, 0xd, 0xff, 0x60,
    0x0, 0x0, 0x0, 0x0, 0x6, 0xff, 0xd0, 0x0,
    0x0, 0x0, 0x0, 0x0, 0xef, 0xf5, 0x0, 0x0,
    0x0, 0x0, 0x0, 0x7f, 0xfc, 0x0, 0x0, 0x0,
    0x0, 0x0, 0x1f, 0xff, 0x40, 0x0, 0x0, 0x0,
    0x0, 0x9, 0xff, 0xb0, 0x0, 0x0, 0x0, 0x0,
    0x2, 0xff, 0xf2, 0x0, 0x0, 0x0, 0x0, 0x0,
    0xaf, 0xfa, 0x0, 0x0, 0x0, 0x0, 0x0, 0x3f,
    0xff, 0x10, 0x0, 0x0, 0x0, 0x0, 0xb, 0xff,
    0x80, 0x0, 0x0, 0x0, 0x0, 0x0,

    /* U+0030 "0" */
    0x0, 0xb, 0xff, 0xff, 0xff, 0xff, 0xb0, 0x0,
    0x0, 0xaf, 0xff, 0xff, 0xff, 0xff, 0xfb, 0x0,
    0xa, 0xff, 0xfd, 0xdd, 0xdd, 0xdf, 0xff, 0xb0,
    0x4f, 0xff, 0x90, 0x0, 0x0, 0x9, 0xff, 0xf5,
    0x5f, 0xfe, 0x0, 0x0, 0x0, 0x0, 0xef, 0xf5,
    0x5f, 0xfe, 0x0, 0x0, 0x0, 0x0, 0xef, 0xf5,
    0x5f, 0xfe, 0x0, 0x0, 0x0, 0x0, 0xef, 0xf5,
    0x5f, 0xfe, 0x0, 0x0, 0x0, 0x0, 0xef, 0xf5,
    0x5f, 0xfe, 0x0, 0x0, 0x0, 0x0, 0xef, 0xf5,
    0x5f, 0xfe, 0x0, 0x0, 0x0, 0x0, 0xef, 0xf5,
    0x5f, 0xfe, 0x0, 0x0, 0x0, 0x0, 0xef, 0xf5,
    0x5f, 0xfe, 0x0, 0x0, 0x0, 0x0, 0xef, 0xf5,
    0x5f, 0xfe, 0x0, 0x0, 0x0, 0x0, 0xef, 0xf5,
    0x5f, 0xfe, 0x0, 0x0, 0x0, 0x0, 0xef, 0xf5,
    0x5f, 0xfe, 0x0, 0x0, 0x0, 0x0, 0xef, 0xf5,
    0x5f, 0xfe, 0x0, 0x0, 0x0, 0x0, 0xef, 0xf5,
    0x4f, 0xff, 0x90, 0x0, 0x0, 0x9, 0xff, 0xf5,
    0xa, 0xff, 0xfd, 0xdd, 0xdd, 0xdf, 0xff, 0xb0,
    0x0, 0xaf, 0xff, 0xff, 0xff, 0xff, 0xfb, 0x0,
    0x0, 0xb, 0xff, 0xff, 0xff, 0xff, 0xb0, 0x0,

    /* U+0031 "1" */
    0x0, 0x0, 0x5d, 0xff, 0x60, 0x3, 0xcf, 0xff,
    0xf6, 0xa, 0xff, 0xff, 0xff, 0x62, 0xff, 0xfd,
    0xff, 0xf6, 0x2f, 0xd5, 0xe, 0xff, 0x61, 0x60,
    0x0, 0xef, 0xf6, 0x0, 0x0, 0xe, 0xff, 0x60,
    0x0, 0x0, 0xef, 0xf6, 0x0, 0x0, 0xe, 0xff,
    0x60, 0x0, 0x0, 0xef, 0xf6, 0x0, 0x0, 0xe,
    0xff, 0x60, 0x0, 0x0, 0xef, 0xf6, 0x0, 0x0,
    0xe, 0xff, 0x60, 0x0, 0x0, 0xef, 0xf6, 0x0,
    0x0, 0xe, 0xff, 0x60, 0x0, 0x0, 0xef, 0xf6,
    0x0, 0x0, 0xe, 0xff, 0x60, 0x0, 0x0, 0xef,
    0xf6, 0x0, 0x0, 0xe, 0xff, 0x60, 0x0, 0x0,
    0xef, 0xf6,

    /* U+0032 "2" */
    0x0, 0x7f, 0xff, 0xff, 0xff, 0xf4, 0x0, 0x7,
    0xff, 0xff, 0xff, 0xff, 0xff, 0x40, 0x7f, 0xff,
    0xed, 0xdd, 0xde, 0xff, 0xf3, 0xef, 0xfb, 0x0,
    0x0, 0x2, 0xef, 0xf9, 0xef, 0xf6, 0x0, 0x0,
    0x0, 0xaf, 0xf9, 0xac, 0xc4, 0x0, 0x0, 0x0,
    0xaf, 0xf9, 0x0, 0x0, 0x0, 0x0, 0x2, 0xef,
    0xf9, 0x0, 0x0, 0x0, 0x0, 0x2e, 0xff, 0xf3,
    0x0, 0x0, 0x0, 0x3, 0xef, 0xfe, 0x30, 0x0,
    0x0, 0x0, 0x3e, 0xff, 0xe2, 0x0, 0x0, 0x0,
    0x3, 0xff, 0xfe, 0x20, 0x0, 0x0, 0x0, 0x4f,
    0xff, 0xd1, 0x0, 0x0, 0x0, 0x4, 0xff, 0xfd,
    0x10, 0x0, 0x0, 0x0, 0x5f, 0xff, 0xc1, 0x0,
    0x0, 0x0, 0x6, 0xff, 0xfb, 0x0, 0x0, 0x0,
    0x0, 0x6f, 0xff, 0xb0, 0x0, 0x0, 0x0, 0x0,
    0xcf, 0xfb, 0x0, 0x0, 0x0, 0x0, 0x0, 0xcf,
    0xfe, 0xcc, 0xcc, 0xcc, 0xcc, 0xc9, 0xcf, 0xff,
    0xff, 0xff, 0xff, 0xff, 0xfb, 0xcf, 0xff, 0xff,
    0xff, 0xff, 0xff, 0xfb,

    /* U+0033 "3" */
    0x0, 0x5f, 0xff, 0xff, 0xff, 0xfb, 0x0, 0x0,
    0x5f, 0xff, 0xff, 0xff, 0xff, 0xfb, 0x0, 0x5f,
    0xff, 0xed, 0xdd, 0xdd, 0xff, 0xfb, 0xb, 0xff,
    0xe1, 0x0, 0x0, 0x9, 0xff, 0xf2, 0xbf, 0xf8,
    0x0, 0x0, 0x0, 0x2f, 0xff, 0x2b, 0xff, 0x80,
    0x0, 0x0, 0x2, 0xff, 0xf2, 0x0, 0x0, 0x0,
    0x0, 0x0, 0x2f, 0xff, 0x20, 0x0, 0x0, 0x0,
    0x0, 0x2, 0xff, 0xf2, 0x0, 0x0, 0x0, 0x0,
    0x0, 0xbf, 0xff, 0x10, 0x0, 0xc, 0xff, 0xff,
    0xff, 0xff, 0x80, 0x0, 0x0, 0xcf, 0xff, 0xff,
    0xff, 0xd0, 0x0, 0x0, 0x9, 0xdd, 0xdd, 0xdf,
    0xff, 0xa0, 0x0, 0x0, 0x0, 0x0, 0x0, 0x7f,
    0xff, 0x20, 0x0, 0x0, 0x0, 0x0, 0x2, 0xff,
    0xf2, 0x78, 0x83, 0x0, 0x0, 0x0, 0x2f, 0xff,
    0x2e, 0xff, 0x60, 0x0, 0x0, 0x2, 0xff, 0xf2,
    0xef, 0xfb, 0x0, 0x0, 0x0, 0x7f, 0xff, 0x27,
    0xff, 0xfe, 0xdd, 0xdd, 0xdf, 0xff, 0xb0, 0x7,
    0xff, 0xff, 0xff, 0xff, 0xff, 0xb0, 0x0, 0x7,
    0xff, 0xff, 0xff, 0xff, 0xb0, 0x0,

    /* U+0034 "4" */
    0x0, 0x0, 0x0, 0x0, 0x5f, 0xff, 0xf3, 0x0,
    0x0, 0x0, 0x0, 0x1, 0xef, 0xff, 0xf3, 0x0,
    0x0, 0x0, 0x0, 0xb, 0xff, 0xff, 0xf3, 0x0,
    0x0, 0x0, 0x0, 0x6f, 0xfd, 0xff, 0xf3, 0x0,
    0x0, 0x0, 0x2, 0xff, 0xf3, 0xff, 0xf3, 0x0,
    0x0, 0x0, 0xc, 0xff, 0x80, 0xff, 0xf3, 0x0,
    0x0, 0x0, 0x8f, 0xfc, 0x0, 0xff, 0xf3, 0x0,
    0x0, 0x3, 0xff, 0xf2, 0x0, 0xff, 0xf3, 0x0,
    0x0, 0xd, 0xff, 0x60, 0x0, 0xff, 0xf3, 0x0,
    0x0, 0x9f, 0xfb, 0x0, 0x0, 0xff, 0xf3, 0x0,
    0x5, 0xff, 0xe1, 0x0, 0x0, 0xff, 0xf3, 0x0,
    0x1e, 0xff, 0x50, 0x0, 0x0, 0xff, 0xf3, 0x0,
    0x8f, 0xfb, 0x0, 0x0, 0x0, 0xff, 0xf3, 0x0,
    0x9f, 0xfe, 0xdd, 0xdd, 0xdd, 0xff, 0xfd, 0xd7,
    0x9f, 0xff, 0xff, 0xff, 0xff, 0xff, 0xff, 0xf9,
    0x9f, 0xff, 0xff, 0xff, 0xff, 0xff, 0xff, 0xf9,
    0x0, 0x0, 0x0, 0x0, 0x1, 0xff, 0xf3, 0x0,
    0x0, 0x0, 0x0, 0x0, 0x1, 0xff, 0xf3, 0x0,
    0x0, 0x0, 0x0, 0x0, 0x1, 0xff, 0xf3, 0x0,
    0x0, 0x0, 0x0, 0x0, 0x1, 0xff, 0xf3, 0x0,

    /* U+0035 "5" */
    0x5f, 0xff, 0xff, 0xff, 0xff, 0xff, 0xff, 0x5,
    0xff, 0xff, 0xff, 0xff, 0xff, 0xff, 0xf0, 0x5f,
    0xff, 0xdd, 0xdd, 0xdd, 0xdd, 0xdc, 0x5, 0xff,
    0xe0, 0x0, 0x0, 0x0, 0x0, 0x0, 0x5f, 0xfe,
    0x0, 0x0, 0x0, 0x0, 0x0, 0x5, 0xff, 0xe0,
    0x0, 0x0, 0x0, 0x0, 0x0, 0x5f, 0xfe, 0x0,
    0x0, 0x0, 0x0, 0x0, 0x5, 0xff, 0xfd, 0xdd,
    0xdd, 0xdd, 0xa0, 0x0, 0x5f, 0xff, 0xff, 0xff,
    0xff, 0xff, 0xb0, 0x5, 0xff, 0xff, 0xff, 0xff,
    0xff, 0xff, 0xb0, 0x0, 0x0, 0x0, 0x0, 0x0,
    0x8f, 0xff, 0x50, 0x0, 0x0, 0x0, 0x0, 0x0,
    0xef, 0xf5, 0x0, 0x0, 0x0, 0x0, 0x0, 0xe,
    0xff, 0x50, 0x0, 0x0, 0x0, 0x0, 0x0, 0xef,
    0xf5, 0x8d, 0xd8, 0x0, 0x0, 0x0, 0xe, 0xff,
    0x59, 0xff, 0xa0, 0x0, 0x0, 0x0, 0xef, 0xf5,
    0x9f, 0xfe, 0x20, 0x0, 0x0, 0x5f, 0xff, 0x53,
    0xff, 0xfe, 0xdd, 0xdd, 0xdf, 0xff, 0xd1, 0x3,
    0xff, 0xff, 0xff, 0xff, 0xff, 0xd1, 0x0, 0x4,
    0xff, 0xff, 0xff, 0xff, 0xd1, 0x0,

    /* U+0036 "6" */
    0x0, 0x1d, 0xff, 0xff, 0xff, 0xff, 0x50, 0x0,
    0x1d, 0xff, 0xff, 0xff, 0xff, 0xff, 0x40, 0x1d,
    0xff, 0xfd, 0xdd, 0xdd, 0xef, 0xff, 0x45, 0xff,
    0xf7, 0x0, 0x0, 0x2, 0xef, 0xfb, 0x5f, 0xfe,
    0x0, 0x0, 0x0, 0x9, 0xff, 0xb5, 0xff, 0xe0,
    0x0, 0x0, 0x0, 0x7d, 0xd9, 0x5f, 0xfe, 0x0,
    0x0, 0x0, 0x0, 0x0, 0x5, 0xff, 0xe0, 0x0,
    0x0, 0x0, 0x0, 0x0, 0x5f, 0xfe, 0xb, 0xff,
    0xff, 0xff, 0x60, 0x5, 0xff, 0xfb, 0xff, 0xff,
    0xff, 0xff, 0x60, 0x5f, 0xff, 0xff, 0xdd, 0xdd,
    0xef, 0xff, 0x65, 0xff, 0xff, 0x80, 0x0, 0x1,
    0xcf, 0xfc, 0x5f, 0xff, 0x80, 0x0, 0x0, 0x7,
    0xff, 0xc5, 0xff, 0xe0, 0x0, 0x0, 0x0, 0x7f,
    0xfc, 0x5f, 0xfe, 0x0, 0x0, 0x0, 0x7, 0xff,
    0xc5, 0xff, 0xe0, 0x0, 0x0, 0x0, 0x7f, 0xfc,
    0x5f, 0xff, 0x50, 0x0, 0x0, 0x1c, 0xff, 0xc1,
    0xdf, 0xff, 0xdd, 0xdd, 0xde, 0xff, 0xf6, 0x1,
    0xdf, 0xff, 0xff, 0xff, 0xff, 0xf6, 0x0, 0x1,
    0xdf, 0xff, 0xff, 0xff, 0xf6, 0x0,

    /* U+0037 "7" */
    0xbf, 0xff, 0xff, 0xff, 0xff, 0xff, 0xf8, 0xbf,
    0xff, 0xff, 0xff, 0xff, 0xff, 0xf8, 0x9d, 0xdd,
    0xdd, 0xdd, 0xdd, 0xff, 0xf8, 0x0, 0x0, 0x0,
    0x0, 0x0, 0xef, 0xf7, 0x0, 0x0, 0x0, 0x0,
    0x5, 0xff, 0xf1, 0x0, 0x0, 0x0, 0x0, 0xd,
    0xff, 0x90, 0x0, 0x0, 0x0, 0x0, 0x4f, 0xff,
    0x10, 0x0, 0x0, 0x0, 0x0, 0xcf, 0xfa, 0x0,
    0x0, 0x0, 0x0, 0x3, 0xff, 0xf2, 0x0, 0x0,
    0x0, 0x0, 0xb, 0xff, 0xa0, 0x0, 0x0, 0x0,
    0x0, 0x3f, 0xff, 0x30, 0x0, 0x0, 0x0, 0x0,
    0xaf, 0xfb, 0x0, 0x0, 0x0, 0x0, 0x2, 0xff,
    0xf4, 0x0, 0x0, 0x0, 0x0, 0x9, 0xff, 0xc0,
    0x0, 0x0, 0x0, 0x0, 0x1f, 0xff, 0x50, 0x0,
    0x0, 0x0, 0x0, 0x8f, 0xfd, 0x0, 0x0, 0x0,
    0x0, 0x1, 0xff, 0xf6, 0x0, 0x0, 0x0, 0x0,
    0x7, 0xff, 0xe0, 0x0, 0x0, 0x0, 0x0, 0xe,
    0xff, 0x70, 0x0, 0x0, 0x0, 0x0, 0x7f, 0xfe,
    0x0, 0x0, 0x0, 0x0,

    /* U+0038 "8" */
    0x0, 0xc, 0xff, 0xff, 0xff, 0xff, 0x60, 0x0,
    0x0, 0xbf, 0xff, 0xff, 0xff, 0xff, 0xf6, 0x0,
    0xb, 0xff, 0xfd, 0xdd, 0xdd, 0xef, 0xff, 0x60,
    0x3f, 0xff, 0x90, 0x0, 0x0, 0x1d, 0xff, 0xd0,
    0x3f, 0xff, 0x10, 0x0, 0x0, 0x6, 0xff, 0xd0,
    0x3f, 0xff, 0x10, 0x0, 0x0, 0x6, 0xff, 0xd0,
    0x3f, 0xff, 0x10, 0x0, 0x0, 0x6, 0xff, 0xd0,
    0x3f, 0xff, 0x10, 0x0, 0x0, 0x7, 0xff, 0xd0,
    0x2f, 0xff, 0xb0, 0x0, 0x0, 0x2e, 0xff, 0xc0,
    0x6, 0xff, 0xff, 0xff, 0xff, 0xff, 0xfe, 0x20,
    0x1, 0xef, 0xff, 0xff, 0xff, 0xff, 0xfa, 0x0,
    0x1d, 0xff, 0xfc, 0xcc, 0xcc, 0xcf, 0xff, 0x90,
    0x7f, 0xfe, 0x20, 0x0, 0x0, 0x7, 0xff, 0xf1,
    0x7f, 0xfc, 0x0, 0x0, 0x0, 0x2, 0xff, 0xf1,
    0x7f, 0xfc, 0x0, 0x0, 0x0, 0x2, 0xff, 0xf1,
    0x7f, 0xfc, 0x0, 0x0, 0x0, 0x2, 0xff, 0xf1,
    0x7f, 0xff, 0x30, 0x0, 0x0, 0x8, 0xff, 0xf1,
    0x2e, 0xff, 0xfd, 0xdd, 0xdd, 0xdf, 0xff, 0xa0,
    0x2, 0xef, 0xff, 0xff, 0xff, 0xff, 0xfb, 0x0,
    0x0, 0x2e, 0xff, 0xff, 0xff, 0xff, 0xb0, 0x0,

    /* U+0039 "9" */
    0x0, 0x2e, 0xff, 0xff, 0xff, 0xff, 0x40, 0x0,
    0x2e, 0xff, 0xff, 0xff, 0xff, 0xff, 0x40, 0x2e,
    0xff, 0xfd, 0xdd, 0xdd, 0xef, 0xff, 0x47, 0xff,
    0xf4, 0x0, 0x0, 0x2, 0xef, 0xfa, 0x7f, 0xfc,
    0x0, 0x0, 0x0, 0x9, 0xff, 0xa7, 0xff, 0xc0,
    0x0, 0x0, 0x0, 0x9f, 0xfa, 0x7f, 0xfc, 0x0,
    0x0, 0x0, 0x9, 0xff, 0xa7, 0xff, 0xc0, 0x0,
    0x0, 0x0, 0x9f, 0xfa, 0x7f, 0xfc, 0x0, 0x0,
    0x0, 0x4f, 0xff, 0xa7, 0xff, 0xf6, 0x0, 0x0,
    0x3f, 0xff, 0xfa, 0x1c, 0xff, 0xff, 0xff, 0xff,
    0xff, 0xff, 0xa0, 0x1c, 0xff, 0xff, 0xff, 0xfd,
    0xbf, 0xfa, 0x0, 0x1b, 0xdd, 0xdd, 0xdc, 0x19,
    0xff, 0xa0, 0x0, 0x0, 0x0, 0x0, 0x0, 0x9f,
    0xfa, 0x3, 0x33, 0x0, 0x0, 0x0, 0x9, 0xff,
    0xa3, 0xff, 0xf1, 0x0, 0x0, 0x0, 0x9f, 0xfa,
    0x3f, 0xff, 0x70, 0x0, 0x0, 0x2e, 0xff, 0xa0,
    0xcf, 0xff, 0xdd, 0xdd, 0xde, 0xff, 0xf4, 0x0,
    0xcf, 0xff, 0xff, 0xff, 0xff, 0xf4, 0x0, 0x0,
    0xcf, 0xff, 0xff, 0xff, 0xf4, 0x0,

    /* U+003A ":" */
    0x4f, 0xf7, 0xc, 0xff, 0xf0, 0xbf, 0xfe, 0x1,
    0x9a, 0x30, 0x0, 0x0, 0x0, 0x0, 0x0, 0x0,
    0x0, 0x0, 0x0, 0x0, 0x0, 0x0, 0x1, 0x9a,
    0x30, 0xbf, 0xfe, 0xc, 0xff, 0xf0, 0x4f, 0xf7,
    0x0,

    /* U+003B ";" */
    0x3f, 0xf8, 0xb, 0xff, 0xf0, 0xaf, 0xff, 0x0,
    0x9a, 0x30, 0x0, 0x0, 0x0, 0x0, 0x0, 0x0,
    0x0, 0x0, 0x0, 0x0, 0x0, 0x0, 0x1, 0xbc,
    0x50, 0xbf, 0xff, 0x2c, 0xff, 0xf3, 0x3f, 0xff,
    0x30, 0x5f, 0xe0, 0x9, 0xf8, 0x0, 0xef, 0x10,
    0x18, 0x60, 0x0,

    /* U+003C "<" */
    0x0, 0x0, 0x0, 0x0, 0x0, 0x0, 0x0, 0x0,
    0x0, 0x0, 0x0, 0x0, 0x0, 0x1, 0x7c, 0x0,
    0x0, 0x0, 0x0, 0x0, 0x29, 0xff, 0xe0, 0x0,
    0x0, 0x0, 0x4, 0xbf, 0xff, 0xfe, 0x0, 0x0,
    0x0, 0x6d, 0xff, 0xff, 0xfa, 0x30, 0x0, 0x18,
    0xef, 0xff, 0xfe, 0x81, 0x0, 0x3, 0xaf, 0xff,
    0xff, 0xc5, 0x0, 0x0, 0xa, 0xff, 0xff, 0xfa,
    0x30, 0x0, 0x0, 0x0, 0xdf, 0xff, 0x81, 0x0,
    0x0, 0x0, 0x0, 0xd, 0xff, 0xfc, 0x50, 0x0,
    0x0, 0x0, 0x0, 0x6e, 0xff, 0xff, 0xe7, 0x0,
    0x0, 0x0, 0x0, 0x5, 0xdf, 0xff, 0xff, 0x92,
    0x0, 0x0, 0x0, 0x0, 0x4b, 0xff, 0xff, 0xfa,
    0x30, 0x0, 0x0, 0x0, 0x3, 0xaf, 0xff, 0xff,
    0xc5, 0x0, 0x0, 0x0, 0x0, 0x18, 0xff, 0xff,
    0xe0, 0x0, 0x0, 0x0, 0x0, 0x0, 0x7e, 0xfe,
    0x0, 0x0, 0x0, 0x0, 0x0, 0x0, 0x5, 0xb0,

    /* U+003D "=" */
    0x8b, 0xbb, 0xbb, 0xbb, 0xbb, 0xbb, 0xb3, 0xbf,
    0xff, 0xff, 0xff, 0xff, 0xff, 0xf5, 0xbf, 0xff,
    0xff, 0xff, 0xff, 0xff, 0xf5, 0x0, 0x0, 0x0,
    0x0, 0x0, 0x0, 0x0, 0x0, 0x0, 0x0, 0x0,
    0x0, 0x0, 0x0, 0x8b, 0xbb, 0xbb, 0xbb, 0xbb,
    0xbb, 0xb3, 0xbf, 0xff, 0xff, 0xff, 0xff, 0xff,
    0xf5, 0xbf, 0xff, 0xff, 0xff, 0xff, 0xff, 0xf5,

    /* U+003E ">" */
    0x0, 0x0, 0x0, 0x0, 0x0, 0x0, 0x0, 0xa,
    0x81, 0x0, 0x0, 0x0, 0x0, 0x0, 0x0, 0xbf,
    0xfa, 0x30, 0x0, 0x0, 0x0, 0x0, 0xb, 0xff,
    0xff, 0xc5, 0x0, 0x0, 0x0, 0x0, 0x29, 0xff,
    0xff, 0xfe, 0x71, 0x0, 0x0, 0x0, 0x0, 0x7d,
    0xff, 0xff, 0xf9, 0x20, 0x0, 0x0, 0x0, 0x4,
    0xbf, 0xff, 0xff, 0xb4, 0x0, 0x0, 0x0, 0x0,
    0x29, 0xff, 0xff, 0xfd, 0x0, 0x0, 0x0, 0x0,
    0x0, 0x6e, 0xff, 0xf0, 0x0, 0x0, 0x0, 0x0,
    0x4b, 0xff, 0xff, 0x0, 0x0, 0x0, 0x6, 0xdf,
    0xff, 0xfe, 0x80, 0x0, 0x1, 0x7e, 0xff, 0xff,
    0xe7, 0x0, 0x0, 0x29, 0xff, 0xff, 0xfc, 0x50,
    0x0, 0x3, 0xbf, 0xff, 0xff, 0xb4, 0x0, 0x0,
    0x0, 0xbf, 0xff, 0xfa, 0x20, 0x0, 0x0, 0x0,
    0xb, 0xfe, 0x81, 0x0, 0x0, 0x0, 0x0, 0x0,
    0x97, 0x0, 0x0, 0x0, 0x0, 0x0, 0x0, 0x0,

    /* U+003F "?" */
    0x0, 0x6, 0xff, 0xff, 0xff, 0xf5, 0x0, 0x0,
    0x6, 0xff, 0xff, 0xff, 0xff, 0xf5, 0x0, 0x5,
    0xff, 0xfd, 0xcc, 0xce, 0xff, 0xf5, 0x1, 0xff,
    0xfc, 0x0, 0x0, 0x1d, 0xff, 0xf2, 0x2f, 0xff,
    0x10, 0x0, 0x0, 0x1f, 0xff, 0x31, 0xcc, 0xc0,
    0x0, 0x0, 0x0, 0xff, 0xf3, 0x0, 0x0, 0x0,
    0x0, 0x0, 0x7f, 0xff, 0x30, 0x0, 0x0, 0x0,
    0x0, 0x7f, 0xff, 0xa0, 0x0, 0x0, 0x0, 0x0,
    0x7f, 0xff, 0xa0, 0x0, 0x0, 0x0, 0x0, 0x7f,
    0xff, 0xa0, 0x0, 0x0, 0x0, 0x0, 0x7f, 0xff,
    0xa0, 0x0, 0x0, 0x0, 0x0, 0xf, 0xff, 0xa0,
    0x0, 0x0, 0x0, 0x0, 0x0, 0xff, 0xf1, 0x0,
    0x0, 0x0, 0x0, 0x0, 0xf, 0xff, 0x10, 0x0,
    0x0, 0x0, 0x0, 0x0, 0xee, 0xe1, 0x0, 0x0,
    0x0, 0x0, 0x0, 0x0, 0x0, 0x0, 0x0, 0x0,
    0x0, 0x0, 0x0, 0x5a, 0x60, 0x0, 0x0, 0x0,
    0x0, 0x0, 0x4f, 0xff, 0x40, 0x0, 0x0, 0x0,
    0x0, 0x5, 0xff, 0xf6, 0x0, 0x0, 0x0, 0x0,
    0x0, 0xb, 0xfc, 0x0, 0x0, 0x0,

    /* U+0040 "@" */
    0x0, 0x0, 0x3, 0x88, 0x88, 0x88, 0x88, 0x85,
    0x0, 0x0, 0x0, 0x0, 0x4, 0xff, 0xff, 0xff,
    0xff, 0xff, 0xf7, 0x0, 0x0, 0x0, 0x4, 0xff,
    0xff, 0xff, 0xff, 0xff, 0xff, 0xf8, 0x0, 0x0,
    0x4, 0xff, 0xfb, 0x0, 0x0, 0x0, 0x6, 0xff,
    0xf8, 0x0, 0x5, 0xff, 0xfb, 0x0, 0x0, 0x0,
    0x0, 0x6, 0xff, 0xf8, 0x5, 0xff, 0xfa, 0x0,
    0x8f, 0xff, 0xe4, 0xff, 0x35, 0xff, 0xf9, 0xbf,
    0xf9, 0x0, 0x8f, 0xff, 0xff, 0xff, 0xf3, 0x4,
    0xff, 0xeb, 0xff, 0x10, 0x7f, 0xfe, 0x77, 0xbf,
    0xff, 0x30, 0xe, 0xfe, 0xbf, 0xf1, 0xb, 0xff,
    0x40, 0x0, 0xcf, 0xf3, 0x0, 0xef, 0xeb, 0xff,
    0x10, 0xbf, 0xf3, 0x0, 0x9, 0xff, 0x30, 0xe,
    0xfe, 0xbf, 0xf1, 0xb, 0xff, 0x30, 0x0, 0x9f,
    0xf3, 0x0, 0xef, 0xeb, 0xff, 0x10, 0xbf, 0xf3,
    0x0, 0xc, 0xff, 0x30, 0x1f, 0xfe, 0xbf, 0xf1,
    0xb, 0xff, 0xb0, 0xa, 0xff, 0xf3, 0xc, 0xff,
    0xbb, 0xff, 0x60, 0x2e, 0xff, 0xff, 0xff, 0xff,
    0xff, 0xff, 0xc0, 0x8f, 0xff, 0x50, 0x2e, 0xff,
    0xff, 0x49, 0xff, 0xff, 0xc0, 0x0, 0x9f, 0xff,
    0x50, 0x27, 0x77, 0x30, 0x6, 0x77, 0x60, 0x0,
    0x0, 0x9f, 0xff, 0x50, 0x0, 0x0, 0x0, 0x0,
    0x0, 0x0, 0x0, 0x0, 0xaf, 0xff, 0x98, 0x88,
    0x88, 0x88, 0x88, 0x86, 0x0, 0x0, 0x0, 0xaf,
    0xff, 0xff, 0xff, 0xff, 0xff, 0xff, 0xb0, 0x0,
    0x0, 0x0, 0xaf, 0xff, 0xff, 0xff, 0xff, 0xff,
    0xfb, 0x0,

    /* U+0041 "A" */
    0x0, 0x0, 0x0, 0xc, 0xff, 0xa0, 0x0, 0x0,
    0x0, 0x0, 0x0, 0x0, 0x2f, 0xff, 0xf0, 0x0,
    0x0, 0x0, 0x0, 0x0, 0x0, 0x8f, 0xff, 0xf5,
    0x0, 0x0, 0x0, 0x0, 0x0, 0x0, 0xdf, 0xff,
    0xfb, 0x0, 0x0, 0x0, 0x0, 0x0, 0x3, 0xff,
    0xbe, 0xff, 0x10, 0x0, 0x0, 0x0, 0x0, 0x9,
    0xff, 0x58, 0xff, 0x60, 0x0, 0x0, 0x0, 0x0,
    0xe, 0xff, 0x3, 0xff, 0xc0, 0x0, 0x0, 0x0,
    0x0, 0x4f, 0xfa, 0x0, 0xdf, 0xf2, 0x0, 0x0,
    0x0, 0x0, 0xaf, 0xf5, 0x0, 0x7f, 0xf7, 0x0,
    0x0, 0x0, 0x0, 0xff, 0xf0, 0x0, 0x2f, 0xfd,
    0x0, 0x0, 0x0, 0x5, 0xff, 0xa0, 0x0, 0xc,
    0xff, 0x30, 0x0, 0x0, 0xb, 0xff, 0x40, 0x0,
    0x7, 0xff, 0x80, 0x0, 0x0, 0x1f, 0xff, 0xbb,
    0xbb, 0xbc, 0xff, 0xe0, 0x0, 0x0, 0x6f, 0xff,
    0xff, 0xff, 0xff, 0xff, 0xf4, 0x0, 0x0, 0xcf,
    0xff, 0xff, 0xff, 0xff, 0xff, 0xf9, 0x0, 0x2,
    0xff, 0xf1, 0x0, 0x0, 0x0, 0x4f, 0xfe, 0x0,
    0x7, 0xff, 0xc0, 0x0, 0x0, 0x0, 0xe, 0xff,
    0x50, 0xd, 0xff, 0x60, 0x0, 0x0, 0x0, 0x9,
    0xff, 0xa0, 0x3f, 0xff, 0x10, 0x0, 0x0, 0x0,
    0x4, 0xff, 0xf0, 0x8f, 0xfb, 0x0, 0x0, 0x0,
    0x0, 0x0, 0xef, 0xf6,

    /* U+0042 "B" */
    0xf, 0xff, 0xff, 0xff, 0xff, 0xff, 0xf5, 0x0,
    0x0, 0xff, 0xff, 0xff, 0xff, 0xff, 0xff, 0xf5,
    0x0, 0xf, 0xff, 0xcc, 0xcc, 0xcc, 0xce, 0xff,
    0xf4, 0x0, 0xff, 0xf2, 0x0, 0x0, 0x0, 0x2e,
    0xff, 0x80, 0xf, 0xff, 0x20, 0x0, 0x0, 0x0,
    0xaf, 0xf8, 0x0, 0xff, 0xf2, 0x0, 0x0, 0x0,
    0xa, 0xff, 0x80, 0xf, 0xff, 0x20, 0x0, 0x0,
    0x0, 0xaf, 0xf8, 0x0, 0xff, 0xf2, 0x0, 0x0,
    0x0, 0xa, 0xff, 0x80, 0xf, 0xff, 0x20, 0x0,
    0x0, 0x5, 0xff, 0xf8, 0x0, 0xff, 0xff, 0xff,
    0xff, 0xff, 0xff, 0xfc, 0x0, 0xf, 0xff, 0xff,
    0xff, 0xff, 0xff, 0xff, 0xc1, 0x0, 0xff, 0xfa,
    0xaa, 0xaa, 0xaa, 0xaf, 0xff, 0xc1, 0xf, 0xff,
    0x20, 0x0, 0x0, 0x0, 0x4f, 0xff, 0x60, 0xff,
    0xf2, 0x0, 0x0, 0x0, 0x0, 0xcf, 0xf6, 0xf,
    0xff, 0x20, 0x0, 0x0, 0x0, 0xc, 0xff, 0x60,
    0xff, 0xf2, 0x0, 0x0, 0x0, 0x0, 0xcf, 0xf6,
    0xf, 0xff, 0x20, 0x0, 0x0, 0x0, 0x5f, 0xff,
    0x60, 0xff, 0xfc, 0xcc, 0xcc, 0xcc, 0xcf, 0xff,
    0xd1, 0xf, 0xff, 0xff, 0xff, 0xff, 0xff, 0xff,
    0xd1, 0x0, 0xff, 0xff, 0xff, 0xff, 0xff, 0xff,
    0xd1, 0x0,

    /* U+0043 "C" */
    0x0, 0xa, 0xff, 0xff, 0xff, 0xff, 0xf8, 0x0,
    0x0, 0xa, 0xff, 0xff, 0xff, 0xff, 0xff, 0xf8,
    0x0, 0x9, 0xff, 0xfe, 0xdd, 0xdd, 0xde, 0xff,
    0xf8, 0x4, 0xff, 0xfc, 0x0, 0x0, 0x0, 0x1d,
    0xff, 0xf2, 0x5f, 0xff, 0x0, 0x0, 0x0, 0x0,
    0x2f, 0xff, 0x25, 0xff, 0xe0, 0x0, 0x0, 0x0,
    0x1, 0xcc, 0xc1, 0x5f, 0xfe, 0x0, 0x0, 0x0,
    0x0, 0x0, 0x0, 0x5, 0xff, 0xe0, 0x0, 0x0,
    0x0, 0x0, 0x0, 0x0, 0x5f, 0xfe, 0x0, 0x0,
    0x0, 0x0, 0x0, 0x0, 0x5, 0xff, 0xe0, 0x0,
    0x0, 0x0, 0x0, 0x0, 0x0, 0x5f, 0xfe, 0x0,
    0x0, 0x0, 0x0, 0x0, 0x0, 0x5, 0xff, 0xe0,
    0x0, 0x0, 0x0, 0x0, 0x0, 0x0, 0x5f, 0xfe,
    0x0, 0x0, 0x0, 0x0, 0x0, 0x0, 0x5, 0xff,
    0xe0, 0x0, 0x0, 0x0, 0x0, 0x0, 0x0, 0x5f,
    0xfe, 0x0, 0x0, 0x0, 0x0, 0x1c, 0xcc, 0x15,
    0xff, 0xf0, 0x0, 0x0, 0x0, 0x2, 0xff, 0xf2,
    0x4f, 0xff, 0xc0, 0x0, 0x0, 0x1, 0xdf, 0xff,
    0x20, 0x9f, 0xff, 0xed, 0xdd, 0xdd, 0xef, 0xff,
    0x80, 0x0, 0xaf, 0xff, 0xff, 0xff, 0xff, 0xff,
    0x80, 0x0, 0x0, 0xaf, 0xff, 0xff, 0xff, 0xff,
    0x80, 0x0,

    /* U+0044 "D" */
    0xf, 0xff, 0xff, 0xff, 0xff, 0xff, 0xf9, 0x0,
    0x0, 0xff, 0xff, 0xff, 0xff, 0xff, 0xff, 0xf9,
    0x0, 0xf, 0xff, 0xdd, 0xdd, 0xdd, 0xde, 0xff,
    0xf8, 0x0, 0xff, 0xf3, 0x0, 0x0, 0x0, 0xc,
    0xff, 0xf5, 0xf, 0xff, 0x30, 0x0, 0x0, 0x0,
    0xe, 0xff, 0x50, 0xff, 0xf3, 0x0, 0x0, 0x0,
    0x0, 0xef, 0xf5, 0xf, 0xff, 0x30, 0x0, 0x0,
    0x0, 0xe, 0xff, 0x50, 0xff, 0xf3, 0x0, 0x0,
    0x0, 0x0, 0xef, 0xf5, 0xf, 0xff, 0x30, 0x0,
    0x0, 0x0, 0xe, 0xff, 0x50, 0xff, 0xf3, 0x0,
    0x0, 0x0, 0x0, 0xef, 0xf5, 0xf, 0xff, 0x30,
    0x0, 0x0, 0x0, 0xe, 0xff, 0x50, 0xff, 0xf3,
    0x0, 0x0, 0x0, 0x0, 0xef, 0xf5, 0xf, 0xff,
    0x30, 0x0, 0x0, 0x0, 0xe, 0xff, 0x50, 0xff,
    0xf3, 0x0, 0x0, 0x0, 0x0, 0xef, 0xf5, 0xf,
    0xff, 0x30, 0x0, 0x0, 0x0, 0xe, 0xff, 0x50,
    0xff, 0xf3, 0x0, 0x0, 0x0, 0x0, 0xef, 0xf5,
    0xf, 0xff, 0x30, 0x0, 0x0, 0x0, 0xcf, 0xff,
    0x50, 0xff, 0xfd, 0xdd, 0xdd, 0xdd, 0xef, 0xff,
    0x90, 0xf, 0xff, 0xff, 0xff, 0xff, 0xff, 0xff,
    0x90, 0x0, 0xff, 0xff, 0xff, 0xff, 0xff, 0xff,
    0x90, 0x0,

    /* U+0045 "E" */
    0xf, 0xff, 0xff, 0xff, 0xff, 0xff, 0xff, 0xa0,
    0xff, 0xff, 0xff, 0xff, 0xff, 0xff, 0xfa, 0xf,
    0xff, 0xdc, 0xcc, 0xcc, 0xcc, 0xcc, 0x70, 0xff,
    0xf3, 0x0, 0x0, 0x0, 0x0, 0x0, 0xf, 0xff,
    0x30, 0x0, 0x0, 0x0, 0x0, 0x0, 0xff, 0xf3,
    0x0, 0x0, 0x0, 0x0, 0x0, 0xf, 0xff, 0x30,
    0x0, 0x0, 0x0, 0x0, 0x0, 0xff, 0xf3, 0x0,
    0x0, 0x0, 0x0, 0x0, 0xf, 0xff, 0x30, 0x0,
    0x0, 0x0, 0x0, 0x0, 0xff, 0xff, 0xff, 0xff,
    0xff, 0xff, 0xd0, 0xf, 0xff, 0xff, 0xff, 0xff,
    0xff, 0xfd, 0x0, 0xff, 0xfd, 0xcc, 0xcc, 0xcc,
    0xcc, 0x90, 0xf, 0xff, 0x30, 0x0, 0x0, 0x0,
    0x0, 0x0, 0xff, 0xf3, 0x0, 0x0, 0x0, 0x0,
    0x0, 0xf, 0xff, 0x30, 0x0, 0x0, 0x0, 0x0,
    0x0, 0xff, 0xf3, 0x0, 0x0, 0x0, 0x0, 0x0,
    0xf, 0xff, 0x30, 0x0, 0x0, 0x0, 0x0, 0x0,
    0xff, 0xfd, 0xcc, 0xcc, 0xcc, 0xcc, 0xc7, 0xf,
    0xff, 0xff, 0xff, 0xff, 0xff, 0xff, 0xa0, 0xff,
    0xff, 0xff, 0xff, 0xff, 0xff, 0xfa,

    /* U+0046 "F" */
    0xf, 0xff, 0xff, 0xff, 0xff, 0xff, 0xff, 0x50,
    0xff, 0xff, 0xff, 0xff, 0xff, 0xff, 0xf5, 0xf,
    0xff, 0xdc, 0xcc, 0xcc, 0xcc, 0xcc, 0x40, 0xff,
    0xf3, 0x0, 0x0, 0x0, 0x0, 0x0, 0xf, 0xff,
    0x30, 0x0, 0x0, 0x0, 0x0, 0x0, 0xff, 0xf3,
    0x0, 0x0, 0x0, 0x0, 0x0, 0xf, 0xff, 0x30,
    0x0, 0x0, 0x0, 0x0, 0x0, 0xff, 0xf3, 0x0,
    0x0, 0x0, 0x0, 0x0, 0xf, 0xff, 0x30, 0x0,
    0x0, 0x0, 0x0, 0x0, 0xff, 0xfd, 0xcc, 0xcc,
    0xcc, 0xcc, 0x0, 0xf, 0xff, 0xff, 0xff, 0xff,
    0xff, 0xf0, 0x0, 0xff, 0xff, 0xff, 0xff, 0xff,
    0xff, 0x0, 0xf, 0xff, 0x30, 0x0, 0x0, 0x0,
    0x0, 0x0, 0xff, 0xf3, 0x0, 0x0, 0x0, 0x0,
    0x0, 0xf, 0xff, 0x30, 0x0, 0x0, 0x0, 0x0,
    0x0, 0xff, 0xf3, 0x0, 0x0, 0x0, 0x0, 0x0,
    0xf, 0xff, 0x30, 0x0, 0x0, 0x0, 0x0, 0x0,
    0xff, 0xf3, 0x0, 0x0, 0x0, 0x0, 0x0, 0xf,
    0xff, 0x30, 0x0, 0x0, 0x0, 0x0, 0x0, 0xff,
    0xf3, 0x0, 0x0, 0x0, 0x0, 0x0,

    /* U+0047 "G" */
    0x0, 0xa, 0xff, 0xff, 0xff, 0xff, 0xfa, 0x0,
    0x0, 0xa, 0xff, 0xff, 0xff, 0xff, 0xff, 0xfa,
    0x0, 0x9, 0xff, 0xfe, 0xdd, 0xdd, 0xdd, 0xff,
    0xfa, 0x4, 0xff, 0xfc, 0x0, 0x0, 0x0, 0xb,
    0xff, 0xf4, 0x5f, 0xff, 0x10, 0x0, 0x0, 0x0,
    0xf, 0xff, 0x45, 0xff, 0xe0, 0x0, 0x0, 0x0,
    0x0, 0xcd, 0xd3, 0x5f, 0xfe, 0x0, 0x0, 0x0,
    0x0, 0x0, 0x0, 0x5, 0xff, 0xe0, 0x0, 0x0,
    0x0, 0x0, 0x0, 0x0, 0x5f, 0xfe, 0x0, 0x0,
    0x0, 0x0, 0x0, 0x0, 0x5, 0xff, 0xe0, 0x0,
    0x1, 0xdd, 0xdd, 0xdd, 0xd3, 0x5f, 0xfe, 0x0,
    0x0, 0x2f, 0xff, 0xff, 0xff, 0x45, 0xff, 0xe0,
    0x0, 0x2, 0xff, 0xff, 0xff, 0xf4, 0x5f, 0xfe,
    0x0, 0x0, 0x0, 0x0, 0xd, 0xff, 0x45, 0xff,
    0xe0, 0x0, 0x0, 0x0, 0x0, 0xdf, 0xf4, 0x5f,
    0xfe, 0x0, 0x0, 0x0, 0x0, 0xd, 0xff, 0x45,
    0xff, 0xf0, 0x0, 0x0, 0x0, 0x0, 0xef, 0xf4,
    0x4f, 0xff, 0xc0, 0x0, 0x0, 0x0, 0xbf, 0xff,
    0x40, 0x9f, 0xff, 0xed, 0xdd, 0xdd, 0xdf, 0xff,
    0x90, 0x0, 0xaf, 0xff, 0xff, 0xff, 0xff, 0xff,
    0x90, 0x0, 0x0, 0xaf, 0xff, 0xff, 0xff, 0xff,
    0xa0, 0x0,

    /* U+0048 "H" */
    0xf, 0xff, 0x30, 0x0, 0x0, 0x0, 0xe, 0xff,
    0x50, 0xff, 0xf3, 0x0, 0x0, 0x0, 0x0, 0xef,
    0xf5, 0xf, 0xff, 0x30, 0x0, 0x0, 0x0, 0xe,
    0xff, 0x50, 0xff, 0xf3, 0x0, 0x0, 0x0, 0x0,
    0xef, 0xf5, 0xf, 0xff, 0x30, 0x0, 0x0, 0x0,
    0xe, 0xff, 0x50, 0xff, 0xf3, 0x0, 0x0, 0x0,
    0x0, 0xef, 0xf5, 0xf, 0xff, 0x30, 0x0, 0x0,
    0x0, 0xe, 0xff, 0x50, 0xff, 0xf3, 0x0, 0x0,
    0x0, 0x0, 0xef, 0xf5, 0xf, 0xff, 0x30, 0x0,
    0x0, 0x0, 0xe, 0xff, 0x50, 0xff, 0xff, 0xff,
    0xff, 0xff, 0xff, 0xff, 0xf5, 0xf, 0xff, 0xff,
    0xff, 0xff, 0xff, 0xff, 0xff, 0x50, 0xff, 0xfd,
    0xdd, 0xdd, 0xdd, 0xdd, 0xff, 0xf5, 0xf, 0xff,
    0x30, 0x0, 0x0, 0x0, 0xe, 0xff, 0x50, 0xff,
    0xf3, 0x0, 0x0, 0x0, 0x0, 0xef, 0xf5, 0xf,
    0xff, 0x30, 0x0, 0x0, 0x0, 0xe, 0xff, 0x50,
    0xff, 0xf3, 0x0, 0x0, 0x0, 0x0, 0xef, 0xf5,
    0xf, 0xff, 0x30, 0x0, 0x0, 0x0, 0xe, 0xff,
    0x50, 0xff, 0xf3, 0x0, 0x0, 0x0, 0x0, 0xef,
    0xf5, 0xf, 0xff, 0x30, 0x0, 0x0, 0x0, 0xe,
    0xff, 0x50, 0xff, 0xf3, 0x0, 0x0, 0x0, 0x0,
    0xef, 0xf5,

    /* U+0049 "I" */
    0xef, 0xf5, 0xef, 0xf5, 0xef, 0xf5, 0xef, 0xf5,
    0xef, 0xf5, 0xef, 0xf5, 0xef, 0xf5, 0xef, 0xf5,
    0xef, 0xf5, 0xef, 0xf5, 0xef, 0xf5, 0xef, 0xf5,
    0xef, 0xf5, 0xef, 0xf5, 0xef, 0xf5, 0xef, 0xf5,
    0xef, 0xf5, 0xef, 0xf5, 0xef, 0xf5, 0xef, 0xf5,

    /* U+004A "J" */
    0x0, 0x0, 0x0, 0x0, 0x0, 0xf, 0xff, 0x30,
    0x0, 0x0, 0x0, 0x0, 0x0, 0xff, 0xf3, 0x0,
    0x0, 0x0, 0x0, 0x0, 0xf, 0xff, 0x30, 0x0,
    0x0, 0x0, 0x0, 0x0, 0xff, 0xf3, 0x0, 0x0,
    0x0, 0x0, 0x0, 0xf, 0xff, 0x30, 0x0, 0x0,
    0x0, 0x0, 0x0, 0xff, 0xf3, 0x0, 0x0, 0x0,
    0x0, 0x0, 0xf, 0xff, 0x30, 0x0, 0x0, 0x0,
    0x0, 0x0, 0xff, 0xf3, 0x0, 0x0, 0x0, 0x0,
    0x0, 0xf, 0xff, 0x30, 0x0, 0x0, 0x0, 0x0,
    0x0, 0xff, 0xf3, 0x0, 0x0, 0x0, 0x0, 0x0,
    0xf, 0xff, 0x30, 0x0, 0x0, 0x0, 0x0, 0x0,
    0xff, 0xf3, 0x0, 0x0, 0x0, 0x0, 0x0, 0xf,
    0xff, 0x33, 0xcc, 0xa0, 0x0, 0x0, 0x0, 0xff,
    0xf3, 0x4f, 0xfd, 0x0, 0x0, 0x0, 0xf, 0xff,
    0x34, 0xff, 0xe0, 0x0, 0x0, 0x1, 0xff, 0xf3,
    0x4f, 0xff, 0xb0, 0x0, 0x0, 0xcf, 0xff, 0x30,
    0x8f, 0xff, 0xed, 0xdd, 0xef, 0xff, 0x90, 0x0,
    0x8f, 0xff, 0xff, 0xff, 0xff, 0x90, 0x0, 0x0,
    0x8f, 0xff, 0xff, 0xff, 0x90, 0x0,

    /* U+004B "K" */
    0xf, 0xff, 0x30, 0x0, 0x0, 0x0, 0xbf, 0xfd,
    0x0, 0xff, 0xf3, 0x0, 0x0, 0x0, 0x4f, 0xff,
    0x50, 0xf, 0xff, 0x30, 0x0, 0x0, 0xc, 0xff,
    0xc0, 0x0, 0xff, 0xf3, 0x0, 0x0, 0x5, 0xff,
    0xf3, 0x0, 0xf, 0xff, 0x30, 0x0, 0x0, 0xdf,
    0xfb, 0x0, 0x0, 0xff, 0xf3, 0x0, 0x0, 0x6f,
    0xff, 0x20, 0x0, 0xf, 0xff, 0x30, 0x0, 0xe,
    0xff, 0x90, 0x0, 0x0, 0xff, 0xf3, 0x0, 0x7,
    0xff, 0xf1, 0x0, 0x0, 0xf, 0xff, 0x30, 0x1,
    0xff, 0xf7, 0x0, 0x0, 0x0, 0xff, 0xff, 0xff,
    0xff, 0xfe, 0x0, 0x0, 0x0, 0xf, 0xff, 0xff,
    0xff, 0xff, 0xa0, 0x0, 0x0, 0x0, 0xff, 0xfd,
    0xdd, 0xdf, 0xff, 0x30, 0x0, 0x0, 0xf, 0xff,
    0x30, 0x0, 0xdf, 0xfd, 0x0, 0x0, 0x0, 0xff,
    0xf3, 0x0, 0x3, 0xff, 0xf7, 0x0, 0x0, 0xf,
    0xff, 0x30, 0x0, 0x9, 0xff, 0xf2, 0x0, 0x0,
    0xff, 0xf3, 0x0, 0x0, 0xe, 0xff, 0xc0, 0x0,
    0xf, 0xff, 0x30, 0x0, 0x0, 0x4f, 0xff, 0x60,
    0x0, 0xff, 0xf3, 0x0, 0x0, 0x0, 0xaf, 0xff,
    0x10, 0xf, 0xff, 0x30, 0x0, 0x0, 0x1, 0xef,
    0xfa, 0x0, 0xff, 0xf3, 0x0, 0x0, 0x0, 0x6,
    0xff, 0xf5,

    /* U+004C "L" */
    0xf, 0xff, 0x30, 0x0, 0x0, 0x0, 0x0, 0x0,
    0xff, 0xf3, 0x0, 0x0, 0x0, 0x0, 0x0, 0xf,
    0xff, 0x30, 0x0, 0x0, 0x0, 0x0, 0x0, 0xff,
    0xf3, 0x0, 0x0, 0x0, 0x0, 0x0, 0xf, 0xff,
    0x30, 0x0, 0x0, 0x0, 0x0, 0x0, 0xff, 0xf3,
    0x0, 0x0, 0x0, 0x0, 0x0, 0xf, 0xff, 0x30,
    0x0, 0x0, 0x0, 0x0, 0x0, 0xff, 0xf3, 0x0,
    0x0, 0x0, 0x0, 0x0, 0xf, 0xff, 0x30, 0x0,
    0x0, 0x0, 0x0, 0x0, 0xff, 0xf3, 0x0, 0x0,
    0x0, 0x0, 0x0, 0xf, 0xff, 0x30, 0x0, 0x0,
    0x0, 0x0, 0x0, 0xff, 0xf3, 0x0, 0x0, 0x0,
    0x0, 0x0, 0xf, 0xff, 0x30, 0x0, 0x0, 0x0,
    0x0, 0x0, 0xff, 0xf3, 0x0, 0x0, 0x0, 0x0,
    0x0, 0xf, 0xff, 0x30, 0x0, 0x0, 0x0, 0x0,
    0x0, 0xff, 0xf3, 0x0, 0x0, 0x0, 0x0, 0x0,
    0xf, 0xff, 0x30, 0x0, 0x0, 0x0, 0x0, 0x0,
    0xff, 0xfd, 0xcc, 0xcc, 0xcc, 0xcc, 0xc0, 0xf,
    0xff, 0xff, 0xff, 0xff, 0xff, 0xff, 0x10, 0xff,
    0xff, 0xff, 0xff, 0xff, 0xff, 0xf1,

    /* U+004D "M" */
    0xf, 0xff, 0x40, 0x0, 0x0, 0x0, 0x0, 0x1,
    0xff, 0xf4, 0xf, 0xff, 0xb0, 0x0, 0x0, 0x0,
    0x0, 0x8, 0xff, 0xf4, 0xf, 0xff, 0xf2, 0x0,
    0x0, 0x0, 0x0, 0xe, 0xff, 0xf4, 0xf, 0xff,
    0xf9, 0x0, 0x0, 0x0, 0x0, 0x6f, 0xff, 0xf4,
    0xf, 0xff, 0xff, 0x10, 0x0, 0x0, 0x0, 0xdf,
    0xff, 0xf4, 0xf, 0xff, 0xff, 0x70, 0x0, 0x0,
    0x4, 0xff, 0xff, 0xf4, 0xf, 0xff, 0xff, 0xe0,
    0x0, 0x0, 0xb, 0xff, 0xff, 0xf4, 0xf, 0xff,
    0x8f, 0xf5, 0x0, 0x0, 0x2f, 0xfa, 0xdf, 0xf4,
    0xf, 0xff, 0x2f, 0xfc, 0x0, 0x0, 0x9f, 0xf3,
    0xdf, 0xf4, 0xf, 0xff, 0x19, 0xff, 0x30, 0x1,
    0xff, 0xc0, 0xdf, 0xf4, 0xf, 0xff, 0x12, 0xff,
    0xa0, 0x7, 0xff, 0x50, 0xdf, 0xf4, 0xf, 0xff,
    0x10, 0xaf, 0xf1, 0xe, 0xfd, 0x0, 0xdf, 0xf4,
    0xf, 0xff, 0x10, 0x3f, 0xf8, 0x5f, 0xf6, 0x0,
    0xdf, 0xf4, 0xf, 0xff, 0x10, 0xc, 0xfe, 0xcf,
    0xe0, 0x0, 0xdf, 0xf4, 0xf, 0xff, 0x10, 0x4,
    0xff, 0xff, 0x70, 0x0, 0xdf, 0xf4, 0xf, 0xff,
    0x10, 0x0, 0xdf, 0xff, 0x10, 0x0, 0xdf, 0xf4,
    0xf, 0xff, 0x10, 0x0, 0x6f, 0xf9, 0x0, 0x0,
    0xdf, 0xf4, 0xf, 0xff, 0x10, 0x0, 0x7, 0x71,
    0x0, 0x0, 0xdf, 0xf4, 0xf, 0xff, 0x10, 0x0,
    0x0, 0x0, 0x0, 0x0, 0xdf, 0xf4, 0xf, 0xff,
    0x10, 0x0, 0x0, 0x0, 0x0, 0x0, 0xdf, 0xf4,

    /* U+004E "N" */
    0xf, 0xff, 0x30, 0x0, 0x0, 0x0, 0xc, 0xff,
    0x50, 0xff, 0xfd, 0x0, 0x0, 0x0, 0x0, 0xcf,
    0xf5, 0xf, 0xff, 0xf8, 0x0, 0x0, 0x0, 0xc,
    0xff, 0x50, 0xff, 0xff, 0xf2, 0x0, 0x0, 0x0,
    0xcf, 0xf5, 0xf, 0xff, 0xff, 0xc0, 0x0, 0x0,
    0xc, 0xff, 0x50, 0xff, 0xfe, 0xff, 0x60, 0x0,
    0x0, 0xcf, 0xf5, 0xf, 0xff, 0x4f, 0xff, 0x10,
    0x0, 0xc, 0xff, 0x50, 0xff, 0xf1, 0x9f, 0xfb,
    0x0, 0x0, 0xcf, 0xf5, 0xf, 0xff, 0x10, 0xef,
    0xf5, 0x0, 0xc, 0xff, 0x50, 0xff, 0xf1, 0x5,
    0xff, 0xe0, 0x0, 0xcf, 0xf5, 0xf, 0xff, 0x10,
    0xa, 0xff, 0x90, 0xc, 0xff, 0x50, 0xff, 0xf1,
    0x0, 0x1f, 0xff, 0x30, 0xcf, 0xf5, 0xf, 0xff,
    0x10, 0x0, 0x6f, 0xfd, 0xc, 0xff, 0x50, 0xff,
    0xf1, 0x0, 0x0, 0xcf, 0xf8, 0xcf, 0xf5, 0xf,
    0xff, 0x10, 0x0, 0x2, 0xff, 0xfe, 0xff, 0x50,
    0xff, 0xf1, 0x0, 0x0, 0x8, 0xff, 0xff, 0xf5,
    0xf, 0xff, 0x10, 0x0, 0x0, 0xd, 0xff, 0xff,
    0x50, 0xff, 0xf1, 0x0, 0x0, 0x0, 0x3f, 0xff,
    0xf5, 0xf, 0xff, 0x10, 0x0, 0x0, 0x0, 0x9f,
    0xff, 0x50, 0xff, 0xf1, 0x0, 0x0, 0x0, 0x0,
    0xef, 0xf5,

    /* U+004F "O" */
    0x0, 0xa, 0xff, 0xff, 0xff, 0xff, 0xfe, 0x20,
    0x0, 0xa, 0xff, 0xff, 0xff, 0xff, 0xff, 0xfe,
    0x20, 0x9, 0xff, 0xfe, 0xdd, 0xdd, 0xdd, 0xff,
    0xfe, 0x24, 0xff, 0xfc, 0x0, 0x0, 0x0, 0x7,
    0xff, 0xfa, 0x5f, 0xff, 0x0, 0x0, 0x0, 0x0,
    0xa, 0xff, 0xb5, 0xff, 0xe0, 0x0, 0x0, 0x0,
    0x0, 0x8f, 0xfb, 0x5f, 0xfe, 0x0, 0x0, 0x0,
    0x0, 0x8, 0xff, 0xb5, 0xff, 0xe0, 0x0, 0x0,
    0x0, 0x0, 0x8f, 0xfb, 0x5f, 0xfe, 0x0, 0x0,
    0x0, 0x0, 0x8, 0xff, 0xb5, 0xff, 0xe0, 0x0,
    0x0, 0x0, 0x0, 0x8f, 0xfb, 0x5f, 0xfe, 0x0,
    0x0, 0x0, 0x0, 0x8, 0xff, 0xb5, 0xff, 0xe0,
    0x0, 0x0, 0x0, 0x0, 0x8f, 0xfb, 0x5f, 0xfe,
    0x0, 0x0, 0x0, 0x0, 0x8, 0xff, 0xb5, 0xff,
    0xe0, 0x0, 0x0, 0x0, 0x0, 0x8f, 0xfb, 0x5f,
    0xfe, 0x0, 0x0, 0x0, 0x0, 0x8, 0xff, 0xb5,
    0xff, 0xf0, 0x0, 0x0, 0x0, 0x0, 0xaf, 0xfb,
    0x4f, 0xff, 0xc0, 0x0, 0x0, 0x0, 0x7f, 0xff,
    0xa0, 0x9f, 0xff, 0xed, 0xdd, 0xdd, 0xdf, 0xff,
    0xe2, 0x0, 0xaf, 0xff, 0xff, 0xff, 0xff, 0xff,
    0xe2, 0x0, 0x0, 0xaf, 0xff, 0xff, 0xff, 0xff,
    0xe2, 0x0,

    /* U+0050 "P" */
    0xf, 0xff, 0xff, 0xff, 0xff, 0xff, 0xf6, 0x0,
    0xf, 0xff, 0xff, 0xff, 0xff, 0xff, 0xff, 0x60,
    0xf, 0xff, 0xcc, 0xcc, 0xcc, 0xcd, 0xff, 0xf5,
    0xf, 0xff, 0x30, 0x0, 0x0, 0x0, 0xcf, 0xfc,
    0xf, 0xff, 0x30, 0x0, 0x0, 0x0, 0x7f, 0xfc,
    0xf, 0xff, 0x30, 0x0, 0x0, 0x0, 0x7f, 0xfc,
    0xf, 0xff, 0x30, 0x0, 0x0, 0x0, 0x7f, 0xfc,
    0xf, 0xff, 0x30, 0x0, 0x0, 0x0, 0x7f, 0xfc,
    0xf, 0xff, 0x30, 0x0, 0x0, 0x0, 0x7f, 0xfc,
    0xf, 0xff, 0x30, 0x0, 0x0, 0x2, 0xef, 0xfb,
    0xf, 0xff, 0xff, 0xff, 0xff, 0xff, 0xff, 0xe2,
    0xf, 0xff, 0xff, 0xff, 0xff, 0xff, 0xfe, 0x20,
    0xf, 0xff, 0xcc, 0xcc, 0xcc, 0xcc, 0xb2, 0x0,
    0xf, 0xff, 0x30, 0x0, 0x0, 0x0, 0x0, 0x0,
    0xf, 0xff, 0x30, 0x0, 0x0, 0x0, 0x0, 0x0,
    0xf, 0xff, 0x30, 0x0, 0x0, 0x0, 0x0, 0x0,
    0xf, 0xff, 0x30, 0x0, 0x0, 0x0, 0x0, 0x0,
    0xf, 0xff, 0x30, 0x0, 0x0, 0x0, 0x0, 0x0,
    0xf, 0xff, 0x30, 0x0, 0x0, 0x0, 0x0, 0x0,
    0xf, 0xff, 0x30, 0x0, 0x0, 0x0, 0x0, 0x0,

    /* U+0051 "Q" */
    0x0, 0xa, 0xff, 0xff, 0xff, 0xff, 0xfe, 0x20,
    0x0, 0x0, 0xaf, 0xff, 0xff, 0xff, 0xff, 0xff,
    0xe2, 0x0, 0x9, 0xff, 0xfe, 0xdd, 0xdd, 0xdd,
    0xff, 0xfe, 0x20, 0x4f, 0xff, 0xc0, 0x0, 0x0,
    0x0, 0x7f, 0xff, 0xa0, 0x5f, 0xff, 0x0, 0x0,
    0x0, 0x0, 0xa, 0xff, 0xb0, 0x5f, 0xfe, 0x0,
    0x0, 0x0, 0x0, 0x8, 0xff, 0xb0, 0x5f, 0xfe,
    0x0, 0x0, 0x0, 0x0, 0x8, 0xff, 0xb0, 0x5f,
    0xfe, 0x0, 0x0, 0x0, 0x0, 0x8, 0xff, 0xb0,
    0x5f, 0xfe, 0x0, 0x0, 0x0, 0x0, 0x8, 0xff,
    0xb0, 0x5f, 0xfe, 0x0, 0x0, 0x0, 0x0, 0x8,
    0xff, 0xb0, 0x5f, 0xfe, 0x0, 0x0, 0x0, 0x0,
    0x8, 0xff, 0xb0, 0x5f, 0xfe, 0x0, 0x0, 0x0,
    0x0, 0x8, 0xff, 0xb0, 0x5f, 0xfe, 0x0, 0x0,
    0x0, 0x0, 0x8, 0xff, 0xb0, 0x5f, 0xfe, 0x0,
    0x0, 0x0, 0x0, 0x8, 0xff, 0xb0, 0x5f, 0xfe,
    0x0, 0x0, 0x0, 0x0, 0x8, 0xff, 0xb0, 0x5f,
    0xff, 0x0, 0x0, 0x0, 0x0, 0xa, 0xff, 0xb0,
    0x4f, 0xff, 0xc0, 0x0, 0x0, 0x0, 0x7f, 0xff,
    0xa0, 0x9, 0xff, 0xfe, 0xdd, 0xdd, 0xdd, 0xff,
    0xfe, 0x20, 0x0, 0xaf, 0xff, 0xff, 0xff, 0xff,
    0xff, 0xe2, 0x0, 0x0, 0xa, 0xff, 0xff, 0xff,
    0xff, 0xff, 0xf4, 0x0, 0x0, 0x0, 0x0, 0x0,
    0x0, 0x0, 0xcf, 0xff, 0x40, 0x0, 0x0, 0x0,
    0x0, 0x0, 0x0, 0xc, 0xff, 0xf1, 0x0, 0x0,
    0x0, 0x0, 0x0, 0x0, 0x0, 0xcf, 0x70, 0x0,
    0x0, 0x0, 0x0, 0x0, 0x0, 0x0, 0x5, 0x0,

    /* U+0052 "R" */
    0xf, 0xff, 0xff, 0xff, 0xff, 0xff, 0xf6, 0x0,
    0xf, 0xff, 0xff, 0xff, 0xff, 0xff, 0xff, 0x60,
    0xf, 0xff, 0xcc, 0xcc, 0xcc, 0xcd, 0xff, 0xf5,
    0xf, 0xff, 0x30, 0x0, 0x0, 0x0, 0xcf, 0xfc,
    0xf, 0xff, 0x30, 0x0, 0x0, 0x0, 0x7f, 0xfc,
    0xf, 0xff, 0x30, 0x0, 0x0, 0x0, 0x7f, 0xfc,
    0xf, 0xff, 0x30, 0x0, 0x0, 0x0, 0x7f, 0xfc,
    0xf, 0xff, 0x30, 0x0, 0x0, 0x0, 0x7f, 0xfc,
    0xf, 0xff, 0x30, 0x0, 0x0, 0x0, 0xcf, 0xfc,
    0xf, 0xff, 0xcb, 0xbb, 0xbb, 0xbd, 0xff, 0xf5,
    0xf, 0xff, 0xff, 0xff, 0xff, 0xff, 0xff, 0x50,
    0xf, 0xff, 0xff, 0xff, 0xff, 0xff, 0xfe, 0x20,
    0xf, 0xff, 0x30, 0x0, 0x0, 0x1d, 0xff, 0xd1,
    0xf, 0xff, 0x30, 0x0, 0x0, 0x2, 0xef, 0xfc,
    0xf, 0xff, 0x30, 0x0, 0x0, 0x0, 0x6f, 0xfd,
    0xf, 0xff, 0x30, 0x0, 0x0, 0x0, 0x6f, 0xfd,
    0xf, 0xff, 0x30, 0x0, 0x0, 0x0, 0x6f, 0xfd,
    0xf, 0xff, 0x30, 0x0, 0x0, 0x0, 0x6f, 0xfd,
    0xf, 0xff, 0x30, 0x0, 0x0, 0x0, 0x6f, 0xfd,
    0xf, 0xff, 0x30, 0x0, 0x0, 0x0, 0x6f, 0xfd,

    /* U+0053 "S" */
    0x0, 0x2e, 0xff, 0xff, 0xff, 0xff, 0x90, 0x0,
    0x2, 0xef, 0xff, 0xff, 0xff, 0xff, 0xf9, 0x0,
    0x2e, 0xff, 0xfd, 0xdd, 0xdd, 0xdf, 0xff, 0x90,
    0x6f, 0xff, 0x30, 0x0, 0x0, 0x9, 0xff, 0xf0,
    0x6f, 0xfc, 0x0, 0x0, 0x0, 0x3, 0xff, 0xf0,
    0x6f, 0xfc, 0x0, 0x0, 0x0, 0x1, 0x66, 0x60,
    0x6f, 0xfc, 0x0, 0x0, 0x0, 0x0, 0x0, 0x0,
    0x6f, 0xff, 0x30, 0x0, 0x0, 0x0, 0x0, 0x0,
    0x2e, 0xff, 0xfd, 0xdd, 0xdd, 0xdd, 0x90, 0x0,
    0x2, 0xef, 0xff, 0xff, 0xff, 0xff, 0xf9, 0x0,
    0x0, 0x2e, 0xff, 0xff, 0xff, 0xff, 0xff, 0x90,
    0x0, 0x0, 0x0, 0x0, 0x0, 0x9, 0xff, 0xf3,
    0x0, 0x0, 0x0, 0x0, 0x0, 0x0, 0xff, 0xf3,
    0x0, 0x0, 0x0, 0x0, 0x0, 0x0, 0xff, 0xf3,
    0x38, 0x86, 0x0, 0x0, 0x0, 0x0, 0xff, 0xf3,
    0x7f, 0xfb, 0x0, 0x0, 0x0, 0x0, 0xff, 0xf3,
    0x7f, 0xff, 0x30, 0x0, 0x0, 0x7, 0xff, 0xf3,
    0x2e, 0xff, 0xfd, 0xdd, 0xdd, 0xdf, 0xff, 0xb0,
    0x2, 0xef, 0xff, 0xff, 0xff, 0xff, 0xfb, 0x0,
    0x0, 0x2e, 0xff, 0xff, 0xff, 0xff, 0xb0, 0x0,

    /* U+0054 "T" */
    0x7f, 0xff, 0xff, 0xff, 0xff, 0xff, 0xff, 0xf9,
    0x7f, 0xff, 0xff, 0xff, 0xff, 0xff, 0xff, 0xf9,
    0x5c, 0xcc, 0xcc, 0xef, 0xfe, 0xcc, 0xcc, 0xc7,
    0x0, 0x0, 0x0, 0x9f, 0xfb, 0x0, 0x0, 0x0,
    0x0, 0x0, 0x0, 0x9f, 0xfb, 0x0, 0x0, 0x0,
    0x0, 0x0, 0x0, 0x9f, 0xfb, 0x0, 0x0, 0x0,
    0x0, 0x0, 0x0, 0x9f, 0xfb, 0x0, 0x0, 0x0,
    0x0, 0x0, 0x0, 0x9f, 0xfb, 0x0, 0x0, 0x0,
    0x0, 0x0, 0x0, 0x9f, 0xfb, 0x0, 0x0, 0x0,
    0x0, 0x0, 0x0, 0x9f, 0xfb, 0x0, 0x0, 0x0,
    0x0, 0x0, 0x0, 0x9f, 0xfb, 0x0, 0x0, 0x0,
    0x0, 0x0, 0x0, 0x9f, 0xfb, 0x0, 0x0, 0x0,
    0x0, 0x0, 0x0, 0x9f, 0xfb, 0x0, 0x0, 0x0,
    0x0, 0x0, 0x0, 0x9f, 0xfb, 0x0, 0x0, 0x0,
    0x0, 0x0, 0x0, 0x9f, 0xfb, 0x0, 0x0, 0x0,
    0x0, 0x0, 0x0, 0x9f, 0xfb, 0x0, 0x0, 0x0,
    0x0, 0x0, 0x0, 0x9f, 0xfb, 0x0, 0x0, 0x0,
    0x0, 0x0, 0x0, 0x9f, 0xfb, 0x0, 0x0, 0x0,
    0x0, 0x0, 0x0, 0x9f, 0xfb, 0x0, 0x0, 0x0,
    0x0, 0x0, 0x0, 0x9f, 0xfb, 0x0, 0x0, 0x0,

    /* U+0055 "U" */
    0xf, 0xff, 0x30, 0x0, 0x0, 0x0, 0xd, 0xff,
    0x60, 0xff, 0xf3, 0x0, 0x0, 0x0, 0x0, 0xdf,
    0xf6, 0xf, 0xff, 0x30, 0x0, 0x0, 0x0, 0xd,
    0xff, 0x60, 0xff, 0xf3, 0x0, 0x0, 0x0, 0x0,
    0xdf, 0xf6, 0xf, 0xff, 0x30, 0x0, 0x0, 0x0,
    0xd, 0xff, 0x60, 0xff, 0xf3, 0x0, 0x0, 0x0,
    0x0, 0xdf, 0xf6, 0xf, 0xff, 0x30, 0x0, 0x0,
    0x0, 0xd, 0xff, 0x60, 0xff, 0xf3, 0x0, 0x0,
    0x0, 0x0, 0xdf, 0xf6, 0xf, 0xff, 0x30, 0x0,
    0x0, 0x0, 0xd, 0xff, 0x60, 0xff, 0xf3, 0x0,
    0x0, 0x0, 0x0, 0xdf, 0xf6, 0xf, 0xff, 0x30,
    0x0, 0x0, 0x0, 0xd, 0xff, 0x60, 0xff, 0xf3,
    0x0, 0x0, 0x0, 0x0, 0xdf, 0xf6, 0xf, 0xff,
    0x30, 0x0, 0x0, 0x0, 0xd, 0xff, 0x60, 0xff,
    0xf3, 0x0, 0x0, 0x0, 0x0, 0xdf, 0xf6, 0xf,
    0xff, 0x30, 0x0, 0x0, 0x0, 0xd, 0xff, 0x60,
    0xff, 0xf4, 0x0, 0x0, 0x0, 0x0, 0xef, 0xf6,
    0xf, 0xff, 0xe2, 0x0, 0x0, 0x0, 0xbf, 0xff,
    0x60, 0x4f, 0xff, 0xfd, 0xdd, 0xdd, 0xdf, 0xff,
    0x90, 0x0, 0x4f, 0xff, 0xff, 0xff, 0xff, 0xff,
    0x90, 0x0, 0x0, 0x4f, 0xff, 0xff, 0xff, 0xff,
    0xa0, 0x0,

    /* U+0056 "V" */
    0x6f, 0xfe, 0x0, 0x0, 0x0, 0x0, 0x0, 0xef,
    0xf6, 0x1f, 0xff, 0x40, 0x0, 0x0, 0x0, 0x4,
    0xff, 0xf1, 0xb, 0xff, 0x90, 0x0, 0x0, 0x0,
    0x9, 0xff, 0xb0, 0x5, 0xff, 0xe0, 0x0, 0x0,
    0x0, 0xe, 0xff, 0x50, 0x0, 0xff, 0xf3, 0x0,
    0x0, 0x0, 0x4f, 0xff, 0x0, 0x0, 0xaf, 0xf8,
    0x0, 0x0, 0x0, 0x9f, 0xfa, 0x0, 0x0, 0x5f,
    0xfd, 0x0, 0x0, 0x0, 0xef, 0xf4, 0x0, 0x0,
    0xf, 0xff, 0x30, 0x0, 0x3, 0xff, 0xe0, 0x0,
    0x0, 0xa, 0xff, 0x80, 0x0, 0x8, 0xff, 0x90,
    0x0, 0x0, 0x4, 0xff, 0xd0, 0x0, 0xd, 0xff,
    0x40, 0x0, 0x0, 0x0, 0xef, 0xf2, 0x0, 0x3f,
    0xfe, 0x0, 0x0, 0x0, 0x0, 0x9f, 0xf7, 0x0,
    0x8f, 0xf8, 0x0, 0x0, 0x0, 0x0, 0x3f, 0xfc,
    0x0, 0xdf, 0xf3, 0x0, 0x0, 0x0, 0x0, 0xe,
    0xff, 0x22, 0xff, 0xd0, 0x0, 0x0, 0x0, 0x0,
    0x8, 0xff, 0x77, 0xff, 0x80, 0x0, 0x0, 0x0,
    0x0, 0x3, 0xff, 0xcc, 0xff, 0x20, 0x0, 0x0,
    0x0, 0x0, 0x0, 0xdf, 0xff, 0xfd, 0x0, 0x0,
    0x0, 0x0, 0x0, 0x0, 0x8f, 0xff, 0xf7, 0x0,
    0x0, 0x0, 0x0, 0x0, 0x0, 0x2f, 0xff, 0xf2,
    0x0, 0x0, 0x0, 0x0, 0x0, 0x0, 0xd, 0xff,
    0xc0, 0x0, 0x0, 0x0,

    /* U+0057 "W" */
    0xf, 0xff, 0x30, 0x0, 0x0, 0x2f, 0xfb, 0x0,
    0x0, 0x0, 0xbf, 0xf8, 0xd, 0xff, 0x50, 0x0,
    0x0, 0x6f, 0xff, 0x0, 0x0, 0x0, 0xef, 0xf5,
    0xa, 0xff, 0x80, 0x0, 0x0, 0xbf, 0xff, 0x40,
    0x0, 0x1, 0xff, 0xf1, 0x7, 0xff, 0xb0, 0x0,
    0x0, 0xff, 0xff, 0x80, 0x0, 0x4, 0xff, 0xe0,
    0x4, 0xff, 0xe0, 0x0, 0x3, 0xff, 0xff, 0xd0,
    0x0, 0x6, 0xff, 0xb0, 0x0, 0xff, 0xf1, 0x0,
    0x8, 0xff, 0xaf, 0xf1, 0x0, 0x9, 0xff, 0x80,
    0x0, 0xdf, 0xf3, 0x0, 0xc, 0xfd, 0x3f, 0xf5,
    0x0, 0xc, 0xff, 0x50, 0x0, 0xaf, 0xf6, 0x0,
    0x1f, 0xf8, 0xf, 0xf9, 0x0, 0xf, 0xff, 0x10,
    0x0, 0x7f, 0xf9, 0x0, 0x5f, 0xf4, 0xb, 0xfe,
    0x0, 0x1f, 0xfe, 0x0, 0x0, 0x3f, 0xfc, 0x0,
    0xaf, 0xf0, 0x6, 0xff, 0x20, 0x4f, 0xfb, 0x0,
    0x0, 0xf, 0xff, 0x0, 0xef, 0xb0, 0x2, 0xff,
    0x60, 0x7f, 0xf8, 0x0, 0x0, 0xd, 0xff, 0x12,
    0xff, 0x60, 0x0, 0xdf, 0xa0, 0xaf, 0xf4, 0x0,
    0x0, 0xa, 0xff, 0x47, 0xff, 0x20, 0x0, 0x9f,
    0xf0, 0xcf, 0xf1, 0x0, 0x0, 0x7, 0xff, 0x7b,
    0xfd, 0x0, 0x0, 0x5f, 0xf3, 0xff, 0xe0, 0x0,
    0x0, 0x3, 0xff, 0xbf, 0xf9, 0x0, 0x0, 0xf,
    0xfa, 0xff, 0xb0, 0x0, 0x0, 0x0, 0xff, 0xff,
    0xf4, 0x0, 0x0, 0xc, 0xff, 0xff, 0x70, 0x0,
    0x0, 0x0, 0xdf, 0xff, 0xf0, 0x0, 0x0, 0x7,
    0xff, 0xff, 0x40, 0x0, 0x0, 0x0, 0xaf, 0xff,
    0xb0, 0x0, 0x0, 0x3, 0xff, 0xff, 0x10, 0x0,
    0x0, 0x0, 0x6f, 0xff, 0x70, 0x0, 0x0, 0x0,
    0xef, 0xfe, 0x0, 0x0, 0x0, 0x0, 0x3f, 0xff,
    0x20, 0x0, 0x0, 0x0, 0xaf, 0xfb, 0x0, 0x0,

    /* U+0058 "X" */
    0x2f, 0xff, 0x80, 0x0, 0x0, 0x0, 0xb, 0xff,
    0xd0, 0x6, 0xff, 0xf3, 0x0, 0x0, 0x0, 0x6f,
    0xff, 0x40, 0x0, 0xcf, 0xfd, 0x0, 0x0, 0x1,
    0xff, 0xf9, 0x0, 0x0, 0x2f, 0xff, 0x80, 0x0,
    0xb, 0xff, 0xe0, 0x0, 0x0, 0x6, 0xff, 0xf3,
    0x0, 0x6f, 0xff, 0x40, 0x0, 0x0, 0x0, 0xbf,
    0xfd, 0x1, 0xff, 0xf9, 0x0, 0x0, 0x0, 0x0,
    0x1f, 0xff, 0x8b, 0xff, 0xe0, 0x0, 0x0, 0x0,
    0x0, 0x6, 0xff, 0xff, 0xff, 0x40, 0x0, 0x0,
    0x0, 0x0, 0x0, 0xbf, 0xff, 0xf9, 0x0, 0x0,
    0x0, 0x0, 0x0, 0x0, 0x1f, 0xff, 0xe0, 0x0,
    0x0, 0x0, 0x0, 0x0, 0x0, 0x7f, 0xff, 0xf3,
    0x0, 0x0, 0x0, 0x0, 0x0, 0x2, 0xff, 0xff,
    0xfd, 0x0, 0x0, 0x0, 0x0, 0x0, 0xc, 0xff,
    0xdf, 0xff, 0x80, 0x0, 0x0, 0x0, 0x0, 0x6f,
    0xff, 0x36, 0xff, 0xf3, 0x0, 0x0, 0x0, 0x2,
    0xff, 0xf8, 0x0, 0xbf, 0xfd, 0x0, 0x0, 0x0,
    0xb, 0xff, 0xd0, 0x0, 0x2f, 0xff, 0x80, 0x0,
    0x0, 0x6f, 0xff, 0x30, 0x0, 0x6, 0xff, 0xf3,
    0x0, 0x1, 0xff, 0xf9, 0x0, 0x0, 0x0, 0xcf,
    0xfd, 0x0, 0xb, 0xff, 0xd0, 0x0, 0x0, 0x0,
    0x2f, 0xff, 0x80, 0x6f, 0xff, 0x40, 0x0, 0x0,
    0x0, 0x7, 0xff, 0xf3,

    /* U+0059 "Y" */
    0x9f, 0xfe, 0x10, 0x0, 0x0, 0x0, 0xa, 0xff,
    0xe0, 0x1e, 0xff, 0x80, 0x0, 0x0, 0x0, 0x3f,
    0xff, 0x50, 0x6, 0xff, 0xf2, 0x0, 0x0, 0x0,
    0xcf, 0xfb, 0x0, 0x0, 0xcf, 0xfb, 0x0, 0x0,
    0x5, 0xff, 0xf2, 0x0, 0x0, 0x3f, 0xff, 0x40,
    0x0, 0xe, 0xff, 0x90, 0x0, 0x0, 0xa, 0xff,
    0xd0, 0x0, 0x7f, 0xfe, 0x10, 0x0, 0x0, 0x1,
    0xff, 0xf6, 0x1, 0xff, 0xf6, 0x0, 0x0, 0x0,
    0x0, 0x7f, 0xfe, 0x9, 0xff, 0xc0, 0x0, 0x0,
    0x0, 0x0, 0xd, 0xff, 0xbf, 0xff, 0x30, 0x0,
    0x0, 0x0, 0x0, 0x4, 0xff, 0xff, 0xfa, 0x0,
    0x0, 0x0, 0x0, 0x0, 0x0, 0xaf, 0xff, 0xf1,
    0x0, 0x0, 0x0, 0x0, 0x0, 0x0, 0x2f, 0xff,
    0x70, 0x0, 0x0, 0x0, 0x0, 0x0, 0x0, 0xf,
    0xff, 0x40, 0x0, 0x0, 0x0, 0x0, 0x0, 0x0,
    0xf, 0xff, 0x40, 0x0, 0x0, 0x0, 0x0, 0x0,
    0x0, 0xf, 0xff, 0x40, 0x0, 0x0, 0x0, 0x0,
    0x0, 0x0, 0xf, 0xff, 0x40, 0x0, 0x0, 0x0,
    0x0, 0x0, 0x0, 0xf, 0xff, 0x40, 0x0, 0x0,
    0x0, 0x0, 0x0, 0x0, 0xf, 0xff, 0x40, 0x0,
    0x0, 0x0, 0x0, 0x0, 0x0, 0xf, 0xff, 0x40,
    0x0, 0x0, 0x0, 0x0, 0x0, 0x0, 0xf, 0xff,
    0x40, 0x0, 0x0, 0x0,

    /* U+005A "Z" */
    0x9f, 0xff, 0xff, 0xff, 0xff, 0xff, 0xff, 0x39,
    0xff, 0xff, 0xff, 0xff, 0xff, 0xff, 0xf3, 0x7c,
    0xcc, 0xcc, 0xcc, 0xcc, 0xef, 0xff, 0x30, 0x0,
    0x0, 0x0, 0x0, 0x2f, 0xff, 0xa0, 0x0, 0x0,
    0x0, 0x0, 0xc, 0xff, 0xe1, 0x0, 0x0, 0x0,
    0x0, 0x8, 0xff, 0xf4, 0x0, 0x0, 0x0, 0x0,
    0x3, 0xff, 0xf8, 0x0, 0x0, 0x0, 0x0, 0x0,
    0xdf, 0xfc, 0x0, 0x0, 0x0, 0x0, 0x0, 0xaf,
    0xff, 0x20, 0x0, 0x0, 0x0, 0x0, 0x5f, 0xff,
    0x60, 0x0, 0x0, 0x0, 0x0, 0x1f, 0xff, 0xb0,
    0x0, 0x0, 0x0, 0x0, 0xc, 0xff, 0xe1, 0x0,
    0x0, 0x0, 0x0, 0x7, 0xff, 0xf4, 0x0, 0x0,
    0x0, 0x0, 0x3, 0xff, 0xf9, 0x0, 0x0, 0x0,
    0x0, 0x0, 0xdf, 0xfd, 0x0, 0x0, 0x0, 0x0,
    0x0, 0x9f, 0xff, 0x20, 0x0, 0x0, 0x0, 0x0,
    0x5f, 0xff, 0x60, 0x0, 0x0, 0x0, 0x0, 0xd,
    0xff, 0xfc, 0xcc, 0xcc, 0xcc, 0xcc, 0xc2, 0xef,
    0xff, 0xff, 0xff, 0xff, 0xff, 0xff, 0x3e, 0xff,
    0xff, 0xff, 0xff, 0xff, 0xff, 0xf3,

    /* U+005B "[" */
    0xf, 0xff, 0xff, 0xfc, 0xf, 0xff, 0xff, 0xfc,
    0xf, 0xff, 0xcb, 0xb9, 0xf, 0xff, 0x20, 0x0,
    0xf, 0xff, 0x20, 0x0, 0xf, 0xff, 0x20, 0x0,
    0xf, 0xff, 0x20, 0x0, 0xf, 0xff, 0x20, 0x0,
    0xf, 0xff, 0x20, 0x0, 0xf, 0xff, 0x20, 0x0,
    0xf, 0xff, 0x20, 0x0, 0xf, 0xff, 0x20, 0x0,
    0xf, 0xff, 0x20, 0x0, 0xf, 0xff, 0x20, 0x0,
    0xf, 0xff, 0x20, 0x0, 0xf, 0xff, 0x20, 0x0,
    0xf, 0xff, 0x20, 0x0, 0xf, 0xff, 0x20, 0x0,
    0xf, 0xff, 0x20, 0x0, 0xf, 0xff, 0x20, 0x0,
    0xf, 0xff, 0x20, 0x0, 0xf, 0xff, 0x20, 0x0,
    0xf, 0xff, 0x20, 0x0, 0xf, 0xff, 0xcb, 0xb9,
    0xf, 0xff, 0xff, 0xfc, 0xf, 0xff, 0xff, 0xfc,

    /* U+005C "\\" */
    0xbf, 0xf8, 0x0, 0x0, 0x0, 0x0, 0x0, 0x2,
    0xff, 0xf2, 0x0, 0x0, 0x0, 0x0, 0x0, 0x9,
    0xff, 0xa0, 0x0, 0x0, 0x0, 0x0, 0x0, 0x1f,
    0xff, 0x30, 0x0, 0x0, 0x0, 0x0, 0x0, 0x7f,
    0xfc, 0x0, 0x0, 0x0, 0x0, 0x0, 0x0, 0xef,
    0xf5, 0x0, 0x0, 0x0, 0x0, 0x0, 0x5, 0xff,
    0xe0, 0x0, 0x0, 0x0, 0x0, 0x0, 0xc, 0xff,
    0x70, 0x0, 0x0, 0x0, 0x0, 0x0, 0x3f, 0xff,
    0x10, 0x0, 0x0, 0x0, 0x0, 0x0, 0xaf, 0xf9,
    0x0, 0x0, 0x0, 0x0, 0x0, 0x2, 0xff, 0xf2,
    0x0, 0x0, 0x0, 0x0, 0x0, 0x8, 0xff, 0xb0,
    0x0, 0x0, 0x0, 0x0, 0x0, 0xe, 0xff, 0x40,
    0x0, 0x0, 0x0, 0x0, 0x0, 0x6f, 0xfd, 0x0,
    0x0, 0x0, 0x0, 0x0, 0x0, 0xdf, 0xf6, 0x0,
    0x0, 0x0, 0x0, 0x0, 0x4, 0xff, 0xe0, 0x0,
    0x0, 0x0, 0x0, 0x0, 0xb, 0xff, 0x80, 0x0,
    0x0, 0x0, 0x0, 0x0, 0x2f, 0xff, 0x20, 0x0,
    0x0, 0x0, 0x0, 0x0, 0x9f, 0xfa, 0x0, 0x0,
    0x0, 0x0, 0x0, 0x1, 0xff, 0xf3,

    /* U+005D "]" */
    0x8f, 0xff, 0xff, 0xf5, 0x8f, 0xff, 0xff, 0xf5,
    0x5b, 0xbb, 0xff, 0xf5, 0x0, 0x0, 0xcf, 0xf5,
    0x0, 0x0, 0xcf, 0xf5, 0x0, 0x0, 0xcf, 0xf5,
    0x0, 0x0, 0xcf, 0xf5, 0x0, 0x0, 0xcf, 0xf5,
    0x0, 0x0, 0xcf, 0xf5, 0x0, 0x0, 0xcf, 0xf5,
    0x0, 0x0, 0xcf, 0xf5, 0x0, 0x0, 0xcf, 0xf5,
    0x0, 0x0, 0xcf, 0xf5, 0x0, 0x0, 0xcf, 0xf5,
    0x0, 0x0, 0xcf, 0xf5, 0x0, 0x0, 0xcf, 0xf5,
    0x0, 0x0, 0xcf, 0xf5, 0x0, 0x0, 0xcf, 0xf5,
    0x0, 0x0, 0xcf, 0xf5, 0x0, 0x0, 0xcf, 0xf5,
    0x0, 0x0, 0xcf, 0xf5, 0x0, 0x0, 0xcf, 0xf5,
    0x0, 0x0, 0xcf, 0xf5, 0x5b, 0xbb, 0xff, 0xf5,
    0x8f, 0xff, 0xff, 0xf5, 0x8f, 0xff, 0xff, 0xf5,

    /* U+005E "^" */
    0x0, 0x0, 0x0, 0x58, 0x85, 0x0, 0x0, 0x0,
    0x0, 0x0, 0x0, 0xef, 0xff, 0x20, 0x0, 0x0,
    0x0, 0x0, 0x8, 0xff, 0xff, 0x90, 0x0, 0x0,
    0x0, 0x0, 0xe, 0xff, 0xff, 0xf2, 0x0, 0x0,
    0x0, 0x0, 0x7f, 0xfa, 0x8f, 0xfa, 0x0, 0x0,
    0x0, 0x0, 0xef, 0xf3, 0x1f, 0xff, 0x20, 0x0,
    0x0, 0x7, 0xff, 0xb0, 0x8, 0xff, 0xa0, 0x0,
    0x0, 0xe, 0xff, 0x30, 0x1, 0xff, 0xf2, 0x0,
    0x0, 0x7f, 0xfb, 0x0, 0x0, 0x9f, 0xfa, 0x0,
    0x0, 0xef, 0xf3, 0x0, 0x0, 0x1f, 0xff, 0x20,
    0x7, 0xff, 0xb0, 0x0, 0x0, 0x9, 0xff, 0xa0,
    0xe, 0xff, 0x40, 0x0, 0x0, 0x1, 0xff, 0xf2,
    0x7f, 0xfc, 0x0, 0x0, 0x0, 0x0, 0x9f, 0xfa,

    /* U+005F "_" */
    0xbb, 0xbb, 0xbb, 0xbb, 0xbb, 0xbb, 0xaf, 0xff,
    0xff, 0xff, 0xff, 0xff, 0xff, 0xff, 0xff, 0xff,
    0xff, 0xff, 0xff, 0xf0,

    /* U+0060 "`" */
    0x2a, 0xaa, 0x10, 0x0, 0xbf, 0xf8, 0x0, 0x2,
    0xff, 0xe0, 0x0, 0x9, 0xff, 0x60, 0x0, 0x1e,
    0xfe, 0x0,

    /* U+0061 "a" */
    0x0, 0x3e, 0xff, 0xff, 0xff, 0xc0, 0x0, 0x3,
    0xef, 0xff, 0xff, 0xff, 0xfc, 0x0, 0x2e, 0xff,
    0xc9, 0x99, 0x9e, 0xff, 0xc0, 0x7f, 0xfc, 0x0,
    0x0, 0x2, 0xff, 0xf3, 0x37, 0x74, 0x0, 0x0,
    0x0, 0xef, 0xf3, 0x0, 0x15, 0x55, 0x55, 0x55,
    0xff, 0xf3, 0x1, 0xdf, 0xff, 0xff, 0xff, 0xff,
    0xf3, 0x1d, 0xff, 0xff, 0xff, 0xff, 0xff, 0xf3,
    0x9f, 0xfd, 0x10, 0x0, 0x0, 0xef, 0xf3, 0x9f,
    0xf8, 0x0, 0x0, 0x4, 0xff, 0xf3, 0x9f, 0xf9,
    0x0, 0x0, 0x4f, 0xff, 0xf3, 0x7f, 0xff, 0x88,
    0x88, 0xff, 0xff, 0xf3, 0x9, 0xff, 0xff, 0xff,
    0xf9, 0xbf, 0xf3, 0x0, 0x9f, 0xff, 0xff, 0x90,
    0xbf, 0xf3,

    /* U+0062 "b" */
    0x3f, 0xff, 0x0, 0x0, 0x0, 0x0, 0x0, 0x3,
    0xff, 0xf0, 0x0, 0x0, 0x0, 0x0, 0x0, 0x3f,
    0xff, 0x0, 0x0, 0x0, 0x0, 0x0, 0x3, 0xff,
    0xf0, 0x0, 0x0, 0x0, 0x0, 0x0, 0x3f, 0xff,
    0x0, 0x0, 0x0, 0x0, 0x0, 0x3, 0xff, 0xf0,
    0x0, 0x0, 0x0, 0x0, 0x0, 0x3f, 0xff, 0x4,
    0xff, 0xff, 0xfb, 0x0, 0x3, 0xff, 0xf5, 0xff,
    0xff, 0xff, 0xfb, 0x0, 0x3f, 0xff, 0xff, 0xeb,
    0xbc, 0xff, 0xfb, 0x3, 0xff, 0xff, 0xd1, 0x0,
    0x8, 0xff, 0xf1, 0x3f, 0xff, 0xd1, 0x0, 0x0,
    0x1f, 0xff, 0x13, 0xff, 0xf1, 0x0, 0x0, 0x1,
    0xff, 0xf1, 0x3f, 0xff, 0x0, 0x0, 0x0, 0x1f,
    0xff, 0x13, 0xff, 0xf0, 0x0, 0x0, 0x1, 0xff,
    0xf1, 0x3f, 0xff, 0x0, 0x0, 0x0, 0x1f, 0xff,
    0x13, 0xff, 0xf0, 0x0, 0x0, 0x1, 0xff, 0xf1,
    0x3f, 0xff, 0x60, 0x0, 0x0, 0x8f, 0xff, 0x10,
    0xbf, 0xff, 0xbb, 0xbb, 0xcf, 0xff, 0xb0, 0x0,
    0xcf, 0xff, 0xff, 0xff, 0xff, 0xb0, 0x0, 0x0,
    0xcf, 0xff, 0xff, 0xff, 0xb0, 0x0,

    /* U+0063 "c" */
    0x0, 0x3f, 0xff, 0xff, 0xff, 0xe3, 0x0, 0x3,
    0xff, 0xff, 0xff, 0xff, 0xfe, 0x30, 0x3f, 0xff,
    0xeb, 0xbb, 0xbe, 0xff, 0xe2, 0x7f, 0xfe, 0x20,
    0x0, 0x2, 0xef, 0xf6, 0x7f, 0xfb, 0x0, 0x0,
    0x0, 0xcf, 0xf6, 0x7f, 0xfb, 0x0, 0x0, 0x0,
    0x11, 0x10, 0x7f, 0xfb, 0x0, 0x0, 0x0, 0x0,
    0x0, 0x7f, 0xfb, 0x0, 0x0, 0x0, 0x0, 0x0,
    0x7f, 0xfb, 0x0, 0x0, 0x0, 0x12, 0x20, 0x7f,
    0xfb, 0x0, 0x0, 0x0, 0xcf, 0xf6, 0x7f, 0xfe,
    0x20, 0x0, 0x2, 0xef, 0xf6, 0x3f, 0xff, 0xeb,
    0xbb, 0xbe, 0xff, 0xe2, 0x3, 0xff, 0xff, 0xff,
    0xff, 0xfe, 0x30, 0x0, 0x3f, 0xff, 0xff, 0xff,
    0xe3, 0x0,

    /* U+0064 "d" */
    0x0, 0x0, 0x0, 0x0, 0x0, 0x5f, 0xfd, 0x0,
    0x0, 0x0, 0x0, 0x0, 0x5f, 0xfd, 0x0, 0x0,
    0x0, 0x0, 0x0, 0x5f, 0xfd, 0x0, 0x0, 0x0,
    0x0, 0x0, 0x5f, 0xfd, 0x0, 0x0, 0x0, 0x0,
    0x0, 0x5f, 0xfd, 0x0, 0x0, 0x0, 0x0, 0x0,
    0x5f, 0xfd, 0x0, 0x3f, 0xff, 0xff, 0xf6, 0x5f,
    0xfd, 0x3, 0xff, 0xff, 0xff, 0xff, 0xcf, 0xfd,
    0x3f, 0xff, 0xeb, 0xbb, 0xcf, 0xff, 0xfd, 0x7f,
    0xfe, 0x20, 0x0, 0x9, 0xff, 0xfd, 0x7f, 0xfb,
    0x0, 0x0, 0x0, 0x8f, 0xfd, 0x7f, 0xfb, 0x0,
    0x0, 0x0, 0x5f, 0xfd, 0x7f, 0xfb, 0x0, 0x0,
    0x0, 0x5f, 0xfd, 0x7f, 0xfb, 0x0, 0x0, 0x0,
    0x5f, 0xfd, 0x7f, 0xfb, 0x0, 0x0, 0x0, 0x5f,
    0xfd, 0x7f, 0xfb, 0x0, 0x0, 0x2, 0xef, 0xfd,
    0x7f, 0xfe, 0x30, 0x0, 0x2e, 0xff, 0xfd, 0x3f,
    0xff, 0xeb, 0xbb, 0xef, 0xff, 0xfd, 0x3, 0xff,
    0xff, 0xff, 0xfe, 0x4f, 0xfd, 0x0, 0x3f, 0xff,
    0xff, 0xe2, 0x2f, 0xfd,

    /* U+0065 "e" */
    0x0, 0x3f, 0xff, 0xff, 0xff, 0xf6, 0x0, 0x3,
    0xff, 0xff, 0xff, 0xff, 0xff, 0x60, 0x3f, 0xff,
    0xda, 0xaa, 0xac, 0xff, 0xf6, 0x7f, 0xfe, 0x10,
    0x0, 0x0, 0xbf, 0xfb, 0x7f, 0xfb, 0x0, 0x0,
    0x0, 0x7f, 0xfb, 0x7f, 0xfc, 0x55, 0x55, 0x55,
    0x9f, 0xfb, 0x7f, 0xff, 0xff, 0xff, 0xff, 0xff,
    0xfb, 0x7f, 0xff, 0xff, 0xff, 0xff, 0xff, 0xfb,
    0x7f, 0xfb, 0x0, 0x0, 0x0, 0x0, 0x0, 0x7f,
    0xfb, 0x0, 0x0, 0x0, 0x38, 0x86, 0x7f, 0xfd,
    0x10, 0x0, 0x0, 0xaf, 0xfb, 0x3f, 0xff, 0xda,
    0xaa, 0xab, 0xff, 0xf7, 0x3, 0xff, 0xff, 0xff,
    0xff, 0xff, 0x70, 0x0, 0x4f, 0xff, 0xff, 0xff,
    0xf7, 0x0,

    /* U+0066 "f" */
    0x0, 0x0, 0xb, 0xff, 0xff, 0x90, 0x0, 0xb,
    0xff, 0xff, 0xf9, 0x0, 0xa, 0xff, 0xfa, 0xaa,
    0x50, 0x0, 0xef, 0xf6, 0x0, 0x0, 0x0, 0xe,
    0xff, 0x30, 0x0, 0x0, 0x0, 0xef, 0xf3, 0x0,
    0x0, 0x7f, 0xff, 0xff, 0xff, 0xff, 0x97, 0xff,
    0xff, 0xff, 0xff, 0xf9, 0x4b, 0xbf, 0xff, 0xcb,
    0xbb, 0x60, 0x0, 0xef, 0xf4, 0x0, 0x0, 0x0,
    0xe, 0xff, 0x40, 0x0, 0x0, 0x0, 0xef, 0xf4,
    0x0, 0x0, 0x0, 0xe, 0xff, 0x40, 0x0, 0x0,
    0x0, 0xef, 0xf4, 0x0, 0x0, 0x0, 0xe, 0xff,
    0x40, 0x0, 0x0, 0x0, 0xef, 0xf4, 0x0, 0x0,
    0x0, 0xe, 0xff, 0x40, 0x0, 0x0, 0x0, 0xef,
    0xf4, 0x0, 0x0, 0x0, 0xe, 0xff, 0x40, 0x0,
    0x0, 0x0, 0xef, 0xf4, 0x0, 0x0,

    /* U+0067 "g" */
    0x0, 0x3f, 0xff, 0xff, 0xf4, 0x2f, 0xfd, 0x3,
    0xff, 0xff, 0xff, 0xff, 0x6f, 0xfd, 0x3f, 0xff,
    0xeb, 0xbb, 0xdf, 0xff, 0xfd, 0x7f, 0xfe, 0x20,
    0x0, 0xb, 0xff, 0xfd, 0x7f, 0xfb, 0x0, 0x0,
    0x0, 0xaf, 0xfd, 0x7f, 0xfb, 0x0, 0x0, 0x0,
    0x5f, 0xfd, 0x7f, 0xfb, 0x0, 0x0, 0x0, 0x5f,
    0xfd, 0x7f, 0xfb, 0x0, 0x0, 0x0, 0x5f, 0xfd,
    0x7f, 0xfb, 0x0, 0x0, 0x0, 0x5f, 0xfd, 0x7f,
    0xfb, 0x0, 0x0, 0x2, 0xef, 0xfd, 0x7f, 0xfe,
    0x30, 0x0, 0x2e, 0xff, 0xfd, 0x3f, 0xff, 0xeb,
    0xbb, 0xef, 0xff, 0xfd, 0x3, 0xff, 0xff, 0xff,
    0xfe, 0x8f, 0xfd, 0x0, 0x3f, 0xff, 0xff, 0xe2,
    0x5f, 0xfd, 0x0, 0x0, 0x0, 0x0, 0x0, 0x5f,
    0xfd, 0x2, 0x33, 0x0, 0x0, 0x0, 0x5f, 0xfd,
    0xd, 0xff, 0x50, 0x0, 0x0, 0x9f, 0xfd, 0xb,
    0xff, 0xfa, 0xaa, 0xac, 0xff, 0xf7, 0x1, 0xdf,
    0xff, 0xff, 0xff, 0xff, 0x70, 0x0, 0x1d, 0xff,
    0xff, 0xff, 0xf7, 0x0,

    /* U+0068 "h" */
    0x3f, 0xff, 0x0, 0x0, 0x0, 0x0, 0x0, 0x3f,
    0xff, 0x0, 0x0, 0x0, 0x0, 0x0, 0x3f, 0xff,
    0x0, 0x0, 0x0, 0x0, 0x0, 0x3f, 0xff, 0x0,
    0x0, 0x0, 0x0, 0x0, 0x3f, 0xff, 0x0, 0x0,
    0x0, 0x0, 0x0, 0x3f, 0xff, 0x0, 0x0, 0x0,
    0x0, 0x0, 0x3f, 0xff, 0x2, 0xef, 0xff, 0xf4,
    0x0, 0x3f, 0xff, 0x2e, 0xff, 0xff, 0xff, 0x40,
    0x3f, 0xff, 0xef, 0xeb, 0xbd, 0xff, 0xf5, 0x3f,
    0xff, 0xfe, 0x30, 0x0, 0xbf, 0xfb, 0x3f, 0xff,
    0xe3, 0x0, 0x0, 0x7f, 0xfb, 0x3f, 0xff, 0x30,
    0x0, 0x0, 0x7f, 0xfb, 0x3f, 0xff, 0x0, 0x0,
    0x0, 0x7f, 0xfb, 0x3f, 0xff, 0x0, 0x0, 0x0,
    0x7f, 0xfb, 0x3f, 0xff, 0x0, 0x0, 0x0, 0x7f,
    0xfb, 0x3f, 0xff, 0x0, 0x0, 0x0, 0x7f, 0xfb,
    0x3f, 0xff, 0x0, 0x0, 0x0, 0x7f, 0xfb, 0x3f,
    0xff, 0x0, 0x0, 0x0, 0x7f, 0xfb, 0x3f, 0xff,
    0x0, 0x0, 0x0, 0x7f, 0xfb, 0x3f, 0xff, 0x0,
    0x0, 0x0, 0x7f, 0xfb,

    /* U+0069 "i" */
    0xa, 0xfe, 0x24, 0xff, 0xfa, 0x4f, 0xff, 0xa0,
    0x8e, 0xc1, 0x0, 0x0, 0x0, 0x0, 0x0, 0xe,
    0xff, 0x40, 0xef, 0xf4, 0xe, 0xff, 0x40, 0xef,
    0xf4, 0xe, 0xff, 0x40, 0xef, 0xf4, 0xe, 0xff,
    0x40, 0xef, 0xf4, 0xe, 0xff, 0x40, 0xef, 0xf4,
    0xe, 0xff, 0x40, 0xef, 0xf4, 0xe, 0xff, 0x40,
    0xef, 0xf4,

    /* U+006A "j" */
    0x0, 0x0, 0x4f, 0xf7, 0x0, 0x0, 0xe, 0xff,
    0xf1, 0x0, 0x0, 0xdf, 0xff, 0x10, 0x0, 0x3,
    0xdd, 0x50, 0x0, 0x0, 0x0, 0x0, 0x0, 0x0,
    0x0, 0x0, 0x0, 0x0, 0x0, 0x7f, 0xfb, 0x0,
    0x0, 0x7, 0xff, 0xb0, 0x0, 0x0, 0x7f, 0xfb,
    0x0, 0x0, 0x7, 0xff, 0xb0, 0x0, 0x0, 0x7f,
    0xfb, 0x0, 0x0, 0x7, 0xff, 0xb0, 0x0, 0x0,
    0x7f, 0xfb, 0x0, 0x0, 0x7, 0xff, 0xb0, 0x0,
    0x0, 0x7f, 0xfb, 0x0, 0x0, 0x7, 0xff, 0xb0,
    0x0, 0x0, 0x7f, 0xfb, 0x0, 0x0, 0x7, 0xff,
    0xb0, 0x0, 0x0, 0x7f, 0xfb, 0x0, 0x0, 0x7,
    0xff, 0xb0, 0x0, 0x0, 0x7f, 0xfb, 0x0, 0x0,
    0x7, 0xff, 0xb0, 0x0, 0x0, 0xcf, 0xfb, 0x7,
    0xbb, 0xdf, 0xff, 0x50, 0xbf, 0xff, 0xff, 0x50,
    0xb, 0xff, 0xff, 0x50, 0x0,

    /* U+006B "k" */
    0x3f, 0xff, 0x0, 0x0, 0x0, 0x0, 0x0, 0x3,
    0xff, 0xf0, 0x0, 0x0, 0x0, 0x0, 0x0, 0x3f,
    0xff, 0x0, 0x0, 0x0, 0x0, 0x0, 0x3, 0xff,
    0xf0, 0x0, 0x0, 0x0, 0x0, 0x0, 0x3f, 0xff,
    0x0, 0x0, 0x0, 0x0, 0x0, 0x3, 0xff, 0xf0,
    0x0, 0x0, 0x0, 0x0, 0x0, 0x3f, 0xff, 0x0,
    0x0, 0x0, 0xdf, 0xf9, 0x3, 0xff, 0xf0, 0x0,
    0x0, 0xaf, 0xfd, 0x0, 0x3f, 0xff, 0x0, 0x0,
    0x5f, 0xff, 0x30, 0x3, 0xff, 0xf0, 0x0, 0x1e,
    0xff, 0x70, 0x0, 0x3f, 0xff, 0x0, 0xb, 0xff,
    0xc0, 0x0, 0x3, 0xff, 0xfb, 0xbc, 0xff, 0xf2,
    0x0, 0x0, 0x3f, 0xff, 0xff, 0xff, 0xf7, 0x0,
    0x0, 0x3, 0xff, 0xff, 0xff, 0xff, 0xc0, 0x0,
    0x0, 0x3f, 0xff, 0x0, 0x1e, 0xff, 0x70, 0x0,
    0x3, 0xff, 0xf0, 0x0, 0x5f, 0xff, 0x20, 0x0,
    0x3f, 0xff, 0x0, 0x0, 0xaf, 0xfd, 0x0, 0x3,
    0xff, 0xf0, 0x0, 0x1, 0xef, 0xf8, 0x0, 0x3f,
    0xff, 0x0, 0x0, 0x5, 0xff, 0xf3, 0x3, 0xff,
    0xf0, 0x0, 0x0, 0xa, 0xff, 0xd0,

    /* U+006C "l" */
    0xf, 0xff, 0x20, 0xff, 0xf2, 0xf, 0xff, 0x20,
    0xff, 0xf2, 0xf, 0xff, 0x20, 0xff, 0xf2, 0xf,
    0xff, 0x20, 0xff, 0xf2, 0xf, 0xff, 0x20, 0xff,
    0xf2, 0xf, 0xff, 0x20, 0xff, 0xf2, 0xf, 0xff,
    0x20, 0xff, 0xf2, 0xf, 0xff, 0x20, 0xff, 0xf2,
    0xf, 0xff, 0x20, 0xff, 0xf2, 0xf, 0xff, 0x20,
    0xff, 0xf2,

    /* U+006D "m" */
    0x3f, 0xfc, 0x5, 0xff, 0xfe, 0x30, 0x1c, 0xff,
    0xff, 0xc0, 0x0, 0x3f, 0xfc, 0x5f, 0xff, 0xff,
    0xe4, 0xcf, 0xff, 0xff, 0xfc, 0x0, 0x3f, 0xfe,
    0xff, 0xdb, 0xcf, 0xff, 0xff, 0xcb, 0xbf, 0xff,
    0xc0, 0x3f, 0xff, 0xfd, 0x10, 0xa, 0xff, 0xf8,
    0x0, 0x4, 0xff, 0xf3, 0x3f, 0xff, 0xd1, 0x0,
    0x5, 0xff, 0xc0, 0x0, 0x0, 0xff, 0xf3, 0x3f,
    0xff, 0x10, 0x0, 0x5, 0xff, 0xb0, 0x0, 0x0,
    0xff, 0xf3, 0x3f, 0xff, 0x0, 0x0, 0x5, 0xff,
    0xb0, 0x0, 0x0, 0xff, 0xf3, 0x3f, 0xff, 0x0,
    0x0, 0x5, 0xff, 0xb0, 0x0, 0x0, 0xff, 0xf3,
    0x3f, 0xff, 0x0, 0x0, 0x5, 0xff, 0xb0, 0x0,
    0x0, 0xff, 0xf3, 0x3f, 0xff, 0x0, 0x0, 0x5,
    0xff, 0xb0, 0x0, 0x0, 0xff, 0xf3, 0x3f, 0xff,
    0x0, 0x0, 0x5, 0xff, 0xb0, 0x0, 0x0, 0xff,
    0xf3, 0x3f, 0xff, 0x0, 0x0, 0x5, 0xff, 0xb0,
    0x0, 0x0, 0xff, 0xf3, 0x3f, 0xff, 0x0, 0x0,
    0x5, 0xff, 0xb0, 0x0, 0x0, 0xff, 0xf3, 0x3f,
    0xff, 0x0, 0x0, 0x5, 0xff, 0xb0, 0x0, 0x0,
    0xff, 0xf3,

    /* U+006E "n" */
    0x3f, 0xfc, 0x3, 0xff, 0xff, 0xf4, 0x0, 0x3f,
    0xfc, 0x3f, 0xff, 0xff, 0xff, 0x40, 0x3f, 0xfe,
    0xff, 0xeb, 0xbd, 0xff, 0xf4, 0x3f, 0xff, 0xfe,
    0x30, 0x0, 0xcf, 0xfa, 0x3f, 0xff, 0xe3, 0x0,
    0x0, 0x7f, 0xfa, 0x3f, 0xff, 0x30, 0x0, 0x0,
    0x7f, 0xfa, 0x3f, 0xff, 0x0, 0x0, 0x0, 0x7f,
    0xfa, 0x3f, 0xff, 0x0, 0x0, 0x0, 0x7f, 0xfa,
    0x3f, 0xff, 0x0, 0x0, 0x0, 0x7f, 0xfa, 0x3f,
    0xff, 0x0, 0x0, 0x0, 0x7f, 0xfa, 0x3f, 0xff,
    0x0, 0x0, 0x0, 0x7f, 0xfa, 0x3f, 0xff, 0x0,
    0x0, 0x0, 0x7f, 0xfa, 0x3f, 0xff, 0x0, 0x0,
    0x0, 0x7f, 0xfa, 0x3f, 0xff, 0x0, 0x0, 0x0,
    0x7f, 0xfa,

    /* U+006F "o" */
    0x0, 0x3f, 0xff, 0xff, 0xff, 0xf8, 0x0, 0x3,
    0xff, 0xff, 0xff, 0xff, 0xff, 0x80, 0x3f, 0xff,
    0xea, 0xaa, 0xac, 0xff, 0xf8, 0x7f, 0xfe, 0x10,
    0x0, 0x0, 0xaf, 0xfd, 0x7f, 0xfb, 0x0, 0x0,
    0x0, 0x5f, 0xfd, 0x7f, 0xfb, 0x0, 0x0, 0x0,
    0x5f, 0xfd, 0x7f, 0xfb, 0x0, 0x0, 0x0, 0x5f,
    0xfd, 0x7f, 0xfb, 0x0, 0x0, 0x0, 0x5f, 0xfd,
    0x7f, 0xfb, 0x0, 0x0, 0x0, 0x5f, 0xfd, 0x7f,
    0xfb, 0x0, 0x0, 0x0, 0x5f, 0xfd, 0x7f, 0xfe,
    0x10, 0x0, 0x0, 0xaf, 0xfd, 0x3f, 0xff, 0xea,
    0xaa, 0xac, 0xff, 0xf8, 0x3, 0xff, 0xff, 0xff,
    0xff, 0xff, 0x80, 0x0, 0x3f, 0xff, 0xff, 0xff,
    0xf8, 0x0,

    /* U+0070 "p" */
    0x3f, 0xfc, 0x8, 0xff, 0xff, 0xfc, 0x0, 0x3,
    0xff, 0xc8, 0xff, 0xff, 0xff, 0xfc, 0x0, 0x3f,
    0xff, 0xff, 0xcb, 0xbb, 0xff, 0xfc, 0x3, 0xff,
    0xff, 0xa0, 0x0, 0x6, 0xff, 0xf2, 0x3f, 0xff,
    0xa0, 0x0, 0x0, 0xf, 0xff, 0x23, 0xff, 0xf0,
    0x0, 0x0, 0x0, 0xff, 0xf2, 0x3f, 0xff, 0x0,
    0x0, 0x0, 0xf, 0xff, 0x23, 0xff, 0xf0, 0x0,
    0x0, 0x0, 0xff, 0xf2, 0x3f, 0xff, 0x0, 0x0,
    0x0, 0xf, 0xff, 0x23, 0xff, 0xf6, 0x0, 0x0,
    0x0, 0xff, 0xf2, 0x3f, 0xff, 0xf7, 0x0, 0x0,
    0x6f, 0xff, 0x23, 0xff, 0xff, 0xfc, 0xbb, 0xbf,
    0xff, 0xc0, 0x3f, 0xff, 0xcf, 0xff, 0xff, 0xff,
    0xc0, 0x3, 0xff, 0xf0, 0xaf, 0xff, 0xff, 0xc0,
    0x0, 0x3f, 0xff, 0x0, 0x0, 0x0, 0x0, 0x0,
    0x3, 0xff, 0xf0, 0x0, 0x0, 0x0, 0x0, 0x0,
    0x3f, 0xff, 0x0, 0x0, 0x0, 0x0, 0x0, 0x3,
    0xff, 0xf0, 0x0, 0x0, 0x0, 0x0, 0x0, 0x3f,
    0xff, 0x0, 0x0, 0x0, 0x0, 0x0, 0x3, 0xff,
    0xf0, 0x0, 0x0, 0x0, 0x0, 0x0,

    /* U+0071 "q" */
    0x0, 0x3f, 0xff, 0xff, 0xff, 0xf6, 0x0, 0x3,
    0xff, 0xff, 0xff, 0xff, 0xff, 0x60, 0x3f, 0xff,
    0xeb, 0xbb, 0xbc, 0xff, 0xf6, 0x7f, 0xfe, 0x20,
    0x0, 0x0, 0xbf, 0xfc, 0x7f, 0xfb, 0x0, 0x0,
    0x0, 0x6f, 0xfc, 0x7f, 0xfb, 0x0, 0x0, 0x0,
    0x6f, 0xfc, 0x7f, 0xfb, 0x0, 0x0, 0x0, 0x6f,
    0xfc, 0x7f, 0xfb, 0x0, 0x0, 0x0, 0x6f, 0xfc,
    0x7f, 0xfb, 0x0, 0x0, 0x0, 0x8f, 0xfc, 0x7f,
    0xfb, 0x0, 0x0, 0x6, 0xff, 0xfc, 0x7f, 0xfe,
    0x20, 0x0, 0x6f, 0xff, 0xfc, 0x3f, 0xff, 0xeb,
    0xbb, 0xff, 0xff, 0xfc, 0x3, 0xff, 0xff, 0xff,
    0xfc, 0x7f, 0xfc, 0x0, 0x3f, 0xff, 0xff, 0xc1,
    0x6f, 0xfc, 0x0, 0x0, 0x0, 0x0, 0x0, 0x6f,
    0xfc, 0x0, 0x0, 0x0, 0x0, 0x0, 0x6f, 0xfc,
    0x0, 0x0, 0x0, 0x0, 0x0, 0x6f, 0xfc, 0x0,
    0x0, 0x0, 0x0, 0x0, 0x6f, 0xfc, 0x0, 0x0,
    0x0, 0x0, 0x0, 0x6f, 0xfc, 0x0, 0x0, 0x0,
    0x0, 0x0, 0x6f, 0xfc,

    /* U+0072 "r" */
    0x3f, 0xfc, 0x6, 0xff, 0xff, 0x3f, 0xfc, 0x6f,
    0xff, 0xff, 0x3f, 0xff, 0xff, 0xeb, 0xba, 0x3f,
    0xff, 0xfe, 0x20, 0x0, 0x3f, 0xff, 0xe2, 0x0,
    0x0, 0x3f, 0xff, 0x20, 0x0, 0x0, 0x3f, 0xff,
    0x0, 0x0, 0x0, 0x3f, 0xff, 0x0, 0x0, 0x0,
    0x3f, 0xff, 0x0, 0x0, 0x0, 0x3f, 0xff, 0x0,
    0x0, 0x0, 0x3f, 0xff, 0x0, 0x0, 0x0, 0x3f,
    0xff, 0x0, 0x0, 0x0, 0x3f, 0xff, 0x0, 0x0,
    0x0, 0x3f, 0xff, 0x0, 0x0, 0x0,

    /* U+0073 "s" */
    0x0, 0xbf, 0xff, 0xff, 0xff, 0x50, 0x0, 0xbf,
    0xff, 0xff, 0xff, 0xff, 0x50, 0x9f, 0xff, 0x99,
    0x99, 0xbf, 0xff, 0x3c, 0xff, 0x60, 0x0, 0x0,
    0xcf, 0xf6, 0xcf, 0xf6, 0x0, 0x0, 0x2, 0x33,
    0x1a, 0xff, 0xf9, 0x99, 0x99, 0x94, 0x0, 0xb,
    0xff, 0xff, 0xff, 0xff, 0xf4, 0x0, 0xb, 0xff,
    0xff, 0xff, 0xff, 0xf3, 0x0, 0x0, 0x0, 0x0,
    0xc, 0xff, 0xa6, 0x77, 0x10, 0x0, 0x0, 0x7f,
    0xfa, 0xef, 0xf5, 0x0, 0x0, 0x8, 0xff, 0xab,
    0xff, 0xe9, 0x99, 0x9a, 0xff, 0xf8, 0xb, 0xff,
    0xff, 0xff, 0xff, 0xf9, 0x0, 0xc, 0xff, 0xff,
    0xff, 0xf9, 0x0,

    /* U+0074 "t" */
    0x0, 0x6, 0x88, 0x20, 0x0, 0x0, 0x0, 0xdf,
    0xf4, 0x0, 0x0, 0x0, 0xd, 0xff, 0x40, 0x0,
    0x0, 0x0, 0xdf, 0xf4, 0x0, 0x0, 0x0, 0xd,
    0xff, 0x40, 0x0, 0x7, 0xff, 0xff, 0xff, 0xff,
    0xf8, 0x7f, 0xff, 0xff, 0xff, 0xff, 0x84, 0xbb,
    0xff, 0xfc, 0xbb, 0xb5, 0x0, 0xe, 0xff, 0x40,
    0x0, 0x0, 0x0, 0xef, 0xf4, 0x0, 0x0, 0x0,
    0xe, 0xff, 0x40, 0x0, 0x0, 0x0, 0xef, 0xf4,
    0x0, 0x0, 0x0, 0xe, 0xff, 0x40, 0x0, 0x0,
    0x0, 0xef, 0xf4, 0x0, 0x0, 0x0, 0xe, 0xff,
    0x40, 0x0, 0x0, 0x0, 0xef, 0xf9, 0x0, 0x0,
    0x0, 0x9, 0xff, 0xfc, 0xbb, 0x50, 0x0, 0xa,
    0xff, 0xff, 0xf8, 0x0, 0x0, 0xa, 0xff, 0xff,
    0x80,

    /* U+0075 "u" */
    0x5f, 0xfd, 0x0, 0x0, 0x0, 0xaf, 0xf8, 0x5f,
    0xfd, 0x0, 0x0, 0x0, 0xaf, 0xf8, 0x5f, 0xfd,
    0x0, 0x0, 0x0, 0xaf, 0xf8, 0x5f, 0xfd, 0x0,
    0x0, 0x0, 0xaf, 0xf8, 0x5f, 0xfd, 0x0, 0x0,
    0x0, 0xaf, 0xf8, 0x5f, 0xfd, 0x0, 0x0, 0x0,
    0xaf, 0xf8, 0x5f, 0xfd, 0x0, 0x0, 0x0, 0xaf,
    0xf8, 0x5f, 0xfd, 0x0, 0x0, 0x0, 0xaf, 0xf8,
    0x5f, 0xfd, 0x0, 0x0, 0x1, 0xdf, 0xf8, 0x5f,
    0xfd, 0x0, 0x0, 0x1c, 0xff, 0xf8, 0x5f, 0xff,
    0x30, 0x1, 0xcf, 0xff, 0xf8, 0x1d, 0xff, 0xfb,
    0xbd, 0xff, 0xdf, 0xf8, 0x1, 0xdf, 0xff, 0xff,
    0xf7, 0x7f, 0xf8, 0x0, 0x1d, 0xff, 0xff, 0x70,
    0x7f, 0xf8,

    /* U+0076 "v" */
    0xaf, 0xf9, 0x0, 0x0, 0x0, 0x9f, 0xfb, 0x4f,
    0xfe, 0x0, 0x0, 0x0, 0xef, 0xf5, 0xe, 0xff,
    0x40, 0x0, 0x3, 0xff, 0xe0, 0x8, 0xff, 0x90,
    0x0, 0x9, 0xff, 0x90, 0x2, 0xff, 0xe0, 0x0,
    0xe, 0xff, 0x30, 0x0, 0xcf, 0xf4, 0x0, 0x4f,
    0xfc, 0x0, 0x0, 0x6f, 0xf9, 0x0, 0x9f, 0xf6,
    0x0, 0x0, 0x1f, 0xfe, 0x0, 0xef, 0xf1, 0x0,
    0x0, 0xa, 0xff, 0x44, 0xff, 0xa0, 0x0, 0x0,
    0x4, 0xff, 0x99, 0xff, 0x40, 0x0, 0x0, 0x0,
    0xef, 0xee, 0xfe, 0x0, 0x0, 0x0, 0x0, 0x8f,
    0xff, 0xf8, 0x0, 0x0, 0x0, 0x0, 0x2f, 0xff,
    0xf2, 0x0, 0x0, 0x0, 0x0, 0xc, 0xff, 0xc0,
    0x0, 0x0,

    /* U+0077 "w" */
    0x2f, 0xff, 0x0, 0x0, 0x7f, 0xfb, 0x0, 0x0,
    0xcf, 0xf6, 0xe, 0xff, 0x30, 0x0, 0xbf, 0xff,
    0x0, 0x0, 0xff, 0xf2, 0xb, 0xff, 0x60, 0x0,
    0xff, 0xff, 0x30, 0x3, 0xff, 0xe0, 0x7, 0xff,
    0x90, 0x5, 0xff, 0xff, 0x80, 0x7, 0xff, 0x90,
    0x3, 0xff, 0xc0, 0x9, 0xfd, 0xaf, 0xc0, 0xa,
    0xff, 0x50, 0x0, 0xff, 0xf0, 0xe, 0xf8, 0x6f,
    0xf0, 0xd, 0xff, 0x10, 0x0, 0xcf, 0xf2, 0x3f,
    0xf4, 0x2f, 0xf4, 0x1f, 0xfd, 0x0, 0x0, 0x8f,
    0xf5, 0x7f, 0xf0, 0xe, 0xf8, 0x4f, 0xf9, 0x0,
    0x0, 0x4f, 0xf8, 0xcf, 0xa0, 0x9, 0xfc, 0x7f,
    0xf5, 0x0, 0x0, 0xf, 0xfc, 0xff, 0x60, 0x5,
    0xff, 0xcf, 0xf1, 0x0, 0x0, 0xc, 0xff, 0xff,
    0x10, 0x1, 0xff, 0xff, 0xd0, 0x0, 0x0, 0x9,
    0xff, 0xfc, 0x0, 0x0, 0xcf, 0xff, 0x90, 0x0,
    0x0, 0x5, 0xff, 0xf8, 0x0, 0x0, 0x8f, 0xff,
    0x50, 0x0, 0x0, 0x1, 0xff, 0xf3, 0x0, 0x0,
    0x4f, 0xff, 0x10, 0x0,

    /* U+0078 "x" */
    0x3f, 0xff, 0x50, 0x0, 0x0, 0xdf, 0xfa, 0x0,
    0x7f, 0xfe, 0x10, 0x0, 0xaf, 0xfd, 0x0, 0x0,
    0xbf, 0xfc, 0x0, 0x5f, 0xff, 0x30, 0x0, 0x1,
    0xef, 0xf7, 0x2f, 0xff, 0x70, 0x0, 0x0, 0x4,
    0xff, 0xfd, 0xff, 0xb0, 0x0, 0x0, 0x0, 0x9,
    0xff, 0xff, 0xe1, 0x0, 0x0, 0x0, 0x0, 0xd,
    0xff, 0xf4, 0x0, 0x0, 0x0, 0x0, 0x1, 0xef,
    0xff, 0x60, 0x0, 0x0, 0x0, 0x0, 0xbf, 0xff,
    0xff, 0x20, 0x0, 0x0, 0x0, 0x7f, 0xff, 0xbf,
    0xfd, 0x0, 0x0, 0x0, 0x3f, 0xff, 0x51, 0xef,
    0xf9, 0x0, 0x0, 0xd, 0xff, 0xa0, 0x3, 0xff,
    0xf5, 0x0, 0xa, 0xff, 0xd0, 0x0, 0x8, 0xff,
    0xe1, 0x5, 0xff, 0xf3, 0x0, 0x0, 0xc, 0xff,
    0xc0,

    /* U+0079 "y" */
    0x5f, 0xfd, 0x0, 0x0, 0x0, 0x9f, 0xf9, 0x5f,
    0xfd, 0x0, 0x0, 0x0, 0x9f, 0xf9, 0x5f, 0xfd,
    0x0, 0x0, 0x0, 0x9f, 0xf9, 0x5f, 0xfd, 0x0,
    0x0, 0x0, 0x9f, 0xf9, 0x5f, 0xfd, 0x0, 0x0,
    0x0, 0x9f, 0xf9, 0x5f, 0xfd, 0x0, 0x0, 0x0,
    0x9f, 0xf9, 0x5f, 0xfd, 0x0, 0x0, 0x0, 0x9f,
    0xf9, 0x5f, 0xfd, 0x0, 0x0, 0x0, 0x9f, 0xf9,
    0x5f, 0xfd, 0x0, 0x0, 0x0, 0xdf, 0xf9, 0x5f,
    0xfd, 0x0, 0x0, 0xc, 0xff, 0xf9, 0x5f, 0xff,
    0x30, 0x0, 0xbf, 0xff, 0xf9, 0x1d, 0xff, 0xfb,
    0xbd, 0xff, 0xef, 0xf9, 0x1, 0xdf, 0xff, 0xff,
    0xf8, 0x9f, 0xf9, 0x0, 0x1d, 0xff, 0xff, 0x80,
    0x9f, 0xf9, 0x0, 0x0, 0x0, 0x0, 0x0, 0x9f,
    0xf9, 0x2, 0x33, 0x0, 0x0, 0x0, 0x9f, 0xf9,
    0xe, 0xff, 0x50, 0x0, 0x1, 0xdf, 0xf9, 0xc,
    0xff, 0xea, 0xaa, 0xad, 0xff, 0xf3, 0x1, 0xdf,
    0xff, 0xff, 0xff, 0xff, 0x30, 0x0, 0x1d, 0xff,
    0xff, 0xff, 0xf3, 0x0,

    /* U+007A "z" */
    0xe, 0xff, 0xff, 0xff, 0xff, 0xff, 0xe0, 0xef,
    0xff, 0xff, 0xff, 0xff, 0xfe, 0x8, 0x99, 0x99,
    0x99, 0xbf, 0xff, 0xc0, 0x0, 0x0, 0x0, 0x1d,
    0xff, 0xe1, 0x0, 0x0, 0x0, 0xc, 0xff, 0xe2,
    0x0, 0x0, 0x0, 0xb, 0xff, 0xf3, 0x0, 0x0,
    0x0, 0xa, 0xff, 0xf4, 0x0, 0x0, 0x0, 0x8,
    0xff, 0xf5, 0x0, 0x0, 0x0, 0x7, 0xff, 0xf7,
    0x0, 0x0, 0x0, 0x6, 0xff, 0xf8, 0x0, 0x0,
    0x0, 0x4, 0xff, 0xf9, 0x0, 0x0, 0x0, 0x1,
    0xff, 0xff, 0xa9, 0x99, 0x99, 0x98, 0x2f, 0xff,
    0xff, 0xff, 0xff, 0xff, 0xe2, 0xff, 0xff, 0xff,
    0xff, 0xff, 0xfe,

    /* U+007B "{" */
    0x0, 0x0, 0x8, 0xff, 0xfc, 0x0, 0x0, 0x8f,
    0xff, 0xfc, 0x0, 0x7, 0xff, 0xfd, 0xc9, 0x0,
    0xd, 0xff, 0xa0, 0x0, 0x0, 0xd, 0xff, 0x50,
    0x0, 0x0, 0xd, 0xff, 0x50, 0x0, 0x0, 0xd,
    0xff, 0x50, 0x0, 0x0, 0xd, 0xff, 0x50, 0x0,
    0x0, 0xd, 0xff, 0x50, 0x0, 0x0, 0xd, 0xff,
    0x50, 0x0, 0x0, 0x6f, 0xff, 0x40, 0x0, 0x5,
    0xff, 0xfa, 0x0, 0x0, 0xf, 0xff, 0xa0, 0x0,
    0x0, 0xf, 0xff, 0xa0, 0x0, 0x0, 0x5, 0xff,
    0xfa, 0x0, 0x0, 0x0, 0x5f, 0xff, 0x40, 0x0,
    0x0, 0xd, 0xff, 0x50, 0x0, 0x0, 0xd, 0xff,
    0x50, 0x0, 0x0, 0xd, 0xff, 0x50, 0x0, 0x0,
    0xd, 0xff, 0x50, 0x0, 0x0, 0xd, 0xff, 0x50,
    0x0, 0x0, 0xd, 0xff, 0x50, 0x0, 0x0, 0xd,
    0xff, 0xa0, 0x0, 0x0, 0x7, 0xff, 0xfd, 0xc9,
    0x0, 0x0, 0x8f, 0xff, 0xfc, 0x0, 0x0, 0x8,
    0xff, 0xfc,

    /* U+007C "|" */
    0x8, 0x88, 0x10, 0xff, 0xf2, 0xf, 0xff, 0x20,
    0xff, 0xf2, 0xf, 0xff, 0x20, 0xff, 0xf2, 0xf,
    0xff, 0x20, 0xff, 0xf2, 0xf, 0xff, 0x20, 0xff,
    0xf2, 0xf, 0xff, 0x20, 0xff, 0xf2, 0xf, 0xff,
    0x20, 0xff, 0xf2, 0xf, 0xff, 0x20, 0xff, 0xf2,
    0xf, 0xff, 0x20, 0xff, 0xf2, 0xf, 0xff, 0x20,
    0xff, 0xf2, 0xf, 0xff, 0x20, 0xff, 0xf2, 0xf,
    0xff, 0x20, 0xff, 0xf2, 0xf, 0xff, 0x20, 0xff,
    0xf2, 0xf, 0xff, 0x20, 0xff, 0xf2, 0xf, 0xff,
    0x20, 0xff, 0xf2,

    /* U+007D "}" */
    0x8f, 0xff, 0xb0, 0x0, 0x0, 0x8f, 0xff, 0xfb,
    0x0, 0x0, 0x6c, 0xcf, 0xff, 0xb0, 0x0, 0x0,
    0x7, 0xff, 0xf1, 0x0, 0x0, 0x1, 0xff, 0xf1,
    0x0, 0x0, 0x1, 0xff, 0xf1, 0x0, 0x0, 0x1,
    0xff, 0xf1, 0x0, 0x0, 0x1, 0xff, 0xf1, 0x0,
    0x0, 0x1, 0xff, 0xf1, 0x0, 0x0, 0x1, 0xff,
    0xf1, 0x0, 0x0, 0x1, 0xff, 0xf9, 0x0, 0x0,
    0x0, 0x6f, 0xff, 0x90, 0x0, 0x0, 0x6, 0xff,
    0xf3, 0x0, 0x0, 0x6, 0xff, 0xf3, 0x0, 0x0,
    0x6f, 0xff, 0x90, 0x0, 0x1, 0xff, 0xf9, 0x0,
    0x0, 0x1, 0xff, 0xf1, 0x0, 0x0, 0x1, 0xff,
    0xf1, 0x0, 0x0, 0x1, 0xff, 0xf1, 0x0, 0x0,
    0x1, 0xff, 0xf1, 0x0, 0x0, 0x1, 0xff, 0xf1,
    0x0, 0x0, 0x1, 0xff, 0xf1, 0x0, 0x0, 0x7,
    0xff, 0xf1, 0x0, 0x6c, 0xcf, 0xff, 0xb0, 0x0,
    0x8f, 0xff, 0xfb, 0x0, 0x0, 0x8f, 0xff, 0xb0,
    0x0, 0x0,

    /* U+007E "~" */
    0x0, 0x4d, 0xdc, 0x30, 0x0, 0x18, 0x88, 0x4,
    0xff, 0xff, 0xf6, 0x0, 0x3f, 0xfe, 0x4f, 0xff,
    0xff, 0xff, 0x90, 0xaf, 0xfe, 0xbf, 0xfc, 0x8,
    0xff, 0xff, 0xff, 0xf7, 0xbf, 0xf6, 0x0, 0x5f,
    0xff, 0xff, 0x80, 0x8b, 0xb4, 0x0, 0x3, 0xef,
    0xf9, 0x0,

    /* U+00A0 " " */

    /* U+00A1 "¡" */
    0x9, 0xfe, 0x22, 0xff, 0xf9, 0x1f, 0xff, 0x70,
    0x4a, 0x80, 0x0, 0x0, 0x0, 0x26, 0x50, 0x8,
    0xfe, 0x0, 0x9f, 0xf0, 0x9, 0xff, 0x0, 0xaf,
    0xf0, 0xb, 0xff, 0x10, 0xbf, 0xf1, 0xc, 0xff,
    0x20, 0xcf, 0xf3, 0xd, 0xff, 0x30, 0xef, 0xf4,
    0xe, 0xff, 0x40, 0xef, 0xf5, 0xe, 0xff, 0x50,
    0xef, 0xf5,

    /* U+00A2 "¢" */
    0x0, 0x0, 0x6, 0xff, 0x70, 0x0, 0x0, 0x0,
    0x0, 0x6, 0xff, 0x70, 0x0, 0x0, 0x0, 0x0,
    0x6, 0xff, 0x70, 0x0, 0x0, 0x0, 0x3f, 0xff,
    0xff, 0xff, 0xe3, 0x0, 0x3, 0xff, 0xff, 0xff,
    0xff, 0xfe, 0x30, 0x3f, 0xff, 0xeb, 0xbb, 0xbe,
    0xff, 0xe2, 0x7f, 0xfe, 0x20, 0x0, 0x2, 0xef,
    0xf6, 0x7f, 0xfb, 0x0, 0x0, 0x0, 0xcf, 0xf6,
    0x7f, 0xfb, 0x0, 0x0, 0x0, 0x11, 0x10, 0x7f,
    0xfb, 0x0, 0x0, 0x0, 0x0, 0x0, 0x7f, 0xfb,
    0x0, 0x0, 0x0, 0x0, 0x0, 0x7f, 0xfb, 0x0,
    0x0, 0x0, 0x12, 0x20, 0x7f, 0xfb, 0x0, 0x0,
    0x0, 0xcf, 0xf6, 0x7f, 0xfe, 0x20, 0x0, 0x2,
    0xef, 0xf6, 0x3f, 0xff, 0xeb, 0xbb, 0xbe, 0xff,
    0xe2, 0x3, 0xff, 0xff, 0xff, 0xff, 0xfe, 0x30,
    0x0, 0x3f, 0xff, 0xff, 0xff, 0xe3, 0x0, 0x0,
    0x0, 0x6, 0xff, 0x70, 0x0, 0x0, 0x0, 0x0,
    0x6, 0xff, 0x70, 0x0, 0x0, 0x0, 0x0, 0x6,
    0xff, 0x70, 0x0, 0x0,

    /* U+00A3 "£" */
    0x0, 0x0, 0x4, 0xff, 0xff, 0xff, 0xd1, 0x0,
    0x0, 0x0, 0x4f, 0xff, 0xff, 0xff, 0xfd, 0x10,
    0x0, 0x4, 0xff, 0xfe, 0xcc, 0xcf, 0xff, 0xd1,
    0x0, 0x1f, 0xff, 0xd1, 0x0, 0x3, 0xff, 0xf7,
    0x0, 0x2f, 0xff, 0x20, 0x0, 0x0, 0xaf, 0xf7,
    0x0, 0x2f, 0xff, 0x10, 0x0, 0x0, 0x24, 0x41,
    0x0, 0x2f, 0xff, 0x10, 0x0, 0x0, 0x0, 0x0,
    0x0, 0x2f, 0xff, 0x10, 0x0, 0x0, 0x0, 0x0,
    0x0, 0x2f, 0xff, 0x10, 0x0, 0x0, 0x0, 0x0,
    0xbf, 0xff, 0xff, 0xff, 0xff, 0xff, 0xc0, 0x0,
    0xbf, 0xff, 0xff, 0xff, 0xff, 0xff, 0xc0, 0x0,
    0x8b, 0xbf, 0xff, 0xbb, 0xbb, 0xbb, 0x80, 0x0,
    0x0, 0x2f, 0xff, 0x10, 0x0, 0x0, 0x0, 0x0,
    0x0, 0x3f, 0xff, 0x10, 0x0, 0x0, 0x0, 0x0,
    0x1, 0xdf, 0xfa, 0x0, 0x0, 0x0, 0x0, 0x0,
    0xb, 0xff, 0xc0, 0x0, 0x0, 0x0, 0x0, 0x0,
    0x4f, 0xff, 0x10, 0x0, 0x0, 0x0, 0x0, 0x0,
    0x4f, 0xff, 0xcc, 0xcc, 0xcc, 0xcc, 0xcc, 0xc9,
    0x4f, 0xff, 0xff, 0xff, 0xff, 0xff, 0xff, 0xfc,
    0x4f, 0xff, 0xff, 0xff, 0xff, 0xff, 0xff, 0xfc,

    /* U+00A4 "¤" */
    0x0, 0x20, 0x0, 0x0, 0x0, 0x0, 0x0, 0x20,
    0xb, 0xe2, 0x0, 0x0, 0x0, 0x0, 0xc, 0xe2,
    0x7f, 0xfe, 0x8f, 0xff, 0xff, 0xfb, 0xcf, 0xfb,
    0xa, 0xff, 0xff, 0xff, 0xff, 0xff, 0xff, 0xd1,
    0x0, 0xdf, 0xff, 0xcc, 0xcc, 0xef, 0xff, 0x10,
    0x4, 0xff, 0xf4, 0x0, 0x0, 0x2e, 0xff, 0x90,
    0x6, 0xff, 0xa0, 0x0, 0x0, 0x6, 0xff, 0xa0,
    0x6, 0xff, 0xa0, 0x0, 0x0, 0x6, 0xff, 0xa0,
    0x6, 0xff, 0xa0, 0x0, 0x0, 0x6, 0xff, 0xa0,
    0x6, 0xff, 0xa0, 0x0, 0x0, 0x6, 0xff, 0xa0,
    0x6, 0xff, 0xa0, 0x0, 0x0, 0x6, 0xff, 0xa0,
    0x4, 0xff, 0xf4, 0x0, 0x0, 0x2e, 0xff, 0x90,
    0x0, 0xdf, 0xff, 0xcc, 0xcc, 0xef, 0xff, 0x20,
    0xa, 0xff, 0xff, 0xff, 0xff, 0xff, 0xff, 0xd1,
    0x7f, 0xfe, 0x8f, 0xff, 0xff, 0xfb, 0xcf, 0xfb,
    0xc, 0xe2, 0x0, 0x0, 0x0, 0x0, 0xc, 0xe2,
    0x0, 0x20, 0x0, 0x0, 0x0, 0x0, 0x0, 0x20,

    /* U+00A5 "¥" */
    0x9f, 0xfe, 0x10, 0x0, 0x0, 0x0, 0xa, 0xff,
    0xe0, 0xe, 0xff, 0x80, 0x0, 0x0, 0x0, 0x3f,
    0xff, 0x50, 0x6, 0xff, 0xf2, 0x0, 0x0, 0x0,
    0xcf, 0xfb, 0x0, 0x0, 0xcf, 0xfb, 0x0, 0x0,
    0x5, 0xff, 0xf2, 0x0, 0x0, 0x3f, 0xff, 0x40,
    0x0, 0xe, 0xff, 0x80, 0x0, 0x0, 0x9, 0xff,
    0xd0, 0x0, 0x7f, 0xfe, 0x0, 0x0, 0x0, 0x1,
    0xff, 0xf6, 0x1, 0xff, 0xf6, 0x0, 0x0, 0x0,
    0x0, 0x6f, 0xfe, 0x1a, 0xff, 0xc0, 0x0, 0x0,
    0x0, 0x0, 0xd, 0xff, 0xbf, 0xff, 0x30, 0x0,
    0x0, 0x0, 0x0, 0x4, 0xff, 0xff, 0xf9, 0x0,
    0x0, 0x0, 0x0, 0x16, 0x66, 0xdf, 0xff, 0xf7,
    0x66, 0x40, 0x0, 0x0, 0x3f, 0xff, 0xff, 0xff,
    0xff, 0xff, 0xb0, 0x0, 0x0, 0x3f, 0xff, 0xff,
    0xff, 0xff, 0xff, 0xb0, 0x0, 0x0, 0x0, 0x0,
    0xf, 0xff, 0x40, 0x0, 0x0, 0x0, 0x0, 0x16,
    0x66, 0x6f, 0xff, 0x96, 0x66, 0x40, 0x0, 0x0,
    0x3f, 0xff, 0xff, 0xff, 0xff, 0xff, 0xb0, 0x0,
    0x0, 0x3f, 0xff, 0xff, 0xff, 0xff, 0xff, 0xb0,
    0x0, 0x0, 0x0, 0x0, 0xf, 0xff, 0x40, 0x0,
    0x0, 0x0, 0x0, 0x0, 0x0, 0xf, 0xff, 0x40,
    0x0, 0x0, 0x0, 0x0, 0x0, 0x0, 0xf, 0xff,
    0x40, 0x0, 0x0, 0x0,

    /* U+00A6 "¦" */
    0x7, 0x77, 0x10, 0xff, 0xf2, 0xf, 0xff, 0x20,
    0xff, 0xf2, 0xf, 0xff, 0x20, 0xff, 0xf2, 0xf,
    0xff, 0x20, 0xff, 0xf2, 0xf, 0xff, 0x20, 0xff,
    0xf2, 0xf, 0xff, 0x20, 0xff, 0xf2, 0xf, 0xff,
    0x20, 0x0, 0x0, 0x0, 0x0, 0x0, 0x0, 0x0,
    0x0, 0x0, 0x0, 0xff, 0xf2, 0xf, 0xff, 0x20,
    0xff, 0xf2, 0xf, 0xff, 0x20, 0xff, 0xf2, 0xf,
    0xff, 0x20, 0xff, 0xf2, 0xf, 0xff, 0x20, 0xff,
    0xf2, 0xf, 0xff, 0x20, 0xff, 0xf2, 0xf, 0xff,
    0x20, 0xff, 0xf2,

    /* U+00A7 "§" */
    0x0, 0x4f, 0xff, 0xff, 0xfe, 0x30, 0x0, 0x4f,
    0xff, 0xff, 0xff, 0xfe, 0x30, 0x2f, 0xff, 0xc9,
    0x99, 0xdf, 0xfe, 0x25, 0xff, 0xd0, 0x0, 0x1,
    0xff, 0xf4, 0x5f, 0xfc, 0x0, 0x0, 0x6, 0x66,
    0x14, 0xff, 0xe2, 0x0, 0x0, 0x0, 0x0, 0xa,
    0xff, 0xff, 0xff, 0xff, 0xa0, 0x0, 0xaf, 0xff,
    0xff, 0xff, 0xff, 0xa0, 0x9f, 0xff, 0x99, 0x99,
    0x9f, 0xff, 0x9b, 0xff, 0x70, 0x0, 0x0, 0x6f,
    0xfc, 0xbf, 0xf6, 0x0, 0x0, 0x4, 0xff, 0xcb,
    0xff, 0x70, 0x0, 0x0, 0x6f, 0xfc, 0x9f, 0xff,
    0x99, 0x99, 0x9f, 0xff, 0x90, 0xbf, 0xff, 0xff,
    0xff, 0xff, 0xa0, 0x0, 0xbf, 0xff, 0xff, 0xff,
    0xfa, 0x0, 0x0, 0x0, 0x0, 0x2, 0xef, 0xf5,
    0x17, 0x77, 0x0, 0x0, 0xb, 0xff, 0x62, 0xff,
    0xf2, 0x0, 0x0, 0xcf, 0xf6, 0x1e, 0xff, 0xd9,
    0x99, 0xbf, 0xff, 0x30, 0x2e, 0xff, 0xff, 0xff,
    0xff, 0x40, 0x0, 0x2e, 0xff, 0xff, 0xff, 0x40,
    0x0,

    /* U+00A8 "¨" */
    0x3, 0x75, 0x0, 0x3, 0x75, 0x1, 0xff, 0xf4,
    0x2, 0xff, 0xf4, 0x3f, 0xff, 0x60, 0x3f, 0xff,
    0x60, 0xaf, 0xd1, 0x0, 0xbf, 0xd1,

    /* U+00A9 "©" */
    0x0, 0x0, 0x6, 0x88, 0x88, 0x88, 0x88, 0x88,
    0x0, 0x0, 0x0, 0x0, 0x0, 0x8f, 0xff, 0xff,
    0xff, 0xff, 0xff, 0xc0, 0x0, 0x0, 0x0, 0x8,
    0xff, 0xff, 0xff, 0xff, 0xff, 0xff, 0xfc, 0x0,
    0x0, 0x0, 0x8f, 0xff, 0x30, 0x0, 0x0, 0x0,
    0x1d, 0xff, 0xc0, 0x0, 0x9, 0xff, 0xf3, 0x1,
    0x77, 0x77, 0x74, 0x1, 0xdf, 0xfc, 0x10, 0x8f,
    0xfe, 0x30, 0x1d, 0xff, 0xff, 0xff, 0x40, 0x1c,
    0xff, 0xc0, 0xbf, 0xf3, 0x1, 0xdf, 0xff, 0xff,
    0xff, 0xf4, 0x1, 0xdf, 0xf0, 0xbf, 0xe0, 0xd,
    0xff, 0xa0, 0x0, 0x3f, 0xff, 0x20, 0xaf, 0xf0,
    0xbf, 0xe0, 0xf, 0xfd, 0x0, 0x0, 0x5, 0xff,
    0x50, 0xaf, 0xf0, 0xbf, 0xe0, 0xf, 0xfb, 0x0,
    0x0, 0x1, 0x55, 0x10, 0xaf, 0xf0, 0xbf, 0xe0,
    0xf, 0xfb, 0x0, 0x0, 0x0, 0x0, 0x0, 0xaf,
    0xf0, 0xbf, 0xe0, 0xf, 0xfb, 0x0, 0x0, 0x4,
    0xee, 0x40, 0xaf, 0xf0, 0xbf, 0xe0, 0xf, 0xff,
    0x30, 0x0, 0xa, 0xff, 0x50, 0xaf, 0xf0, 0xbf,
    0xe0, 0x6, 0xff, 0xe7, 0x77, 0xaf, 0xfb, 0x0,
    0xaf, 0xf0, 0xbf, 0xf9, 0x0, 0x7f, 0xff, 0xff,
    0xff, 0xb0, 0x5, 0xff, 0xf0, 0x3e, 0xff, 0xa0,
    0x7, 0xff, 0xff, 0xfc, 0x0, 0x6f, 0xff, 0x60,
    0x2, 0xef, 0xfa, 0x0, 0x0, 0x0, 0x0, 0x6,
    0xff, 0xf6, 0x0, 0x0, 0x2e, 0xff, 0xb8, 0x88,
    0x88, 0x88, 0x9f, 0xff, 0x50, 0x0, 0x0, 0x2,
    0xef, 0xff, 0xff, 0xff, 0xff, 0xff, 0xf5, 0x0,
    0x0, 0x0, 0x0, 0x1d, 0xff, 0xff, 0xff, 0xff,
    0xff, 0x40, 0x0, 0x0,

    /* U+00AA "ª" */
    0x3, 0xef, 0xff, 0xfd, 0x10, 0x3e, 0xff, 0xff,
    0xff, 0xd1, 0xcf, 0xf5, 0x33, 0x7f, 0xf9, 0x23,
    0x30, 0x0, 0x2f, 0xf9, 0x7, 0xff, 0xff, 0xff,
    0xf9, 0x7f, 0xfe, 0xdd, 0xef, 0xf9, 0xef, 0xe0,
    0x0, 0x3f, 0xf9, 0xef, 0xf2, 0x23, 0xdf, 0xf9,
    0x7f, 0xff, 0xff, 0xff, 0xf9, 0x8, 0xff, 0xfe,
    0x3d, 0xf9,

    /* U+00AB "«" */
    0x0, 0x0, 0x0, 0x0, 0x0, 0x0, 0x0, 0x0,
    0x0, 0x0, 0x4, 0x50, 0x0, 0x0, 0x73, 0x0,
    0x0, 0x8, 0xf6, 0x0, 0x0, 0xaf, 0x30, 0x0,
    0xb, 0xff, 0x60, 0x2, 0xdf, 0xf3, 0x0, 0x2d,
    0xff, 0xf3, 0x4, 0xef, 0xfe, 0x10, 0x5f, 0xff,
    0xd2, 0x7, 0xff, 0xfb, 0x10, 0x3f, 0xff, 0xa0,
    0x7, 0xff, 0xf8, 0x0, 0x4, 0xff, 0xd0, 0x0,
    0x8f, 0xfa, 0x0, 0x0, 0x3f, 0xff, 0xc1, 0x6,
    0xff, 0xfa, 0x0, 0x0, 0x3e, 0xff, 0xe4, 0x5,
    0xff, 0xfd, 0x20, 0x0, 0x1c, 0xff, 0xf4, 0x3,
    0xdf, 0xff, 0x20, 0x0, 0x9, 0xff, 0x60, 0x1,
    0xbf, 0xf3, 0x0, 0x0, 0x6, 0xf6, 0x0, 0x0,
    0x8f, 0x30, 0x0, 0x0, 0x3, 0x40, 0x0, 0x0,
    0x52,

    /* U+00AC "¬" */
    0x8b, 0xbb, 0xbb, 0xbb, 0xbb, 0xbb, 0xb2, 0xbf,
    0xff, 0xff, 0xff, 0xff, 0xff, 0xf3, 0xbf, 0xff,
    0xff, 0xff, 0xff, 0xff, 0xf3, 0x0, 0x0, 0x0,
    0x0, 0x0, 0xef, 0xf3, 0x0, 0x0, 0x0, 0x0,
    0x0, 0xef, 0xf3, 0x0, 0x0, 0x0, 0x0, 0x0,
    0xef, 0xf3, 0x0, 0x0, 0x0, 0x0, 0x0, 0xef,
    0xf3, 0x0, 0x0, 0x0, 0x0, 0x0, 0x78, 0x81,

    /* U+00AD "­" */
    0x8c, 0xcc, 0xcc, 0xcc, 0xc6, 0xbf, 0xff, 0xff,
    0xff, 0xf9, 0xbf, 0xff, 0xff, 0xff, 0xf9,

    /* U+00AE "®" */
    0x0, 0xb, 0xee, 0xee, 0xed, 0x20, 0x0, 0x0,
    0x9f, 0xff, 0xff, 0xff, 0xd0, 0x0, 0x6, 0xfe,
    0x20, 0x0, 0xb, 0xfb, 0x0, 0x3f, 0xf4, 0x11,
    0x11, 0x1, 0xef, 0x80, 0xbf, 0x90, 0xef, 0xff,
    0xc0, 0x4f, 0xf0, 0xbf, 0x50, 0xed, 0x48, 0xf6,
    0xf, 0xf1, 0xbf, 0x50, 0xed, 0x16, 0xf6, 0xf,
    0xf1, 0xbf, 0x50, 0xef, 0xff, 0xe1, 0xf, 0xf1,
    0xbf, 0x50, 0xee, 0x4a, 0xf4, 0xf, 0xf1, 0xbf,
    0x90, 0xbb, 0x3, 0xd5, 0x4f, 0xf0, 0x2e, 0xfb,
    0x0, 0x0, 0x6, 0xff, 0x60, 0x2, 0xdf, 0xfe,
    0xee, 0xef, 0xf5, 0x0, 0x0, 0x1d, 0xff, 0xff,
    0xff, 0x40, 0x0,

    /* U+00AF "¯" */
    0x58, 0x88, 0x88, 0x88, 0x82, 0xbf, 0xff, 0xff,
    0xff, 0xf4, 0xbf, 0xff, 0xff, 0xff, 0xf4,

    /* U+00B0 "°" */
    0x0, 0x11, 0x10, 0x0, 0x4, 0xff, 0xfe, 0x30,
    0x4f, 0xff, 0xff, 0xe3, 0xbf, 0xb0, 0x1d, 0xf9,
    0xbf, 0x70, 0x9, 0xf9, 0xbf, 0xc1, 0x2d, 0xf9,
    0x3f, 0xff, 0xff, 0xe2, 0x3, 0xff, 0xfe, 0x20,

    /* U+00B1 "±" */
    0x0, 0x0, 0xc, 0xff, 0x50, 0x0, 0x0, 0x0,
    0x0, 0xc, 0xff, 0x50, 0x0, 0x0, 0x0, 0x0,
    0xc, 0xff, 0x50, 0x0, 0x0, 0x0, 0x0, 0xc,
    0xff, 0x50, 0x0, 0x0, 0x8b, 0xbb, 0xbe, 0xff,
    0xcb, 0xbb, 0xb3, 0xbf, 0xff, 0xff, 0xff, 0xff,
    0xff, 0xf5, 0xbf, 0xff, 0xff, 0xff, 0xff, 0xff,
    0xf5, 0x0, 0x0, 0xc, 0xff, 0x50, 0x0, 0x0,
    0x0, 0x0, 0xc, 0xff, 0x50, 0x0, 0x0, 0x0,
    0x0, 0xc, 0xff, 0x50, 0x0, 0x0, 0x0, 0x0,
    0xc, 0xff, 0x50, 0x0, 0x0, 0x0, 0x0, 0x6,
    0x88, 0x30, 0x0, 0x0, 0x0, 0x0, 0x0, 0x0,
    0x0, 0x0, 0x0, 0x8b, 0xbb, 0xbb, 0xbb, 0xbb,
    0xbb, 0xb3, 0xbf, 0xff, 0xff, 0xff, 0xff, 0xff,
    0xf5, 0xbf, 0xff, 0xff, 0xff, 0xff, 0xff, 0xf5,

    /* U+00B2 "²" */
    0x0, 0x8f, 0xff, 0xff, 0x80, 0x0, 0x8f, 0xff,
    0xff, 0xff, 0x80, 0x2f, 0xff, 0x98, 0x9f, 0xff,
    0x22, 0xff, 0xd0, 0x0, 0xdf, 0xf2, 0x3, 0x32,
    0x0, 0x6f, 0xff, 0x20, 0x0, 0x0, 0x8f, 0xff,
    0x90, 0x0, 0x0, 0xaf, 0xff, 0x60, 0x0, 0x1,
    0xcf, 0xfe, 0x30, 0x0, 0x3, 0xef, 0xfd, 0x20,
    0x0, 0x1, 0xff, 0xff, 0x87, 0x77, 0x71, 0x1f,
    0xff, 0xff, 0xff, 0xff, 0x31, 0xff, 0xff, 0xff,
    0xff, 0xf3,

    /* U+00B3 "³" */
    0x0, 0x5f, 0xff, 0xff, 0xe2, 0x0, 0x6f, 0xff,
    0xff, 0xff, 0xe2, 0xe, 0xff, 0xa7, 0x7d, 0xff,
    0x90, 0xef, 0xf1, 0x0, 0x7f, 0xf9, 0x0, 0x0,
    0x0, 0x8, 0xff, 0x90, 0x0, 0x3f, 0xff, 0xff,
    0xf5, 0x0, 0x3, 0xff, 0xff, 0xfe, 0x20, 0x0,
    0x4, 0x44, 0xaf, 0xf9, 0xc, 0xcc, 0x0, 0x7,
    0xff, 0x90, 0xff, 0xf9, 0x77, 0xcf, 0xf9, 0x7,
    0xff, 0xff, 0xff, 0xfe, 0x20, 0x7, 0xff, 0xff,
    0xfe, 0x20,

    /* U+00B4 "´" */
    0x0, 0x2a, 0xaa, 0x10, 0x9, 0xff, 0xa0, 0x1,
    0xff, 0xf1, 0x0, 0x8f, 0xf7, 0x0, 0xf, 0xfd,
    0x0, 0x0,

    /* U+00B6 "¶" */
    0x0, 0x3f, 0xff, 0xff, 0xe0, 0x7f, 0xf7, 0x3,
    0xff, 0xff, 0xff, 0xe0, 0x7f, 0xf7, 0x3f, 0xff,
    0xff, 0xff, 0xe0, 0x7f, 0xf7, 0xbf, 0xff, 0xff,
    0xff, 0xe0, 0x7f, 0xf7, 0xbf, 0xff, 0xff, 0xff,
    0xe0, 0x7f, 0xf7, 0xbf, 0xff, 0xff, 0xff, 0xe0,
    0x7f, 0xf7, 0xbf, 0xff, 0xff, 0xff, 0xe0, 0x7f,
    0xf7, 0xbf, 0xff, 0xff, 0xff, 0xe0, 0x7f, 0xf7,
    0x7f, 0xff, 0xff, 0xff, 0xe0, 0x7f, 0xf7, 0x8,
    0xff, 0xff, 0xff, 0xe0, 0x7f, 0xf7, 0x0, 0x8f,
    0xff, 0xff, 0xe0, 0x7f, 0xf7, 0x0, 0x4, 0x56,
    0xff, 0xe0, 0x7f, 0xf7, 0x0, 0x0, 0x1, 0xff,
    0xe0, 0x7f, 0xf7, 0x0, 0x0, 0x1, 0xff, 0xe0,
    0x7f, 0xf7, 0x0, 0x0, 0x1, 0xff, 0xe0, 0x7f,
    0xf7, 0x0, 0x0, 0x1, 0xff, 0xe0, 0x7f, 0xf7,
    0x0, 0x0, 0x1, 0xff, 0xe0, 0x7f, 0xf7, 0x0,
    0x0, 0x1, 0xff, 0xe0, 0x7f, 0xf7, 0x0, 0x0,
    0x1, 0xff, 0xe0, 0x7f, 0xf7, 0x0, 0x0, 0x1,
    0xff, 0xe0, 0x7f, 0xf7, 0x0, 0x0, 0x1, 0xff,
    0xe0, 0x7f, 0xf7, 0x0, 0x0, 0x1, 0xff, 0xe0,
    0x7f, 0xf7, 0x0, 0x0, 0x1, 0xff, 0xe0, 0x7f,
    0xf7, 0x0, 0x0, 0x1, 0xff, 0xe0, 0x7f, 0xf7,
    0x0, 0x0, 0x1, 0xff, 0xe0, 0x7f, 0xf7, 0x0,
    0x0, 0x1, 0xff, 0xe0, 0x7f, 0xf7,

    /* U+00B7 "·" */
    0x1b, 0xc5, 0xb, 0xff, 0xf1, 0xcf, 0xff, 0x13,
    0xff, 0x90,

    /* U+00B8 "¸" */
    0x0, 0x9f, 0xc0, 0x0, 0xe, 0xf6, 0x0, 0x5,
    0xff, 0x97, 0x0, 0x9f, 0xff, 0xf9, 0x1, 0x22,
    0x9f, 0xf0, 0x0, 0x6, 0xff, 0x1d, 0xdd, 0xff,
    0xd1, 0xff, 0xff, 0xd1,

    /* U+00B9 "¹" */
    0x0, 0x2b, 0xff, 0x51, 0x9f, 0xff, 0xf5, 0x4f,
    0xff, 0xff, 0x54, 0xfb, 0xcf, 0xf5, 0x23, 0xa,
    0xff, 0x50, 0x0, 0xaf, 0xf5, 0x0, 0xa, 0xff,
    0x50, 0x0, 0xaf, 0xf5, 0x0, 0xa, 0xff, 0x50,
    0x0, 0xaf, 0xf5, 0x0, 0xa, 0xff, 0x50, 0x0,
    0xaf, 0xf5,

    /* U+00BA "º" */
    0x4, 0xff, 0xff, 0xff, 0x30, 0x4f, 0xff, 0xff,
    0xff, 0xf4, 0xdf, 0xf8, 0x55, 0x8f, 0xfc, 0xef,
    0xe0, 0x0, 0xf, 0xfd, 0xef, 0xe0, 0x0, 0xf,
    0xfd, 0xef, 0xe0, 0x0, 0xf, 0xfd, 0xef, 0xe0,
    0x0, 0xf, 0xfd, 0xdf, 0xf8, 0x55, 0x9f, 0xfc,
    0x4f, 0xff, 0xff, 0xff, 0xf3, 0x4, 0xff, 0xff,
    0xff, 0x30,

    /* U+00BB "»" */
    0x0, 0x0, 0x0, 0x0, 0x0, 0x0, 0x0, 0x81,
    0x0, 0x0, 0x9, 0x0, 0x0, 0x0, 0xbe, 0x40,
    0x0, 0xf, 0xd2, 0x0, 0x0, 0xbf, 0xf7, 0x0,
    0xf, 0xff, 0x40, 0x0, 0x8f, 0xff, 0xa0, 0xb,
    0xff, 0xf8, 0x0, 0x5, 0xff, 0xfd, 0x20, 0x8f,
    0xff, 0xb0, 0x0, 0x3d, 0xff, 0xe0, 0x5, 0xff,
    0xfb, 0x0, 0x3, 0xff, 0xf0, 0x0, 0x6f, 0xfc,
    0x0, 0x4e, 0xff, 0xd0, 0x7, 0xff, 0xfa, 0x8,
    0xff, 0xfb, 0x10, 0xaf, 0xff, 0x90, 0x9f, 0xff,
    0x80, 0xc, 0xff, 0xf6, 0x0, 0xbf, 0xf5, 0x0,
    0xf, 0xfe, 0x30, 0x0, 0xbd, 0x20, 0x0, 0xf,
    0xb1, 0x0, 0x0, 0x71, 0x0, 0x0, 0x8, 0x0,
    0x0, 0x0,

    /* U+00BC "¼" */
    0x0, 0x3b, 0xdb, 0x0, 0x0, 0x0, 0x0, 0xad,
    0xd5, 0x0, 0x0, 0x2b, 0xff, 0xfe, 0x0, 0x0,
    0x0, 0x5, 0xff, 0xe0, 0x0, 0x0, 0xbf, 0xff,
    0xfe, 0x0, 0x0, 0x0, 0xd, 0xff, 0x50, 0x0,
    0x0, 0xbf, 0xbf, 0xfe, 0x0, 0x0, 0x0, 0x7f,
    0xfc, 0x0, 0x0, 0x0, 0x62, 0x1f, 0xfe, 0x0,
    0x0, 0x1, 0xff, 0xf3, 0x0, 0x0, 0x0, 0x0,
    0x1f, 0xfe, 0x0, 0x0, 0x9, 0xff, 0xa0, 0x0,
    0x0, 0x0, 0x0, 0x1f, 0xfe, 0x0, 0x0, 0x2f,
    0xff, 0x20, 0x0, 0x0, 0x0, 0x0, 0x1f, 0xfe,
    0x0, 0x0, 0xbf, 0xf8, 0x0, 0x0, 0x0, 0x0,
    0x0, 0x1f, 0xfe, 0x0, 0x4, 0xff, 0xe0, 0x0,
    0xaf, 0xff, 0x20, 0x0, 0x1f, 0xfe, 0x0, 0xd,
    0xff, 0x60, 0x7, 0xff, 0xff, 0x20, 0x0, 0x1f,
    0xfe, 0x0, 0x7f, 0xfd, 0x0, 0x3f, 0xff, 0xff,
    0x20, 0x0, 0x1f, 0xfe, 0x1, 0xef, 0xf4, 0x0,
    0xdf, 0xeb, 0xff, 0x20, 0x0, 0x0, 0x0, 0x9,
    0xff, 0xb0, 0xa, 0xff, 0x59, 0xff, 0x20, 0x0,
    0x0, 0x0, 0x2f, 0xff, 0x20, 0x5f, 0xf9, 0x9,
    0xff, 0x20, 0x0, 0x0, 0x0, 0xbf, 0xf9, 0x2,
    0xff, 0xd0, 0x9, 0xff, 0x20, 0x0, 0x0, 0x4,
    0xff, 0xe1, 0xa, 0xff, 0xb9, 0x9d, 0xff, 0xa5,
    0x0, 0x0, 0xd, 0xff, 0x60, 0xb, 0xff, 0xff,
    0xff, 0xff, 0xf9, 0x0, 0x0, 0x6f, 0xfd, 0x0,
    0xb, 0xff, 0xff, 0xff, 0xff, 0xf9, 0x0, 0x0,
    0xef, 0xf4, 0x0, 0x0, 0x0, 0x0, 0xd, 0xff,
    0x20, 0x0, 0x8, 0xff, 0xb0, 0x0, 0x0, 0x0,
    0x0, 0xd, 0xff, 0x20,

    /* U+00BD "½" */
    0x0, 0x3b, 0xdb, 0x0, 0x0, 0x0, 0x0, 0xbd,
    0xd4, 0x0, 0x0, 0x2, 0xbf, 0xff, 0xe0, 0x0,
    0x0, 0x0, 0x7f, 0xfc, 0x0, 0x0, 0x0, 0xbf,
    0xff, 0xfe, 0x0, 0x0, 0x0, 0x1f, 0xff, 0x40,
    0x0, 0x0, 0xb, 0xfa, 0xff, 0xe0, 0x0, 0x0,
    0x9, 0xff, 0xa0, 0x0, 0x0, 0x0, 0x62, 0x1f,
    0xfe, 0x0, 0x0, 0x2, 0xff, 0xf2, 0x0, 0x0,
    0x0, 0x0, 0x1, 0xff, 0xe0, 0x0, 0x0, 0xbf,
    0xf8, 0x0, 0x0, 0x0, 0x0, 0x0, 0x1f, 0xfe,
    0x0, 0x0, 0x4f, 0xfe, 0x10, 0x0, 0x0, 0x0,
    0x0, 0x1, 0xff, 0xe0, 0x0, 0xd, 0xff, 0x60,
    0x0, 0x0, 0x0, 0x0, 0x0, 0x1f, 0xfe, 0x0,
    0x6, 0xff, 0xd0, 0x1d, 0xff, 0xff, 0xf3, 0x0,
    0x1, 0xff, 0xe0, 0x1, 0xef, 0xf4, 0x1d, 0xff,
    0xff, 0xff, 0xf3, 0x0, 0x1f, 0xfe, 0x0, 0x8f,
    0xfb, 0x8, 0xff, 0xd9, 0x9c, 0xff, 0xc0, 0x1,
    0xff, 0xe0, 0x2f, 0xff, 0x20, 0x8f, 0xf7, 0x0,
    0x3f, 0xfc, 0x0, 0x0, 0x0, 0xb, 0xff, 0x90,
    0x0, 0x0, 0x0, 0xa, 0xff, 0xc0, 0x0, 0x0,
    0x4, 0xff, 0xf1, 0x0, 0x0, 0x0, 0x1c, 0xff,
    0xf4, 0x0, 0x0, 0x0, 0xdf, 0xf7, 0x0, 0x0,
    0x0, 0x3e, 0xff, 0xd2, 0x0, 0x0, 0x0, 0x6f,
    0xfd, 0x0, 0x0, 0x0, 0x4f, 0xff, 0xb1, 0x0,
    0x0, 0x0, 0xe, 0xff, 0x50, 0x0, 0x0, 0x7f,
    0xff, 0x90, 0x0, 0x0, 0x0, 0x8, 0xff, 0xc0,
    0x0, 0x0, 0x6f, 0xff, 0xd7, 0x77, 0x76, 0x0,
    0x1, 0xff, 0xf3, 0x0, 0x0, 0x7, 0xff, 0xff,
    0xff, 0xff, 0xd0, 0x0, 0xaf, 0xfa, 0x0, 0x0,
    0x0, 0x7f, 0xff, 0xff, 0xff, 0xfd,

    /* U+00BE "¾" */
    0x0, 0x68, 0x88, 0x87, 0x0, 0x0, 0x0, 0x0,
    0x7, 0x88, 0x30, 0x0, 0x0, 0x9f, 0xff, 0xff,
    0xfc, 0x0, 0x0, 0x0, 0x5, 0xff, 0xe0, 0x0,
    0x0, 0x7f, 0xff, 0xff, 0xff, 0xfb, 0x0, 0x0,
    0x0, 0xdf, 0xf6, 0x0, 0x0, 0xa, 0xff, 0x70,
    0x3, 0xff, 0xd0, 0x0, 0x0, 0x7f, 0xfc, 0x0,
    0x0, 0x0, 0x13, 0x31, 0x0, 0x3f, 0xfd, 0x0,
    0x0, 0x1f, 0xff, 0x30, 0x0, 0x0, 0x0, 0x0,
    0xef, 0xff, 0xff, 0x90, 0x0, 0xa, 0xff, 0xa0,
    0x0, 0x0, 0x0, 0x0, 0xe, 0xff, 0xff, 0xf6,
    0x0, 0x3, 0xff, 0xf1, 0x0, 0x0, 0x0, 0x0,
    0x0, 0x34, 0x47, 0xff, 0xd0, 0x0, 0xcf, 0xf7,
    0x0, 0x0, 0x0, 0x0, 0x9c, 0xc3, 0x0, 0x2f,
    0xfd, 0x0, 0x5f, 0xfe, 0x0, 0xa, 0xcc, 0xc0,
    0xb, 0xff, 0xb8, 0x8a, 0xff, 0xd0, 0xe, 0xff,
    0x50, 0x8, 0xff, 0xff, 0x0, 0x3f, 0xff, 0xff,
    0xff, 0xf5, 0x8, 0xff, 0xc0, 0x4, 0xff, 0xff,
    0xf0, 0x0, 0x3f, 0xff, 0xff, 0xf5, 0x1, 0xff,
    0xf3, 0x1, 0xef, 0xdd, 0xff, 0x0, 0x0, 0x0,
    0x0, 0x0, 0x0, 0xaf, 0xf9, 0x0, 0xcf, 0xf3,
    0xcf, 0xf0, 0x0, 0x0, 0x0, 0x0, 0x0, 0x3f,
    0xff, 0x10, 0x8f, 0xf7, 0xc, 0xff, 0x0, 0x0,
    0x0, 0x0, 0x0, 0xc, 0xff, 0x70, 0x4f, 0xfb,
    0x0, 0xcf, 0xf0, 0x0, 0x0, 0x0, 0x0, 0x6,
    0xff, 0xd0, 0xd, 0xff, 0xa9, 0x9e, 0xff, 0x93,
    0x0, 0x0, 0x0, 0x0, 0xef, 0xf4, 0x0, 0xef,
    0xff, 0xff, 0xff, 0xff, 0x60, 0x0, 0x0, 0x0,
    0x8f, 0xfb, 0x0, 0xe, 0xff, 0xff, 0xff, 0xff,
    0xf6, 0x0, 0x0, 0x0, 0x2f, 0xff, 0x20, 0x0,
    0x0, 0x0, 0x0, 0xff, 0xf0, 0x0, 0x0, 0x0,
    0xa, 0xff, 0x90, 0x0, 0x0, 0x0, 0x0, 0xf,
    0xff, 0x0,

    /* U+00BF "¿" */
    0x0, 0x0, 0x6, 0xff, 0x40, 0x0, 0x0, 0x0,
    0x0, 0xf, 0xff, 0xc0, 0x0, 0x0, 0x0, 0x0,
    0xd, 0xff, 0xb0, 0x0, 0x0, 0x0, 0x0, 0x2,
    0x99, 0x10, 0x0, 0x0, 0x0, 0x0, 0x0, 0x0,
    0x0, 0x0, 0x0, 0x0, 0x0, 0x9, 0xee, 0x60,
    0x0, 0x0, 0x0, 0x0, 0xa, 0xff, 0x70, 0x0,
    0x0, 0x0, 0x0, 0xa, 0xff, 0x70, 0x0, 0x0,
    0x0, 0x0, 0x3f, 0xff, 0x70, 0x0, 0x0, 0x0,
    0x4, 0xff, 0xfd, 0x10, 0x0, 0x0, 0x0, 0x4f,
    0xff, 0xd1, 0x0, 0x0, 0x0, 0x4, 0xff, 0xfd,
    0x10, 0x0, 0x0, 0x0, 0x4f, 0xff, 0xd1, 0x0,
    0x0, 0x0, 0x0, 0xbf, 0xfd, 0x10, 0x0, 0x0,
    0x0, 0x0, 0xbf, 0xf7, 0x0, 0x0, 0x0, 0x7c,
    0xc7, 0xbf, 0xf8, 0x0, 0x0, 0x0, 0xaf, 0xf9,
    0xaf, 0xff, 0x50, 0x0, 0x6, 0xff, 0xf8, 0xc,
    0xff, 0xfc, 0xcc, 0xcf, 0xff, 0xc0, 0x0, 0xcf,
    0xff, 0xff, 0xff, 0xfc, 0x0, 0x0, 0xc, 0xff,
    0xff, 0xff, 0xc0, 0x0,

    /* U+00C0 "À" */
    0x0, 0x0, 0x1a, 0xaa, 0x20, 0x0, 0x0, 0x0,
    0x0, 0x0, 0x0, 0xa, 0xff, 0x90, 0x0, 0x0,
    0x0, 0x0, 0x0, 0x0, 0x1, 0xff, 0xf1, 0x0,
    0x0, 0x0, 0x0, 0x0, 0x0, 0x0, 0x8f, 0xf7,
    0x0, 0x0, 0x0, 0x0, 0x0, 0x0, 0x0, 0xe,
    0xfe, 0x0, 0x0, 0x0, 0x0, 0x0, 0x0, 0x0,
    0x0, 0x0, 0x0, 0x0, 0x0, 0x0, 0x0, 0x0,
    0x0, 0xc, 0xff, 0xa0, 0x0, 0x0, 0x0, 0x0,
    0x0, 0x0, 0x2f, 0xff, 0xf0, 0x0, 0x0, 0x0,
    0x0, 0x0, 0x0, 0x8f, 0xff, 0xf5, 0x0, 0x0,
    0x0, 0x0, 0x0, 0x0, 0xdf, 0xff, 0xfb, 0x0,
    0x0, 0x0, 0x0, 0x0, 0x3, 0xff, 0xbe, 0xff,
    0x10, 0x0, 0x0, 0x0, 0x0, 0x9, 0xff, 0x58,
    0xff, 0x60, 0x0, 0x0, 0x0, 0x0, 0xe, 0xff,
    0x3, 0xff, 0xc0, 0x0, 0x0, 0x0, 0x0, 0x4f,
    0xfa, 0x0, 0xdf, 0xf2, 0x0, 0x0, 0x0, 0x0,
    0xaf, 0xf5, 0x0, 0x7f, 0xf7, 0x0, 0x0, 0x0,
    0x0, 0xff, 0xf0, 0x0, 0x2f, 0xfd, 0x0, 0x0,
    0x0, 0x5, 0xff, 0xa0, 0x0, 0xc, 0xff, 0x30,
    0x0, 0x0, 0xb, 0xff, 0x40, 0x0, 0x7, 0xff,
    0x80, 0x0, 0x0, 0x1f, 0xff, 0xbb, 0xbb, 0xbc,
    0xff, 0xe0, 0x0, 0x0, 0x6f, 0xff, 0xff, 0xff,
    0xff, 0xff, 0xf4, 0x0, 0x0, 0xcf, 0xff, 0xff,
    0xff, 0xff, 0xff, 0xf9, 0x0, 0x2, 0xff, 0xf1,
    0x0, 0x0, 0x0, 0x4f, 0xfe, 0x0, 0x7, 0xff,
    0xc0, 0x0, 0x0, 0x0, 0xe, 0xff, 0x50, 0xd,
    0xff, 0x60, 0x0, 0x0, 0x0, 0x9, 0xff, 0xa0,
    0x3f, 0xff, 0x10, 0x0, 0x0, 0x0, 0x4, 0xff,
    0xf0, 0x8f, 0xfb, 0x0, 0x0, 0x0, 0x0, 0x0,
    0xef, 0xf6,

    /* U+00C1 "Á" */
    0x0, 0x0, 0x0, 0x0, 0x5, 0xaa, 0x80, 0x0,
    0x0, 0x0, 0x0, 0x0, 0x0, 0xe, 0xff, 0x50,
    0x0, 0x0, 0x0, 0x0, 0x0, 0x0, 0x5f, 0xfc,
    0x0, 0x0, 0x0, 0x0, 0x0, 0x0, 0x0, 0xcf,
    0xf3, 0x0, 0x0, 0x0, 0x0, 0x0, 0x0, 0x4,
    0xff, 0x90, 0x0, 0x0, 0x0, 0x0, 0x0, 0x0,
    0x0, 0x0, 0x0, 0x0, 0x0, 0x0, 0x0, 0x0,
    0x0, 0xc, 0xff, 0xa0, 0x0, 0x0, 0x0, 0x0,
    0x0, 0x0, 0x2f, 0xff, 0xf0, 0x0, 0x0, 0x0,
    0x0, 0x0, 0x0, 0x8f, 0xff, 0xf5, 0x0, 0x0,
    0x0, 0x0, 0x0, 0x0, 0xdf, 0xff, 0xfb, 0x0,
    0x0, 0x0, 0x0, 0x0, 0x3, 0xff, 0xbe, 0xff,
    0x10, 0x0, 0x0, 0x0, 0x0, 0x9, 0xff, 0x58,
    0xff, 0x60, 0x0, 0x0, 0x0, 0x0, 0xe, 0xff,
    0x3, 0xff, 0xc0, 0x0, 0x0, 0x0, 0x0, 0x4f,
    0xfa, 0x0, 0xdf, 0xf2, 0x0, 0x0, 0x0, 0x0,
    0xaf, 0xf5, 0x0, 0x7f, 0xf7, 0x0, 0x0, 0x0,
    0x0, 0xff, 0xf0, 0x0, 0x2f, 0xfd, 0x0, 0x0,
    0x0, 0x5, 0xff, 0xa0, 0x0, 0xc, 0xff, 0x30,
    0x0, 0x0, 0xb, 0xff, 0x40, 0x0, 0x7, 0xff,
    0x80, 0x0, 0x0, 0x1f, 0xff, 0xbb, 0xbb, 0xbc,
    0xff, 0xe0, 0x0, 0x0, 0x6f, 0xff, 0xff, 0xff,
    0xff, 0xff, 0xf4, 0x0, 0x0, 0xcf, 0xff, 0xff,
    0xff, 0xff, 0xff, 0xf9, 0x0, 0x2, 0xff, 0xf1,
    0x0, 0x0, 0x0, 0x4f, 0xfe, 0x0, 0x7, 0xff,
    0xc0, 0x0, 0x0, 0x0, 0xe, 0xff, 0x50, 0xd,
    0xff, 0x60, 0x0, 0x0, 0x0, 0x9, 0xff, 0xa0,
    0x3f, 0xff, 0x10, 0x0, 0x0, 0x0, 0x4, 0xff,
    0xf0, 0x8f, 0xfb, 0x0, 0x0, 0x0, 0x0, 0x0,
    0xef, 0xf6,

    /* U+00C2 "Â" */
    0x0, 0x0, 0x0, 0x4, 0x88, 0x30, 0x0, 0x0,
    0x0, 0x0, 0x0, 0x0, 0x3f, 0xff, 0xe2, 0x0,
    0x0, 0x0, 0x0, 0x0, 0x1, 0xef, 0xef, 0xfd,
    0x0, 0x0, 0x0, 0x0, 0x0, 0xc, 0xff, 0x35,
    0xff, 0xa0, 0x0, 0x0, 0x0, 0x0, 0xaf, 0xf6,
    0x0, 0x8f, 0xf7, 0x0, 0x0, 0x0, 0x0, 0x0,
    0x0, 0x0, 0x0, 0x0, 0x0, 0x0, 0x0, 0x0,
    0x0, 0xc, 0xff, 0xa0, 0x0, 0x0, 0x0, 0x0,
    0x0, 0x0, 0x2f, 0xff, 0xf0, 0x0, 0x0, 0x0,
    0x0, 0x0, 0x0, 0x8f, 0xff, 0xf5, 0x0, 0x0,
    0x0, 0x0, 0x0, 0x0, 0xdf, 0xff, 0xfb, 0x0,
    0x0, 0x0, 0x0, 0x0, 0x3, 0xff, 0xbe, 0xff,
    0x10, 0x0, 0x0, 0x0, 0x0, 0x9, 0xff, 0x58,
    0xff, 0x60, 0x0, 0x0, 0x0, 0x0, 0xe, 0xff,
    0x3, 0xff, 0xc0, 0x0, 0x0, 0x0, 0x0, 0x4f,
    0xfa, 0x0, 0xdf, 0xf2, 0x0, 0x0, 0x0, 0x0,
    0xaf, 0xf5, 0x0, 0x7f, 0xf7, 0x0, 0x0, 0x0,
    0x0, 0xff, 0xf0, 0x0, 0x2f, 0xfd, 0x0, 0x0,
    0x0, 0x5, 0xff, 0xa0, 0x0, 0xc, 0xff, 0x30,
    0x0, 0x0, 0xb, 0xff, 0x40, 0x0, 0x7, 0xff,
    0x80, 0x0, 0x0, 0x1f, 0xff, 0xbb, 0xbb, 0xbc,
    0xff, 0xe0, 0x0, 0x0, 0x6f, 0xff, 0xff, 0xff,
    0xff, 0xff, 0xf4, 0x0, 0x0, 0xcf, 0xff, 0xff,
    0xff, 0xff, 0xff, 0xf9, 0x0, 0x2, 0xff, 0xf1,
    0x0, 0x0, 0x0, 0x4f, 0xfe, 0x0, 0x7, 0xff,
    0xc0, 0x0, 0x0, 0x0, 0xe, 0xff, 0x50, 0xd,
    0xff, 0x60, 0x0, 0x0, 0x0, 0x9, 0xff, 0xa0,
    0x3f, 0xff, 0x10, 0x0, 0x0, 0x0, 0x4, 0xff,
    0xf0, 0x8f, 0xfb, 0x0, 0x0, 0x0, 0x0, 0x0,
    0xef, 0xf6,

    /* U+00C3 "Ã" */
    0x0, 0x0, 0x6, 0xff, 0xe5, 0xe, 0xf7, 0x0,
    0x0, 0x0, 0x0, 0x7f, 0xff, 0xff, 0xff, 0xf6,
    0x0, 0x0, 0x0, 0x0, 0x9f, 0xd4, 0x9f, 0xff,
    0x70, 0x0, 0x0, 0x0, 0x0, 0x1, 0x0, 0x0,
    0x10, 0x0, 0x0, 0x0, 0x0, 0x0, 0x0, 0x0,
    0x0, 0x0, 0x0, 0x0, 0x0, 0x0, 0x0, 0x0,
    0xc, 0xff, 0xa0, 0x0, 0x0, 0x0, 0x0, 0x0,
    0x0, 0x2f, 0xff, 0xf0, 0x0, 0x0, 0x0, 0x0,
    0x0, 0x0, 0x8f, 0xff, 0xf5, 0x0, 0x0, 0x0,
    0x0, 0x0, 0x0, 0xdf, 0xff, 0xfb, 0x0, 0x0,
    0x0, 0x0, 0x0, 0x3, 0xff, 0xbe, 0xff, 0x10,
    0x0, 0x0, 0x0, 0x0, 0x9, 0xff, 0x58, 0xff,
    0x60, 0x0, 0x0, 0x0, 0x0, 0xe, 0xff, 0x3,
    0xff, 0xc0, 0x0, 0x0, 0x0, 0x0, 0x4f, 0xfa,
    0x0, 0xdf, 0xf2, 0x0, 0x0, 0x0, 0x0, 0xaf,
    0xf5, 0x0, 0x7f, 0xf7, 0x0, 0x0, 0x0, 0x0,
    0xff, 0xf0, 0x0, 0x2f, 0xfd, 0x0, 0x0, 0x0,
    0x5, 0xff, 0xa0, 0x0, 0xc, 0xff, 0x30, 0x0,
    0x0, 0xb, 0xff, 0x40, 0x0, 0x7, 0xff, 0x80,
    0x0, 0x0, 0x1f, 0xff, 0xbb, 0xbb, 0xbc, 0xff,
    0xe0, 0x0, 0x0, 0x6f, 0xff, 0xff, 0xff, 0xff,
    0xff, 0xf4, 0x0, 0x0, 0xcf, 0xff, 0xff, 0xff,
    0xff, 0xff, 0xf9, 0x0, 0x2, 0xff, 0xf1, 0x0,
    0x0, 0x0, 0x4f, 0xfe, 0x0, 0x7, 0xff, 0xc0,
    0x0, 0x0, 0x0, 0xe, 0xff, 0x50, 0xd, 0xff,
    0x60, 0x0, 0x0, 0x0, 0x9, 0xff, 0xa0, 0x3f,
    0xff, 0x10, 0x0, 0x0, 0x0, 0x4, 0xff, 0xf0,
    0x8f, 0xfb, 0x0, 0x0, 0x0, 0x0, 0x0, 0xef,
    0xf6,

    /* U+00C4 "Ä" */
    0x0, 0x0, 0x6f, 0xf4, 0x0, 0x6f, 0xf4, 0x0,
    0x0, 0x0, 0x0, 0xdf, 0xfb, 0x0, 0xef, 0xfb,
    0x0, 0x0, 0x0, 0x0, 0xbf, 0xf9, 0x0, 0xcf,
    0xf9, 0x0, 0x0, 0x0, 0x0, 0x17, 0x70, 0x0,
    0x17, 0x70, 0x0, 0x0, 0x0, 0x0, 0x0, 0x0,
    0x0, 0x0, 0x0, 0x0, 0x0, 0x0, 0x0, 0x0,
    0xc, 0xff, 0xa0, 0x0, 0x0, 0x0, 0x0, 0x0,
    0x0, 0x2f, 0xff, 0xf0, 0x0, 0x0, 0x0, 0x0,
    0x0, 0x0, 0x8f, 0xff, 0xf5, 0x0, 0x0, 0x0,
    0x0, 0x0, 0x0, 0xdf, 0xff, 0xfb, 0x0, 0x0,
    0x0, 0x0, 0x0, 0x3, 0xff, 0xbe, 0xff, 0x10,
    0x0, 0x0, 0x0, 0x0, 0x9, 0xff, 0x58, 0xff,
    0x60, 0x0, 0x0, 0x0, 0x0, 0xe, 0xff, 0x3,
    0xff, 0xc0, 0x0, 0x0, 0x0, 0x0, 0x4f, 0xfa,
    0x0, 0xdf, 0xf2, 0x0, 0x0, 0x0, 0x0, 0xaf,
    0xf5, 0x0, 0x7f, 0xf7, 0x0, 0x0, 0x0, 0x0,
    0xff, 0xf0, 0x0, 0x2f, 0xfd, 0x0, 0x0, 0x0,
    0x5, 0xff, 0xa0, 0x0, 0xc, 0xff, 0x30, 0x0,
    0x0, 0xb, 0xff, 0x40, 0x0, 0x7, 0xff, 0x80,
    0x0, 0x0, 0x1f, 0xff, 0xbb, 0xbb, 0xbc, 0xff,
    0xe0, 0x0, 0x0, 0x6f, 0xff, 0xff, 0xff, 0xff,
    0xff, 0xf4, 0x0, 0x0, 0xcf, 0xff, 0xff, 0xff,
    0xff, 0xff, 0xf9, 0x0, 0x2, 0xff, 0xf1, 0x0,
    0x0, 0x0, 0x4f, 0xfe, 0x0, 0x7, 0xff, 0xc0,
    0x0, 0x0, 0x0, 0xe, 0xff, 0x50, 0xd, 0xff,
    0x60, 0x0, 0x0, 0x0, 0x9, 0xff, 0xa0, 0x3f,
    0xff, 0x10, 0x0, 0x0, 0x0, 0x4, 0xff, 0xf0,
    0x8f, 0xfb, 0x0, 0x0, 0x0, 0x0, 0x0, 0xef,
    0xf6,

    /* U+00C5 "Å" */
    0x0, 0x0, 0x0, 0x1d, 0xff, 0xc1, 0x0, 0x0,
    0x0, 0x0, 0x0, 0x1, 0xdf, 0xee, 0xfc, 0x0,
    0x0, 0x0, 0x0, 0x0, 0x5, 0xfb, 0x0, 0xdf,
    0x30, 0x0, 0x0, 0x0, 0x0, 0x5, 0xfb, 0x0,
    0xdf, 0x30, 0x0, 0x0, 0x0, 0x0, 0x1, 0xdf,
    0xee, 0xfc, 0x0, 0x0, 0x0, 0x0, 0x0, 0x0,
    0x1d, 0xff, 0xc1, 0x0, 0x0, 0x0, 0x0, 0x0,
    0x0, 0x0, 0x0, 0x0, 0x0, 0x0, 0x0, 0x0,
    0x0, 0x0, 0xc, 0xff, 0xa0, 0x0, 0x0, 0x0,
    0x0, 0x0, 0x0, 0x2f, 0xff, 0xf0, 0x0, 0x0,
    0x0, 0x0, 0x0, 0x0, 0x8f, 0xff, 0xf5, 0x0,
    0x0, 0x0, 0x0, 0x0, 0x0, 0xdf, 0xff, 0xfb,
    0x0, 0x0, 0x0, 0x0, 0x0, 0x3, 0xff, 0xbe,
    0xff, 0x10, 0x0, 0x0, 0x0, 0x0, 0x9, 0xff,
    0x58, 0xff, 0x60, 0x0, 0x0, 0x0, 0x0, 0xe,
    0xff, 0x3, 0xff, 0xc0, 0x0, 0x0, 0x0, 0x0,
    0x4f, 0xfa, 0x0, 0xdf, 0xf2, 0x0, 0x0, 0x0,
    0x0, 0xaf, 0xf5, 0x0, 0x7f, 0xf7, 0x0, 0x0,
    0x0, 0x0, 0xff, 0xf0, 0x0, 0x2f, 0xfd, 0x0,
    0x0, 0x0, 0x5, 0xff, 0xa0, 0x0, 0xc, 0xff,
    0x30, 0x0, 0x0, 0xb, 0xff, 0x40, 0x0, 0x7,
    0xff, 0x80, 0x0, 0x0, 0x1f, 0xff, 0xbb, 0xbb,
    0xbc, 0xff, 0xe0, 0x0, 0x0, 0x6f, 0xff, 0xff,
    0xff, 0xff, 0xff, 0xf4, 0x0, 0x0, 0xcf, 0xff,
    0xff, 0xff, 0xff, 0xff, 0xf9, 0x0, 0x2, 0xff,
    0xf1, 0x0, 0x0, 0x0, 0x4f, 0xfe, 0x0, 0x7,
    0xff, 0xc0, 0x0, 0x0, 0x0, 0xe, 0xff, 0x50,
    0xd, 0xff, 0x60, 0x0, 0x0, 0x0, 0x9, 0xff,
    0xa0, 0x3f, 0xff, 0x10, 0x0, 0x0, 0x0, 0x4,
    0xff, 0xf0, 0x8f, 0xfb, 0x0, 0x0, 0x0, 0x0,
    0x0, 0xef, 0xf6,

    /* U+00C6 "Æ" */
    0x0, 0x0, 0x0, 0x0, 0x5f, 0xff, 0xff, 0xff,
    0xff, 0xff, 0xff, 0xff, 0xf6, 0x0, 0x0, 0x0,
    0x0, 0xcf, 0xff, 0xff, 0xff, 0xff, 0xff, 0xff,
    0xff, 0xf6, 0x0, 0x0, 0x0, 0x3, 0xff, 0xfd,
    0xff, 0xfe, 0xdd, 0xdd, 0xdd, 0xdd, 0xd5, 0x0,
    0x0, 0x0, 0xa, 0xff, 0x80, 0xef, 0xf5, 0x0,
    0x0, 0x0, 0x0, 0x0, 0x0, 0x0, 0x0, 0x1f,
    0xff, 0x20, 0xef, 0xf5, 0x0, 0x0, 0x0, 0x0,
    0x0, 0x0, 0x0, 0x0, 0x8f, 0xfb, 0x0, 0xef,
    0xf5, 0x0, 0x0, 0x0, 0x0, 0x0, 0x0, 0x0,
    0x0, 0xef, 0xf4, 0x0, 0xef, 0xf5, 0x0, 0x0,
    0x0, 0x0, 0x0, 0x0, 0x0, 0x6, 0xff, 0xd0,
    0x0, 0xef, 0xf5, 0x0, 0x0, 0x0, 0x0, 0x0,
    0x0, 0x0, 0xd, 0xff, 0x60, 0x0, 0xef, 0xf5,
    0x0, 0x0, 0x0, 0x0, 0x0, 0x0, 0x0, 0x4f,
    0xff, 0x0, 0x0, 0xef, 0xff, 0xff, 0xff, 0xff,
    0xff, 0x90, 0x0, 0x0, 0xbf, 0xf9, 0x0, 0x0,
    0xef, 0xff, 0xff, 0xff, 0xff, 0xff, 0x90, 0x0,
    0x2, 0xff, 0xf2, 0x0, 0x0, 0xef, 0xfe, 0xdd,
    0xdd, 0xdd, 0xdd, 0x70, 0x0, 0x9, 0xff, 0xff,
    0xff, 0xff, 0xff, 0xf5, 0x0, 0x0, 0x0, 0x0,
    0x0, 0x0, 0x1f, 0xff, 0xff, 0xff, 0xff, 0xff,
    0xf5, 0x0, 0x0, 0x0, 0x0, 0x0, 0x0, 0x7f,
    0xfe, 0xcc, 0xcc, 0xcc, 0xff, 0xf5, 0x0, 0x0,
    0x0, 0x0, 0x0, 0x0, 0xef, 0xf6, 0x0, 0x0,
    0x0, 0xef, 0xf5, 0x0, 0x0, 0x0, 0x0, 0x0,
    0x5, 0xff, 0xf0, 0x0, 0x0, 0x0, 0xef, 0xf5,
    0x0, 0x0, 0x0, 0x0, 0x0, 0xc, 0xff, 0x90,
    0x0, 0x0, 0x0, 0xef, 0xfe, 0xdd, 0xdd, 0xdd,
    0xdd, 0xd5, 0x3f, 0xff, 0x20, 0x0, 0x0, 0x0,
    0xef, 0xff, 0xff, 0xff, 0xff, 0xff, 0xf6, 0xaf,
    0xfb, 0x0, 0x0, 0x0, 0x0, 0xef, 0xff, 0xff,
    0xff, 0xff, 0xff, 0xf6,

    /* U+00C7 "Ç" */
    0x0, 0xa, 0xff, 0xff, 0xff, 0xff, 0xf8, 0x0,
    0x0, 0xa, 0xff, 0xff, 0xff, 0xff, 0xff, 0xf8,
    0x0, 0x9, 0xff, 0xfe, 0xdd, 0xdd, 0xde, 0xff,
    0xf8, 0x4, 0xff, 0xfc, 0x0, 0x0, 0x0, 0x1d,
    0xff, 0xf2, 0x5f, 0xff, 0x0, 0x0, 0x0, 0x0,
    0x2f, 0xff, 0x25, 0xff, 0xe0, 0x0, 0x0, 0x0,
    0x1, 0xcc, 0xc1, 0x5f, 0xfe, 0x0, 0x0, 0x0,
    0x0, 0x0, 0x0, 0x5, 0xff, 0xe0, 0x0, 0x0,
    0x0, 0x0, 0x0, 0x0, 0x5f, 0xfe, 0x0, 0x0,
    0x0, 0x0, 0x0, 0x0, 0x5, 0xff, 0xe0, 0x0,
    0x0, 0x0, 0x0, 0x0, 0x0, 0x5f, 0xfe, 0x0,
    0x0, 0x0, 0x0, 0x0, 0x0, 0x5, 0xff, 0xe0,
    0x0, 0x0, 0x0, 0x0, 0x0, 0x0, 0x5f, 0xfe,
    0x0, 0x0, 0x0, 0x0, 0x0, 0x0, 0x5, 0xff,
    0xe0, 0x0, 0x0, 0x0, 0x0, 0x0, 0x0, 0x5f,
    0xfe, 0x0, 0x0, 0x0, 0x0, 0x1c, 0xcc, 0x15,
    0xff, 0xf0, 0x0, 0x0, 0x0, 0x2, 0xff, 0xf2,
    0x4f, 0xff, 0xc0, 0x0, 0x0, 0x1, 0xdf, 0xff,
    0x20, 0x9f, 0xff, 0xed, 0xdd, 0xdd, 0xef, 0xff,
    0x80, 0x0, 0xaf, 0xff, 0xff, 0xff, 0xff, 0xff,
    0x80, 0x0, 0x0, 0xaf, 0xff, 0xff, 0xff, 0xff,
    0x80, 0x0, 0x0, 0x0, 0x0, 0x3f, 0xf2, 0x0,
    0x0, 0x0, 0x0, 0x0, 0x0, 0x9, 0xff, 0xfc,
    0x10, 0x0, 0x0, 0x0, 0x0, 0x0, 0x7a, 0xae,
    0xfc, 0x0, 0x0, 0x0, 0x0, 0x0, 0x0, 0x0,
    0x8f, 0xd0, 0x0, 0x0, 0x0, 0x0, 0x3, 0xdd,
    0xdf, 0xfb, 0x0, 0x0, 0x0, 0x0, 0x0, 0x3f,
    0xff, 0xfd, 0x10, 0x0, 0x0,

    /* U+00C8 "È" */
    0x0, 0x0, 0x8a, 0xa5, 0x0, 0x0, 0x0, 0x0,
    0x0, 0x5, 0xff, 0xe0, 0x0, 0x0, 0x0, 0x0,
    0x0, 0xb, 0xff, 0x60, 0x0, 0x0, 0x0, 0x0,
    0x0, 0x2f, 0xfd, 0x0, 0x0, 0x0, 0x0, 0x0,
    0x0, 0x9f, 0xf4, 0x0, 0x0, 0x0, 0x0, 0x0,
    0x0, 0x0, 0x0, 0x0, 0x0, 0xf, 0xff, 0xff,
    0xff, 0xff, 0xff, 0xff, 0xa0, 0xff, 0xff, 0xff,
    0xff, 0xff, 0xff, 0xfa, 0xf, 0xff, 0xdc, 0xcc,
    0xcc, 0xcc, 0xcc, 0x70, 0xff, 0xf3, 0x0, 0x0,
    0x0, 0x0, 0x0, 0xf, 0xff, 0x30, 0x0, 0x0,
    0x0, 0x0, 0x0, 0xff, 0xf3, 0x0, 0x0, 0x0,
    0x0, 0x0, 0xf, 0xff, 0x30, 0x0, 0x0, 0x0,
    0x0, 0x0, 0xff, 0xf3, 0x0, 0x0, 0x0, 0x0,
    0x0, 0xf, 0xff, 0x30, 0x0, 0x0, 0x0, 0x0,
    0x0, 0xff, 0xff, 0xff, 0xff, 0xff, 0xff, 0xd0,
    0xf, 0xff, 0xff, 0xff, 0xff, 0xff, 0xfd, 0x0,
    0xff, 0xfd, 0xcc, 0xcc, 0xcc, 0xcc, 0x90, 0xf,
    0xff, 0x30, 0x0, 0x0, 0x0, 0x0, 0x0, 0xff,
    0xf3, 0x0, 0x0, 0x0, 0x0, 0x0, 0xf, 0xff,
    0x30, 0x0, 0x0, 0x0, 0x0, 0x0, 0xff, 0xf3,
    0x0, 0x0, 0x0, 0x0, 0x0, 0xf, 0xff, 0x30,
    0x0, 0x0, 0x0, 0x0, 0x0, 0xff, 0xfd, 0xcc,
    0xcc, 0xcc, 0xcc, 0xc7, 0xf, 0xff, 0xff, 0xff,
    0xff, 0xff, 0xff, 0xa0, 0xff, 0xff, 0xff, 0xff,
    0xff, 0xff, 0xfa,

    /* U+00C9 "É" */
    0x0, 0x0, 0x0, 0x0, 0x5a, 0xa8, 0x0, 0x0,
    0x0, 0x0, 0x0, 0xd, 0xff, 0x60, 0x0, 0x0,
    0x0, 0x0, 0x5, 0xff, 0xc0, 0x0, 0x0, 0x0,
    0x0, 0x0, 0xcf, 0xf3, 0x0, 0x0, 0x0, 0x0,
    0x0, 0x3f, 0xfa, 0x0, 0x0, 0x0, 0x0, 0x0,
    0x0, 0x0, 0x0, 0x0, 0x0, 0xf, 0xff, 0xff,
    0xff, 0xff, 0xff, 0xff, 0xa0, 0xff, 0xff, 0xff,
    0xff, 0xff, 0xff, 0xfa, 0xf, 0xff, 0xdc, 0xcc,
    0xcc, 0xcc, 0xcc, 0x70, 0xff, 0xf3, 0x0, 0x0,
    0x0, 0x0, 0x0, 0xf, 0xff, 0x30, 0x0, 0x0,
    0x0, 0x0, 0x0, 0xff, 0xf3, 0x0, 0x0, 0x0,
    0x0, 0x0, 0xf, 0xff, 0x30, 0x0, 0x0, 0x0,
    0x0, 0x0, 0xff, 0xf3, 0x0, 0x0, 0x0, 0x0,
    0x0, 0xf, 0xff, 0x30, 0x0, 0x0, 0x0, 0x0,
    0x0, 0xff, 0xff, 0xff, 0xff, 0xff, 0xff, 0xd0,
    0xf, 0xff, 0xff, 0xff, 0xff, 0xff, 0xfd, 0x0,
    0xff, 0xfd, 0xcc, 0xcc, 0xcc, 0xcc, 0x90, 0xf,
    0xff, 0x30, 0x0, 0x0, 0x0, 0x0, 0x0, 0xff,
    0xf3, 0x0, 0x0, 0x0, 0x0, 0x0, 0xf, 0xff,
    0x30, 0x0, 0x0, 0x0, 0x0, 0x0, 0xff, 0xf3,
    0x0, 0x0, 0x0, 0x0, 0x0, 0xf, 0xff, 0x30,
    0x0, 0x0, 0x0, 0x0, 0x0, 0xff, 0xfd, 0xcc,
    0xcc, 0xcc, 0xcc, 0xc7, 0xf, 0xff, 0xff, 0xff,
    0xff, 0xff, 0xff, 0xa0, 0xff, 0xff, 0xff, 0xff,
    0xff, 0xff, 0xfa,

    /* U+00CA "Ê" */
    0x0, 0x0, 0x0, 0x48, 0x83, 0x0, 0x0, 0x0,
    0x0, 0x0, 0x3f, 0xff, 0xf2, 0x0, 0x0, 0x0,
    0x0, 0x1e, 0xfe, 0xff, 0xd0, 0x0, 0x0, 0x0,
    0xc, 0xff, 0x34, 0xff, 0xb0, 0x0, 0x0, 0x9,
    0xff, 0x70, 0x8, 0xff, 0x80, 0x0, 0x0, 0x0,
    0x0, 0x0, 0x0, 0x0, 0x0, 0xf, 0xff, 0xff,
    0xff, 0xff, 0xff, 0xff, 0xa0, 0xff, 0xff, 0xff,
    0xff, 0xff, 0xff, 0xfa, 0xf, 0xff, 0xdc, 0xcc,
    0xcc, 0xcc, 0xcc, 0x70, 0xff, 0xf3, 0x0, 0x0,
    0x0, 0x0, 0x0, 0xf, 0xff, 0x30, 0x0, 0x0,
    0x0, 0x0, 0x0, 0xff, 0xf3, 0x0, 0x0, 0x0,
    0x0, 0x0, 0xf, 0xff, 0x30, 0x0, 0x0, 0x0,
    0x0, 0x0, 0xff, 0xf3, 0x0, 0x0, 0x0, 0x0,
    0x0, 0xf, 0xff, 0x30, 0x0, 0x0, 0x0, 0x0,
    0x0, 0xff, 0xff, 0xff, 0xff, 0xff, 0xff, 0xd0,
    0xf, 0xff, 0xff, 0xff, 0xff, 0xff, 0xfd, 0x0,
    0xff, 0xfd, 0xcc, 0xcc, 0xcc, 0xcc, 0x90, 0xf,
    0xff, 0x30, 0x0, 0x0, 0x0, 0x0, 0x0, 0xff,
    0xf3, 0x0, 0x0, 0x0, 0x0, 0x0, 0xf, 0xff,
    0x30, 0x0, 0x0, 0x0, 0x0, 0x0, 0xff, 0xf3,
    0x0, 0x0, 0x0, 0x0, 0x0, 0xf, 0xff, 0x30,
    0x0, 0x0, 0x0, 0x0, 0x0, 0xff, 0xfd, 0xcc,
    0xcc, 0xcc, 0xcc, 0xc7, 0xf, 0xff, 0xff, 0xff,
    0xff, 0xff, 0xff, 0xa0, 0xff, 0xff, 0xff, 0xff,
    0xff, 0xff, 0xfa,

    /* U+00CB "Ë" */
    0x0, 0x5, 0xff, 0x50, 0x6, 0xff, 0x40, 0x0,
    0x0, 0xdf, 0xfc, 0x0, 0xdf, 0xfc, 0x0, 0x0,
    0xb, 0xff, 0xa0, 0xb, 0xff, 0x90, 0x0, 0x0,
    0x7, 0x70, 0x0, 0x17, 0x70, 0x0, 0x0, 0x0,
    0x0, 0x0, 0x0, 0x0, 0x0, 0x0, 0xff, 0xff,
    0xff, 0xff, 0xff, 0xff, 0xfa, 0xf, 0xff, 0xff,
    0xff, 0xff, 0xff, 0xff, 0xa0, 0xff, 0xfd, 0xcc,
    0xcc, 0xcc, 0xcc, 0xc7, 0xf, 0xff, 0x30, 0x0,
    0x0, 0x0, 0x0, 0x0, 0xff, 0xf3, 0x0, 0x0,
    0x0, 0x0, 0x0, 0xf, 0xff, 0x30, 0x0, 0x0,
    0x0, 0x0, 0x0, 0xff, 0xf3, 0x0, 0x0, 0x0,
    0x0, 0x0, 0xf, 0xff, 0x30, 0x0, 0x0, 0x0,
    0x0, 0x0, 0xff, 0xf3, 0x0, 0x0, 0x0, 0x0,
    0x0, 0xf, 0xff, 0xff, 0xff, 0xff, 0xff, 0xfd,
    0x0, 0xff, 0xff, 0xff, 0xff, 0xff, 0xff, 0xd0,
    0xf, 0xff, 0xdc, 0xcc, 0xcc, 0xcc, 0xc9, 0x0,
    0xff, 0xf3, 0x0, 0x0, 0x0, 0x0, 0x0, 0xf,
    0xff, 0x30, 0x0, 0x0, 0x0, 0x0, 0x0, 0xff,
    0xf3, 0x0, 0x0, 0x0, 0x0, 0x0, 0xf, 0xff,
    0x30, 0x0, 0x0, 0x0, 0x0, 0x0, 0xff, 0xf3,
    0x0, 0x0, 0x0, 0x0, 0x0, 0xf, 0xff, 0xdc,
    0xcc, 0xcc, 0xcc, 0xcc, 0x70, 0xff, 0xff, 0xff,
    0xff, 0xff, 0xff, 0xfa, 0xf, 0xff, 0xff, 0xff,
    0xff, 0xff, 0xff, 0xa0,

    /* U+00CC "Ì" */
    0x3a, 0xa9, 0x0, 0x0, 0xdf, 0xf6, 0x0, 0x4,
    0xff, 0xd0, 0x0, 0xb, 0xff, 0x40, 0x0, 0x2f,
    0xfc, 0x0, 0x0, 0x0, 0x0, 0x0, 0xe, 0xff,
    0x50, 0x0, 0xef, 0xf5, 0x0, 0xe, 0xff, 0x50,
    0x0, 0xef, 0xf5, 0x0, 0xe, 0xff, 0x50, 0x0,
    0xef, 0xf5, 0x0, 0xe, 0xff, 0x50, 0x0, 0xef,
    0xf5, 0x0, 0xe, 0xff, 0x50, 0x0, 0xef, 0xf5,
    0x0, 0xe, 0xff, 0x50, 0x0, 0xef, 0xf5, 0x0,
    0xe, 0xff, 0x50, 0x0, 0xef, 0xf5, 0x0, 0xe,
    0xff, 0x50, 0x0, 0xef, 0xf5, 0x0, 0xe, 0xff,
    0x50, 0x0, 0xef, 0xf5, 0x0, 0xe, 0xff, 0x50,
    0x0, 0xef, 0xf5,

    /* U+00CD "Í" */
    0x0, 0x7a, 0xa6, 0x1, 0xff, 0xf2, 0x8, 0xff,
    0x90, 0x1f, 0xfe, 0x10, 0x7f, 0xf6, 0x0, 0x0,
    0x0, 0x0, 0xef, 0xf5, 0x0, 0xef, 0xf5, 0x0,
    0xef, 0xf5, 0x0, 0xef, 0xf5, 0x0, 0xef, 0xf5,
    0x0, 0xef, 0xf5, 0x0, 0xef, 0xf5, 0x0, 0xef,
    0xf5, 0x0, 0xef, 0xf5, 0x0, 0xef, 0xf5, 0x0,
    0xef, 0xf5, 0x0, 0xef, 0xf5, 0x0, 0xef, 0xf5,
    0x0, 0xef, 0xf5, 0x0, 0xef, 0xf5, 0x0, 0xef,
    0xf5, 0x0, 0xef, 0xf5, 0x0, 0xef, 0xf5, 0x0,
    0xef, 0xf5, 0x0, 0xef, 0xf5, 0x0,

    /* U+00CE "Î" */
    0x0, 0x0, 0x68, 0x82, 0x0, 0x0, 0x0, 0x6f,
    0xff, 0xd0, 0x0, 0x0, 0x3f, 0xfd, 0xff, 0xa0,
    0x0, 0x1e, 0xfe, 0x18, 0xff, 0x70, 0xc, 0xff,
    0x30, 0xb, 0xff, 0x40, 0x0, 0x0, 0x0, 0x0,
    0x0, 0x0, 0x0, 0xef, 0xf5, 0x0, 0x0, 0x0,
    0xe, 0xff, 0x50, 0x0, 0x0, 0x0, 0xef, 0xf5,
    0x0, 0x0, 0x0, 0xe, 0xff, 0x50, 0x0, 0x0,
    0x0, 0xef, 0xf5, 0x0, 0x0, 0x0, 0xe, 0xff,
    0x50, 0x0, 0x0, 0x0, 0xef, 0xf5, 0x0, 0x0,
    0x0, 0xe, 0xff, 0x50, 0x0, 0x0, 0x0, 0xef,
    0xf5, 0x0, 0x0, 0x0, 0xe, 0xff, 0x50, 0x0,
    0x0, 0x0, 0xef, 0xf5, 0x0, 0x0, 0x0, 0xe,
    0xff, 0x50, 0x0, 0x0, 0x0, 0xef, 0xf5, 0x0,
    0x0, 0x0, 0xe, 0xff, 0x50, 0x0, 0x0, 0x0,
    0xef, 0xf5, 0x0, 0x0, 0x0, 0xe, 0xff, 0x50,
    0x0, 0x0, 0x0, 0xef, 0xf5, 0x0, 0x0, 0x0,
    0xe, 0xff, 0x50, 0x0, 0x0, 0x0, 0xef, 0xf5,
    0x0, 0x0, 0x0, 0xe, 0xff, 0x50, 0x0,

    /* U+00CF "Ï" */
    0x9, 0xfe, 0x20, 0x9, 0xfe, 0x21, 0xff, 0xf8,
    0x1, 0xff, 0xf8, 0xe, 0xff, 0x60, 0xe, 0xff,
    0x60, 0x27, 0x60, 0x0, 0x27, 0x60, 0x0, 0x0,
    0x0, 0x0, 0x0, 0x0, 0x0, 0xe, 0xff, 0x50,
    0x0, 0x0, 0x0, 0xef, 0xf5, 0x0, 0x0, 0x0,
    0xe, 0xff, 0x50, 0x0, 0x0, 0x0, 0xef, 0xf5,
    0x0, 0x0, 0x0, 0xe, 0xff, 0x50, 0x0, 0x0,
    0x0, 0xef, 0xf5, 0x0, 0x0, 0x0, 0xe, 0xff,
    0x50, 0x0, 0x0, 0x0, 0xef, 0xf5, 0x0, 0x0,
    0x0, 0xe, 0xff, 0x50, 0x0, 0x0, 0x0, 0xef,
    0xf5, 0x0, 0x0, 0x0, 0xe, 0xff, 0x50, 0x0,
    0x0, 0x0, 0xef, 0xf5, 0x0, 0x0, 0x0, 0xe,
    0xff, 0x50, 0x0, 0x0, 0x0, 0xef, 0xf5, 0x0,
    0x0, 0x0, 0xe, 0xff, 0x50, 0x0, 0x0, 0x0,
    0xef, 0xf5, 0x0, 0x0, 0x0, 0xe, 0xff, 0x50,
    0x0, 0x0, 0x0, 0xef, 0xf5, 0x0, 0x0, 0x0,
    0xe, 0xff, 0x50, 0x0, 0x0, 0x0, 0xef, 0xf5,
    0x0, 0x0,

    /* U+00D0 "Ð" */
    0x0, 0xb, 0xff, 0xff, 0xff, 0xff, 0xff, 0xfd,
    0x10, 0x0, 0x0, 0xbf, 0xff, 0xff, 0xff, 0xff,
    0xff, 0xfc, 0x10, 0x0, 0xb, 0xff, 0xed, 0xdd,
    0xdd, 0xdd, 0xff, 0xfc, 0x0, 0x0, 0xbf, 0xf8,
    0x0, 0x0, 0x0, 0x8, 0xff, 0xf9, 0x0, 0xb,
    0xff, 0x80, 0x0, 0x0, 0x0, 0xb, 0xff, 0xa0,
    0x0, 0xbf, 0xf8, 0x0, 0x0, 0x0, 0x0, 0x9f,
    0xfa, 0x0, 0xb, 0xff, 0x80, 0x0, 0x0, 0x0,
    0x9, 0xff, 0xa0, 0x0, 0xbf, 0xf8, 0x0, 0x0,
    0x0, 0x0, 0x9f, 0xfa, 0x0, 0xb, 0xff, 0x80,
    0x0, 0x0, 0x0, 0x9, 0xff, 0xa9, 0xff, 0xff,
    0xff, 0xff, 0xff, 0x0, 0x0, 0x9f, 0xfa, 0x9f,
    0xff, 0xff, 0xff, 0xff, 0xf0, 0x0, 0x9, 0xff,
    0xa7, 0xdd, 0xff, 0xfe, 0xdd, 0xdc, 0x0, 0x0,
    0x9f, 0xfa, 0x0, 0xb, 0xff, 0x80, 0x0, 0x0,
    0x0, 0x9, 0xff, 0xa0, 0x0, 0xbf, 0xf8, 0x0,
    0x0, 0x0, 0x0, 0x9f, 0xfa, 0x0, 0xb, 0xff,
    0x80, 0x0, 0x0, 0x0, 0x9, 0xff, 0xa0, 0x0,
    0xbf, 0xf8, 0x0, 0x0, 0x0, 0x0, 0xaf, 0xfa,
    0x0, 0xb, 0xff, 0x80, 0x0, 0x0, 0x0, 0x7f,
    0xff, 0xa0, 0x0, 0xbf, 0xfe, 0xdd, 0xdd, 0xdd,
    0xdf, 0xff, 0xd1, 0x0, 0xb, 0xff, 0xff, 0xff,
    0xff, 0xff, 0xff, 0xd1, 0x0, 0x0, 0xbf, 0xff,
    0xff, 0xff, 0xff, 0xff, 0xd1, 0x0,

    /* U+00D1 "Ñ" */
    0x0, 0x0, 0xa, 0xff, 0xc3, 0x3f, 0xf3, 0x0,
    0x0, 0x0, 0xb, 0xff, 0xff, 0xff, 0xff, 0x20,
    0x0, 0x0, 0x0, 0xef, 0xa5, 0xbf, 0xfe, 0x40,
    0x0, 0x0, 0x0, 0x1, 0x10, 0x0, 0x11, 0x0,
    0x0, 0x0, 0x0, 0x0, 0x0, 0x0, 0x0, 0x0,
    0x0, 0x0, 0x0, 0xff, 0xf3, 0x0, 0x0, 0x0,
    0x0, 0xcf, 0xf5, 0xf, 0xff, 0xd0, 0x0, 0x0,
    0x0, 0xc, 0xff, 0x50, 0xff, 0xff, 0x80, 0x0,
    0x0, 0x0, 0xcf, 0xf5, 0xf, 0xff, 0xff, 0x20,
    0x0, 0x0, 0xc, 0xff, 0x50, 0xff, 0xff, 0xfc,
    0x0, 0x0, 0x0, 0xcf, 0xf5, 0xf, 0xff, 0xef,
    0xf6, 0x0, 0x0, 0xc, 0xff, 0x50, 0xff, 0xf4,
    0xff, 0xf1, 0x0, 0x0, 0xcf, 0xf5, 0xf, 0xff,
    0x19, 0xff, 0xb0, 0x0, 0xc, 0xff, 0x50, 0xff,
    0xf1, 0xe, 0xff, 0x50, 0x0, 0xcf, 0xf5, 0xf,
    0xff, 0x10, 0x5f, 0xfe, 0x0, 0xc, 0xff, 0x50,
    0xff, 0xf1, 0x0, 0xaf, 0xf9, 0x0, 0xcf, 0xf5,
    0xf, 0xff, 0x10, 0x1, 0xff, 0xf3, 0xc, 0xff,
    0x50, 0xff, 0xf1, 0x0, 0x6, 0xff, 0xd0, 0xcf,
    0xf5, 0xf, 0xff, 0x10, 0x0, 0xc, 0xff, 0x8c,
    0xff, 0x50, 0xff, 0xf1, 0x0, 0x0, 0x2f, 0xff,
    0xef, 0xf5, 0xf, 0xff, 0x10, 0x0, 0x0, 0x8f,
    0xff, 0xff, 0x50, 0xff, 0xf1, 0x0, 0x0, 0x0,
    0xdf, 0xff, 0xf5, 0xf, 0xff, 0x10, 0x0, 0x0,
    0x3, 0xff, 0xff, 0x50, 0xff, 0xf1, 0x0, 0x0,
    0x0, 0x9, 0xff, 0xf5, 0xf, 0xff, 0x10, 0x0,
    0x0, 0x0, 0xe, 0xff, 0x50,

    /* U+00D2 "Ò" */
    0x0, 0x0, 0x3a, 0xa9, 0x0, 0x0, 0x0, 0x0,
    0x0, 0x0, 0x0, 0xdf, 0xf5, 0x0, 0x0, 0x0,
    0x0, 0x0, 0x0, 0x5, 0xff, 0xc0, 0x0, 0x0,
    0x0, 0x0, 0x0, 0x0, 0xb, 0xff, 0x40, 0x0,
    0x0, 0x0, 0x0, 0x0, 0x0, 0x2f, 0xfb, 0x0,
    0x0, 0x0, 0x0, 0x0, 0x0, 0x0, 0x0, 0x0,
    0x0, 0x0, 0x0, 0x0, 0xa, 0xff, 0xff, 0xff,
    0xff, 0xfe, 0x20, 0x0, 0xa, 0xff, 0xff, 0xff,
    0xff, 0xff, 0xfe, 0x20, 0x9, 0xff, 0xfe, 0xdd,
    0xdd, 0xdd, 0xff, 0xfe, 0x24, 0xff, 0xfc, 0x0,
    0x0, 0x0, 0x7, 0xff, 0xfa, 0x5f, 0xff, 0x0,
    0x0, 0x0, 0x0, 0xa, 0xff, 0xb5, 0xff, 0xe0,
    0x0, 0x0, 0x0, 0x0, 0x8f, 0xfb, 0x5f, 0xfe,
    0x0, 0x0, 0x0, 0x0, 0x8, 0xff, 0xb5, 0xff,
    0xe0, 0x0, 0x0, 0x0, 0x0, 0x8f, 0xfb, 0x5f,
    0xfe, 0x0, 0x0, 0x0, 0x0, 0x8, 0xff, 0xb5,
    0xff, 0xe0, 0x0, 0x0, 0x0, 0x0, 0x8f, 0xfb,
    0x5f, 0xfe, 0x0, 0x0, 0x0, 0x0, 0x8, 0xff,
    0xb5, 0xff, 0xe0, 0x0, 0x0, 0x0, 0x0, 0x8f,
    0xfb, 0x5f, 0xfe, 0x0, 0x0, 0x0, 0x0, 0x8,
    0xff, 0xb5, 0xff, 0xe0, 0x0, 0x0, 0x0, 0x0,
    0x8f, 0xfb, 0x5f, 0xfe, 0x0, 0x0, 0x0, 0x0,
    0x8, 0xff, 0xb5, 0xff, 0xf0, 0x0, 0x0, 0x0,
    0x0, 0xaf, 0xfb, 0x4f, 0xff, 0xc0, 0x0, 0x0,
    0x0, 0x7f, 0xff, 0xa0, 0x9f, 0xff, 0xed, 0xdd,
    0xdd, 0xdf, 0xff, 0xe2, 0x0, 0xaf, 0xff, 0xff,
    0xff, 0xff, 0xff, 0xe2, 0x0, 0x0, 0xaf, 0xff,
    0xff, 0xff, 0xff, 0xe2, 0x0,

    /* U+00D3 "Ó" */
    0x0, 0x0, 0x0, 0x0, 0x7, 0xaa, 0x60, 0x0,
    0x0, 0x0, 0x0, 0x0, 0x2, 0xff, 0xf2, 0x0,
    0x0, 0x0, 0x0, 0x0, 0x0, 0x9f, 0xf8, 0x0,
    0x0, 0x0, 0x0, 0x0, 0x0, 0x1f, 0xfe, 0x0,
    0x0, 0x0, 0x0, 0x0, 0x0, 0x8, 0xff, 0x60,
    0x0, 0x0, 0x0, 0x0, 0x0, 0x0, 0x0, 0x0,
    0x0, 0x0, 0x0, 0x0, 0xa, 0xff, 0xff, 0xff,
    0xff, 0xfe, 0x20, 0x0, 0xa, 0xff, 0xff, 0xff,
    0xff, 0xff, 0xfe, 0x20, 0x9, 0xff, 0xfe, 0xdd,
    0xdd, 0xdd, 0xff, 0xfe, 0x24, 0xff, 0xfc, 0x0,
    0x0, 0x0, 0x7, 0xff, 0xfa, 0x5f, 0xff, 0x0,
    0x0, 0x0, 0x0, 0xa, 0xff, 0xb5, 0xff, 0xe0,
    0x0, 0x0, 0x0, 0x0, 0x8f, 0xfb, 0x5f, 0xfe,
    0x0, 0x0, 0x0, 0x0, 0x8, 0xff, 0xb5, 0xff,
    0xe0, 0x0, 0x0, 0x0, 0x0, 0x8f, 0xfb, 0x5f,
    0xfe, 0x0, 0x0, 0x0, 0x0, 0x8, 0xff, 0xb5,
    0xff, 0xe0, 0x0, 0x0, 0x0, 0x0, 0x8f, 0xfb,
    0x5f, 0xfe, 0x0, 0x0, 0x0, 0x0, 0x8, 0xff,
    0xb5, 0xff, 0xe0, 0x0, 0x0, 0x0, 0x0, 0x8f,
    0xfb, 0x5f, 0xfe, 0x0, 0x0, 0x0, 0x0, 0x8,
    0xff, 0xb5, 0xff, 0xe0, 0x0, 0x0, 0x0, 0x0,
    0x8f, 0xfb, 0x5f, 0xfe, 0x0, 0x0, 0x0, 0x0,
    0x8, 0xff, 0xb5, 0xff, 0xf0, 0x0, 0x0, 0x0,
    0x0, 0xaf, 0xfb, 0x4f, 0xff, 0xc0, 0x0, 0x0,
    0x0, 0x7f, 0xff, 0xa0, 0x9f, 0xff, 0xed, 0xdd,
    0xdd, 0xdf, 0xff, 0xe2, 0x0, 0xaf, 0xff, 0xff,
    0xff, 0xff, 0xff, 0xe2, 0x0, 0x0, 0xaf, 0xff,
    0xff, 0xff, 0xff, 0xe2, 0x0,

    /* U+00D4 "Ô" */
    0x0, 0x0, 0x0, 0x6, 0x88, 0x10, 0x0, 0x0,
    0x0, 0x0, 0x0, 0x7, 0xff, 0xfc, 0x0, 0x0,
    0x0, 0x0, 0x0, 0x4, 0xff, 0xdf, 0xfa, 0x0,
    0x0, 0x0, 0x0, 0x2, 0xef, 0xe1, 0x9f, 0xf6,
    0x0, 0x0, 0x0, 0x0, 0xdf, 0xf3, 0x0, 0xcf,
    0xf4, 0x0, 0x0, 0x0, 0x0, 0x0, 0x0, 0x0,
    0x0, 0x0, 0x0, 0x0, 0xa, 0xff, 0xff, 0xff,
    0xff, 0xfe, 0x20, 0x0, 0xa, 0xff, 0xff, 0xff,
    0xff, 0xff, 0xfe, 0x20, 0x9, 0xff, 0xfe, 0xdd,
    0xdd, 0xdd, 0xff, 0xfe, 0x24, 0xff, 0xfc, 0x0,
    0x0, 0x0, 0x7, 0xff, 0xfa, 0x5f, 0xff, 0x0,
    0x0, 0x0, 0x0, 0xa, 0xff, 0xb5, 0xff, 0xe0,
    0x0, 0x0, 0x0, 0x0, 0x8f, 0xfb, 0x5f, 0xfe,
    0x0, 0x0, 0x0, 0x0, 0x8, 0xff, 0xb5, 0xff,
    0xe0, 0x0, 0x0, 0x0, 0x0, 0x8f, 0xfb, 0x5f,
    0xfe, 0x0, 0x0, 0x0, 0x0, 0x8, 0xff, 0xb5,
    0xff, 0xe0, 0x0, 0x0, 0x0, 0x0, 0x8f, 0xfb,
    0x5f, 0xfe, 0x0, 0x0, 0x0, 0x0, 0x8, 0xff,
    0xb5, 0xff, 0xe0, 0x0, 0x0, 0x0, 0x0, 0x8f,
    0xfb, 0x5f, 0xfe, 0x0, 0x0, 0x0, 0x0, 0x8,
    0xff, 0xb5, 0xff, 0xe0, 0x0, 0x0, 0x0, 0x0,
    0x8f, 0xfb, 0x5f, 0xfe, 0x0, 0x0, 0x0, 0x0,
    0x8, 0xff, 0xb5, 0xff, 0xf0, 0x0, 0x0, 0x0,
    0x0, 0xaf, 0xfb, 0x4f, 0xff, 0xc0, 0x0, 0x0,
    0x0, 0x7f, 0xff, 0xa0, 0x9f, 0xff, 0xed, 0xdd,
    0xdd, 0xdf, 0xff, 0xe2, 0x0, 0xaf, 0xff, 0xff,
    0xff, 0xff, 0xff, 0xe2, 0x0, 0x0, 0xaf, 0xff,
    0xff, 0xff, 0xff, 0xe2, 0x0,

    /* U+00D5 "Õ" */
    0x0, 0x0, 0xa, 0xff, 0xc3, 0x2f, 0xf3, 0x0,
    0x0, 0x0, 0xb, 0xff, 0xff, 0xff, 0xff, 0x20,
    0x0, 0x0, 0x0, 0xdf, 0xa4, 0xbf, 0xfe, 0x40,
    0x0, 0x0, 0x0, 0x1, 0x10, 0x0, 0x11, 0x0,
    0x0, 0x0, 0x0, 0x0, 0x0, 0x0, 0x0, 0x0,
    0x0, 0x0, 0x0, 0x0, 0xaf, 0xff, 0xff, 0xff,
    0xff, 0xe2, 0x0, 0x0, 0xaf, 0xff, 0xff, 0xff,
    0xff, 0xff, 0xe2, 0x0, 0x9f, 0xff, 0xed, 0xdd,
    0xdd, 0xdf, 0xff, 0xe2, 0x4f, 0xff, 0xc0, 0x0,
    0x0, 0x0, 0x7f, 0xff, 0xa5, 0xff, 0xf0, 0x0,
    0x0, 0x0, 0x0, 0xaf, 0xfb, 0x5f, 0xfe, 0x0,
    0x0, 0x0, 0x0, 0x8, 0xff, 0xb5, 0xff, 0xe0,
    0x0, 0x0, 0x0, 0x0, 0x8f, 0xfb, 0x5f, 0xfe,
    0x0, 0x0, 0x0, 0x0, 0x8, 0xff, 0xb5, 0xff,
    0xe0, 0x0, 0x0, 0x0, 0x0, 0x8f, 0xfb, 0x5f,
    0xfe, 0x0, 0x0, 0x0, 0x0, 0x8, 0xff, 0xb5,
    0xff, 0xe0, 0x0, 0x0, 0x0, 0x0, 0x8f, 0xfb,
    0x5f, 0xfe, 0x0, 0x0, 0x0, 0x0, 0x8, 0xff,
    0xb5, 0xff, 0xe0, 0x0, 0x0, 0x0, 0x0, 0x8f,
    0xfb, 0x5f, 0xfe, 0x0, 0x0, 0x0, 0x0, 0x8,
    0xff, 0xb5, 0xff, 0xe0, 0x0, 0x0, 0x0, 0x0,
    0x8f, 0xfb, 0x5f, 0xff, 0x0, 0x0, 0x0, 0x0,
    0xa, 0xff, 0xb4, 0xff, 0xfc, 0x0, 0x0, 0x0,
    0x7, 0xff, 0xfa, 0x9, 0xff, 0xfe, 0xdd, 0xdd,
    0xdd, 0xff, 0xfe, 0x20, 0xa, 0xff, 0xff, 0xff,
    0xff, 0xff, 0xfe, 0x20, 0x0, 0xa, 0xff, 0xff,
    0xff, 0xff, 0xfe, 0x20, 0x0,

    /* U+00D6 "Ö" */
    0x0, 0x0, 0x9f, 0xe2, 0x0, 0xaf, 0xd1, 0x0,
    0x0, 0x0, 0x1f, 0xff, 0x80, 0x2f, 0xff, 0x70,
    0x0, 0x0, 0x0, 0xef, 0xf6, 0x1, 0xef, 0xf5,
    0x0, 0x0, 0x0, 0x2, 0x76, 0x0, 0x3, 0x75,
    0x0, 0x0, 0x0, 0x0, 0x0, 0x0, 0x0, 0x0,
    0x0, 0x0, 0x0, 0x0, 0xaf, 0xff, 0xff, 0xff,
    0xff, 0xe2, 0x0, 0x0, 0xaf, 0xff, 0xff, 0xff,
    0xff, 0xff, 0xe2, 0x0, 0x9f, 0xff, 0xed, 0xdd,
    0xdd, 0xdf, 0xff, 0xe2, 0x4f, 0xff, 0xc0, 0x0,
    0x0, 0x0, 0x7f, 0xff, 0xa5, 0xff, 0xf0, 0x0,
    0x0, 0x0, 0x0, 0xaf, 0xfb, 0x5f, 0xfe, 0x0,
    0x0, 0x0, 0x0, 0x8, 0xff, 0xb5, 0xff, 0xe0,
    0x0, 0x0, 0x0, 0x0, 0x8f, 0xfb, 0x5f, 0xfe,
    0x0, 0x0, 0x0, 0x0, 0x8, 0xff, 0xb5, 0xff,
    0xe0, 0x0, 0x0, 0x0, 0x0, 0x8f, 0xfb, 0x5f,
    0xfe, 0x0, 0x0, 0x0, 0x0, 0x8, 0xff, 0xb5,
    0xff, 0xe0, 0x0, 0x0, 0x0, 0x0, 0x8f, 0xfb,
    0x5f, 0xfe, 0x0, 0x0, 0x0, 0x0, 0x8, 0xff,
    0xb5, 0xff, 0xe0, 0x0, 0x0, 0x0, 0x0, 0x8f,
    0xfb, 0x5f, 0xfe, 0x0, 0x0, 0x0, 0x0, 0x8,
    0xff, 0xb5, 0xff, 0xe0, 0x0, 0x0, 0x0, 0x0,
    0x8f, 0xfb, 0x5f, 0xff, 0x0, 0x0, 0x0, 0x0,
    0xa, 0xff, 0xb4, 0xff, 0xfc, 0x0, 0x0, 0x0,
    0x7, 0xff, 0xfa, 0x9, 0xff, 0xfe, 0xdd, 0xdd,
    0xdd, 0xff, 0xfe, 0x20, 0xa, 0xff, 0xff, 0xff,
    0xff, 0xff, 0xfe, 0x20, 0x0, 0xa, 0xff, 0xff,
    0xff, 0xff, 0xfe, 0x20, 0x0,

    /* U+00D7 "×" */
    0x0, 0x0, 0x0, 0x0, 0x0, 0x0, 0x6, 0xc1,
    0x0, 0x0, 0x1d, 0x60, 0x6f, 0xfc, 0x10, 0x1,
    0xdf, 0xf5, 0x2e, 0xff, 0xc1, 0x1d, 0xff, 0xe2,
    0x2, 0xef, 0xfc, 0xdf, 0xfe, 0x20, 0x0, 0x2e,
    0xff, 0xff, 0xe2, 0x0, 0x0, 0x3, 0xff, 0xff,
    0x30, 0x0, 0x0, 0x1d, 0xff, 0xff, 0xc1, 0x0,
    0x1, 0xdf, 0xfe, 0xef, 0xfc, 0x10, 0x1d, 0xff,
    0xe2, 0x2e, 0xff, 0xc1, 0x7f, 0xfe, 0x20, 0x2,
    0xef, 0xf7, 0x9, 0xe2, 0x0, 0x0, 0x2e, 0x80,
    0x0, 0x10, 0x0, 0x0, 0x1, 0x0,

    /* U+00D8 "Ø" */
    0x0, 0x0, 0x0, 0x0, 0x0, 0x0, 0x0, 0x0,
    0x68, 0x70, 0x0, 0x0, 0xaf, 0xff, 0xff, 0xff,
    0xff, 0xeb, 0xff, 0x40, 0x0, 0xa, 0xff, 0xff,
    0xff, 0xff, 0xff, 0xff, 0xf6, 0x0, 0x0, 0x9f,
    0xff, 0xed, 0xdd, 0xdd, 0xdf, 0xff, 0xe1, 0x0,
    0x4, 0xff, 0xfc, 0x0, 0x0, 0x0, 0x1f, 0xff,
    0xfa, 0x0, 0x5, 0xff, 0xf0, 0x0, 0x0, 0x0,
    0xbf, 0xff, 0xfb, 0x0, 0x5, 0xff, 0xe0, 0x0,
    0x0, 0x7, 0xff, 0xcf, 0xfb, 0x0, 0x5, 0xff,
    0xe0, 0x0, 0x0, 0x3f, 0xf8, 0x8f, 0xfb, 0x0,
    0x5, 0xff, 0xe0, 0x0, 0x1, 0xef, 0xc0, 0x8f,
    0xfb, 0x0, 0x5, 0xff, 0xe0, 0x0, 0xb, 0xfe,
    0x10, 0x8f, 0xfb, 0x0, 0x5, 0xff, 0xe0, 0x0,
    0x6f, 0xf4, 0x0, 0x8f, 0xfb, 0x0, 0x5, 0xff,
    0xe0, 0x3, 0xff, 0x90, 0x0, 0x8f, 0xfb, 0x0,
    0x5, 0xff, 0xe0, 0xd, 0xfc, 0x0, 0x0, 0x8f,
    0xfb, 0x0, 0x5, 0xff, 0xe0, 0xaf, 0xf2, 0x0,
    0x0, 0x8f, 0xfb, 0x0, 0x5, 0xff, 0xe6, 0xff,
    0x50, 0x0, 0x0, 0x8f, 0xfb, 0x0, 0x5, 0xff,
    0xff, 0xfa, 0x0, 0x0, 0x0, 0x8f, 0xfb, 0x0,
    0x5, 0xff, 0xff, 0xd0, 0x0, 0x0, 0x0, 0xaf,
    0xfb, 0x0, 0x4, 0xff, 0xff, 0x30, 0x0, 0x0,
    0x7, 0xff, 0xfa, 0x0, 0x0, 0xbf, 0xff, 0xed,
    0xdd, 0xdd, 0xdf, 0xff, 0xe2, 0x0, 0x2, 0xef,
    0xff, 0xff, 0xff, 0xff, 0xff, 0xfe, 0x20, 0x0,
    0xc, 0xfd, 0xaf, 0xff, 0xff, 0xff, 0xff, 0xe2,
    0x0, 0x0, 0x9f, 0xf3, 0x0, 0x0, 0x0, 0x0,
    0x0, 0x0, 0x0, 0x0,

    /* U+00D9 "Ù" */
    0x0, 0x0, 0xa, 0xaa, 0x20, 0x0, 0x0, 0x0,
    0x0, 0x0, 0x0, 0x9f, 0xfa, 0x0, 0x0, 0x0,
    0x0, 0x0, 0x0, 0x1, 0xff, 0xf1, 0x0, 0x0,
    0x0, 0x0, 0x0, 0x0, 0x7, 0xff, 0x80, 0x0,
    0x0, 0x0, 0x0, 0x0, 0x0, 0xd, 0xff, 0x10,
    0x0, 0x0, 0x0, 0x0, 0x0, 0x0, 0x0, 0x0,
    0x0, 0x0, 0x0, 0xf, 0xff, 0x30, 0x0, 0x0,
    0x0, 0xd, 0xff, 0x60, 0xff, 0xf3, 0x0, 0x0,
    0x0, 0x0, 0xdf, 0xf6, 0xf, 0xff, 0x30, 0x0,
    0x0, 0x0, 0xd, 0xff, 0x60, 0xff, 0xf3, 0x0,
    0x0, 0x0, 0x0, 0xdf, 0xf6, 0xf, 0xff, 0x30,
    0x0, 0x0, 0x0, 0xd, 0xff, 0x60, 0xff, 0xf3,
    0x0, 0x0, 0x0, 0x0, 0xdf, 0xf6, 0xf, 0xff,
    0x30, 0x0, 0x0, 0x0, 0xd, 0xff, 0x60, 0xff,
    0xf3, 0x0, 0x0, 0x0, 0x0, 0xdf, 0xf6, 0xf,
    0xff, 0x30, 0x0, 0x0, 0x0, 0xd, 0xff, 0x60,
    0xff, 0xf3, 0x0, 0x0, 0x0, 0x0, 0xdf, 0xf6,
    0xf, 0xff, 0x30, 0x0, 0x0, 0x0, 0xd, 0xff,
    0x60, 0xff, 0xf3, 0x0, 0x0, 0x0, 0x0, 0xdf,
    0xf6, 0xf, 0xff, 0x30, 0x0, 0x0, 0x0, 0xd,
    0xff, 0x60, 0xff, 0xf3, 0x0, 0x0, 0x0, 0x0,
    0xdf, 0xf6, 0xf, 0xff, 0x30, 0x0, 0x0, 0x0,
    0xd, 0xff, 0x60, 0xff, 0xf4, 0x0, 0x0, 0x0,
    0x0, 0xef, 0xf6, 0xf, 0xff, 0xe2, 0x0, 0x0,
    0x0, 0xbf, 0xff, 0x60, 0x4f, 0xff, 0xfd, 0xdd,
    0xdd, 0xdf, 0xff, 0x90, 0x0, 0x4f, 0xff, 0xff,
    0xff, 0xff, 0xff, 0x90, 0x0, 0x0, 0x4f, 0xff,
    0xff, 0xff, 0xff, 0xa0, 0x0,

    /* U+00DA "Ú" */
    0x0, 0x0, 0x0, 0x0, 0x7, 0xaa, 0x60, 0x0,
    0x0, 0x0, 0x0, 0x0, 0x2, 0xff, 0xf2, 0x0,
    0x0, 0x0, 0x0, 0x0, 0x0, 0x9f, 0xf8, 0x0,
    0x0, 0x0, 0x0, 0x0, 0x0, 0x1f, 0xfe, 0x0,
    0x0, 0x0, 0x0, 0x0, 0x0, 0x8, 0xff, 0x60,
    0x0, 0x0, 0x0, 0x0, 0x0, 0x0, 0x0, 0x0,
    0x0, 0x0, 0x0, 0xf, 0xff, 0x30, 0x0, 0x0,
    0x0, 0xd, 0xff, 0x60, 0xff, 0xf3, 0x0, 0x0,
    0x0, 0x0, 0xdf, 0xf6, 0xf, 0xff, 0x30, 0x0,
    0x0, 0x0, 0xd, 0xff, 0x60, 0xff, 0xf3, 0x0,
    0x0, 0x0, 0x0, 0xdf, 0xf6, 0xf, 0xff, 0x30,
    0x0, 0x0, 0x0, 0xd, 0xff, 0x60, 0xff, 0xf3,
    0x0, 0x0, 0x0, 0x0, 0xdf, 0xf6, 0xf, 0xff,
    0x30, 0x0, 0x0, 0x0, 0xd, 0xff, 0x60, 0xff,
    0xf3, 0x0, 0x0, 0x0, 0x0, 0xdf, 0xf6, 0xf,
    0xff, 0x30, 0x0, 0x0, 0x0, 0xd, 0xff, 0x60,
    0xff, 0xf3, 0x0, 0x0, 0x0, 0x0, 0xdf, 0xf6,
    0xf, 0xff, 0x30, 0x0, 0x0, 0x0, 0xd, 0xff,
    0x60, 0xff, 0xf3, 0x0, 0x0, 0x0, 0x0, 0xdf,
    0xf6, 0xf, 0xff, 0x30, 0x0, 0x0, 0x0, 0xd,
    0xff, 0x60, 0xff, 0xf3, 0x0, 0x0, 0x0, 0x0,
    0xdf, 0xf6, 0xf, 0xff, 0x30, 0x0, 0x0, 0x0,
    0xd, 0xff, 0x60, 0xff, 0xf4, 0x0, 0x0, 0x0,
    0x0, 0xef, 0xf6, 0xf, 0xff, 0xe2, 0x0, 0x0,
    0x0, 0xbf, 0xff, 0x60, 0x4f, 0xff, 0xfd, 0xdd,
    0xdd, 0xdf, 0xff, 0x90, 0x0, 0x4f, 0xff, 0xff,
    0xff, 0xff, 0xff, 0x90, 0x0, 0x0, 0x4f, 0xff,
    0xff, 0xff, 0xff, 0xa0, 0x0,

    /* U+00DB "Û" */
    0x0, 0x0, 0x0, 0x6, 0x88, 0x10, 0x0, 0x0,
    0x0, 0x0, 0x0, 0x7, 0xff, 0xfc, 0x0, 0x0,
    0x0, 0x0, 0x0, 0x4, 0xff, 0xdf, 0xfa, 0x0,
    0x0, 0x0, 0x0, 0x2, 0xef, 0xe1, 0x9f, 0xf6,
    0x0, 0x0, 0x0, 0x0, 0xdf, 0xf3, 0x0, 0xcf,
    0xf4, 0x0, 0x0, 0x0, 0x0, 0x0, 0x0, 0x0,
    0x0, 0x0, 0x0, 0xf, 0xff, 0x30, 0x0, 0x0,
    0x0, 0xd, 0xff, 0x60, 0xff, 0xf3, 0x0, 0x0,
    0x0, 0x0, 0xdf, 0xf6, 0xf, 0xff, 0x30, 0x0,
    0x0, 0x0, 0xd, 0xff, 0x60, 0xff, 0xf3, 0x0,
    0x0, 0x0, 0x0, 0xdf, 0xf6, 0xf, 0xff, 0x30,
    0x0, 0x0, 0x0, 0xd, 0xff, 0x60, 0xff, 0xf3,
    0x0, 0x0, 0x0, 0x0, 0xdf, 0xf6, 0xf, 0xff,
    0x30, 0x0, 0x0, 0x0, 0xd, 0xff, 0x60, 0xff,
    0xf3, 0x0, 0x0, 0x0, 0x0, 0xdf, 0xf6, 0xf,
    0xff, 0x30, 0x0, 0x0, 0x0, 0xd, 0xff, 0x60,
    0xff, 0xf3, 0x0, 0x0, 0x0, 0x0, 0xdf, 0xf6,
    0xf, 0xff, 0x30, 0x0, 0x0, 0x0, 0xd, 0xff,
    0x60, 0xff, 0xf3, 0x0, 0x0, 0x0, 0x0, 0xdf,
    0xf6, 0xf, 0xff, 0x30, 0x0, 0x0, 0x0, 0xd,
    0xff, 0x60, 0xff, 0xf3, 0x0, 0x0, 0x0, 0x0,
    0xdf, 0xf6, 0xf, 0xff, 0x30, 0x0, 0x0, 0x0,
    0xd, 0xff, 0x60, 0xff, 0xf4, 0x0, 0x0, 0x0,
    0x0, 0xef, 0xf6, 0xf, 0xff, 0xe2, 0x0, 0x0,
    0x0, 0xbf, 0xff, 0x60, 0x4f, 0xff, 0xfd, 0xdd,
    0xdd, 0xdf, 0xff, 0x90, 0x0, 0x4f, 0xff, 0xff,
    0xff, 0xff, 0xff, 0x90, 0x0, 0x0, 0x4f, 0xff,
    0xff, 0xff, 0xff, 0xa0, 0x0,

    /* U+00DC "Ü" */
    0x0, 0x0, 0x9f, 0xe2, 0x0, 0xaf, 0xd1, 0x0,
    0x0, 0x0, 0x1f, 0xff, 0x80, 0x2f, 0xff, 0x70,
    0x0, 0x0, 0x0, 0xef, 0xf6, 0x1, 0xef, 0xf5,
    0x0, 0x0, 0x0, 0x2, 0x76, 0x0, 0x3, 0x75,
    0x0, 0x0, 0x0, 0x0, 0x0, 0x0, 0x0, 0x0,
    0x0, 0x0, 0x0, 0xff, 0xf3, 0x0, 0x0, 0x0,
    0x0, 0xdf, 0xf6, 0xf, 0xff, 0x30, 0x0, 0x0,
    0x0, 0xd, 0xff, 0x60, 0xff, 0xf3, 0x0, 0x0,
    0x0, 0x0, 0xdf, 0xf6, 0xf, 0xff, 0x30, 0x0,
    0x0, 0x0, 0xd, 0xff, 0x60, 0xff, 0xf3, 0x0,
    0x0, 0x0, 0x0, 0xdf, 0xf6, 0xf, 0xff, 0x30,
    0x0, 0x0, 0x0, 0xd, 0xff, 0x60, 0xff, 0xf3,
    0x0, 0x0, 0x0, 0x0, 0xdf, 0xf6, 0xf, 0xff,
    0x30, 0x0, 0x0, 0x0, 0xd, 0xff, 0x60, 0xff,
    0xf3, 0x0, 0x0, 0x0, 0x0, 0xdf, 0xf6, 0xf,
    0xff, 0x30, 0x0, 0x0, 0x0, 0xd, 0xff, 0x60,
    0xff, 0xf3, 0x0, 0x0, 0x0, 0x0, 0xdf, 0xf6,
    0xf, 0xff, 0x30, 0x0, 0x0, 0x0, 0xd, 0xff,
    0x60, 0xff, 0xf3, 0x0, 0x0, 0x0, 0x0, 0xdf,
    0xf6, 0xf, 0xff, 0x30, 0x0, 0x0, 0x0, 0xd,
    0xff, 0x60, 0xff, 0xf3, 0x0, 0x0, 0x0, 0x0,
    0xdf, 0xf6, 0xf, 0xff, 0x40, 0x0, 0x0, 0x0,
    0xe, 0xff, 0x60, 0xff, 0xfe, 0x20, 0x0, 0x0,
    0xb, 0xff, 0xf6, 0x4, 0xff, 0xff, 0xdd, 0xdd,
    0xdd, 0xff, 0xf9, 0x0, 0x4, 0xff, 0xff, 0xff,
    0xff, 0xff, 0xf9, 0x0, 0x0, 0x4, 0xff, 0xff,
    0xff, 0xff, 0xfa, 0x0, 0x0,

    /* U+00DD "Ý" */
    0x0, 0x0, 0x0, 0x0, 0x7, 0xaa, 0x50, 0x0,
    0x0, 0x0, 0x0, 0x0, 0x0, 0x2f, 0xff, 0x20,
    0x0, 0x0, 0x0, 0x0, 0x0, 0x0, 0x9f, 0xf8,
    0x0, 0x0, 0x0, 0x0, 0x0, 0x0, 0x1, 0xff,
    0xe0, 0x0, 0x0, 0x0, 0x0, 0x0, 0x0, 0x8,
    0xff, 0x50, 0x0, 0x0, 0x0, 0x0, 0x0, 0x0,
    0x0, 0x0, 0x0, 0x0, 0x0, 0x0, 0x9f, 0xfe,
    0x10, 0x0, 0x0, 0x0, 0xa, 0xff, 0xe0, 0x1e,
    0xff, 0x80, 0x0, 0x0, 0x0, 0x3f, 0xff, 0x50,
    0x6, 0xff, 0xf2, 0x0, 0x0, 0x0, 0xcf, 0xfb,
    0x0, 0x0, 0xcf, 0xfb, 0x0, 0x0, 0x5, 0xff,
    0xf2, 0x0, 0x0, 0x3f, 0xff, 0x40, 0x0, 0xe,
    0xff, 0x90, 0x0, 0x0, 0xa, 0xff, 0xd0, 0x0,
    0x7f, 0xfe, 0x10, 0x0, 0x0, 0x1, 0xff, 0xf6,
    0x1, 0xff, 0xf6, 0x0, 0x0, 0x0, 0x0, 0x7f,
    0xfe, 0x9, 0xff, 0xc0, 0x0, 0x0, 0x0, 0x0,
    0xd, 0xff, 0xbf, 0xff, 0x30, 0x0, 0x0, 0x0,
    0x0, 0x4, 0xff, 0xff, 0xfa, 0x0, 0x0, 0x0,
    0x0, 0x0, 0x0, 0xaf, 0xff, 0xf1, 0x0, 0x0,
    0x0, 0x0, 0x0, 0x0, 0x2f, 0xff, 0x70, 0x0,
    0x0, 0x0, 0x0, 0x0, 0x0, 0xf, 0xff, 0x40,
    0x0, 0x0, 0x0, 0x0, 0x0, 0x0, 0xf, 0xff,
    0x40, 0x0, 0x0, 0x0, 0x0, 0x0, 0x0, 0xf,
    0xff, 0x40, 0x0, 0x0, 0x0, 0x0, 0x0, 0x0,
    0xf, 0xff, 0x40, 0x0, 0x0, 0x0, 0x0, 0x0,
    0x0, 0xf, 0xff, 0x40, 0x0, 0x0, 0x0, 0x0,
    0x0, 0x0, 0xf, 0xff, 0x40, 0x0, 0x0, 0x0,
    0x0, 0x0, 0x0, 0xf, 0xff, 0x40, 0x0, 0x0,
    0x0, 0x0, 0x0, 0x0, 0xf, 0xff, 0x40, 0x0,
    0x0, 0x0,

    /* U+00DE "Þ" */
    0xf, 0xff, 0x30, 0x0, 0x0, 0x0, 0x0, 0x0,
    0xf, 0xff, 0x30, 0x0, 0x0, 0x0, 0x0, 0x0,
    0xf, 0xff, 0x30, 0x0, 0x0, 0x0, 0x0, 0x0,
    0xf, 0xff, 0x30, 0x0, 0x0, 0x0, 0x0, 0x0,
    0xf, 0xff, 0xff, 0xff, 0xff, 0xff, 0xf6, 0x0,
    0xf, 0xff, 0xff, 0xff, 0xff, 0xff, 0xff, 0x60,
    0xf, 0xff, 0xdc, 0xcc, 0xcc, 0xcd, 0xff, 0xf6,
    0xf, 0xff, 0x30, 0x0, 0x0, 0x0, 0xcf, 0xfc,
    0xf, 0xff, 0x30, 0x0, 0x0, 0x0, 0x7f, 0xfc,
    0xf, 0xff, 0x30, 0x0, 0x0, 0x0, 0x7f, 0xfc,
    0xf, 0xff, 0x30, 0x0, 0x0, 0x0, 0x7f, 0xfc,
    0xf, 0xff, 0x30, 0x0, 0x0, 0x0, 0x7f, 0xfc,
    0xf, 0xff, 0x30, 0x0, 0x0, 0x0, 0x7f, 0xfc,
    0xf, 0xff, 0x30, 0x0, 0x0, 0x2, 0xef, 0xfb,
    0xf, 0xff, 0xff, 0xff, 0xff, 0xff, 0xff, 0xe3,
    0xf, 0xff, 0xff, 0xff, 0xff, 0xff, 0xfe, 0x30,
    0xf, 0xff, 0xdc, 0xcc, 0xcc, 0xcc, 0xc3, 0x0,
    0xf, 0xff, 0x30, 0x0, 0x0, 0x0, 0x0, 0x0,
    0xf, 0xff, 0x30, 0x0, 0x0, 0x0, 0x0, 0x0,
    0xf, 0xff, 0x30, 0x0, 0x0, 0x0, 0x0, 0x0,

    /* U+00DF "ß" */
    0x0, 0xc, 0xff, 0xff, 0xff, 0xf7, 0x0, 0x0,
    0x0, 0xc, 0xff, 0xff, 0xff, 0xff, 0xf7, 0x0,
    0x0, 0xc, 0xff, 0xfb, 0xbb, 0xbc, 0xff, 0xf6,
    0x0, 0x0, 0xff, 0xf5, 0x0, 0x0, 0xa, 0xff,
    0xb0, 0x0, 0xf, 0xff, 0x20, 0x0, 0x0, 0x7f,
    0xfb, 0x0, 0x0, 0xff, 0xf2, 0x0, 0x0, 0x8,
    0xff, 0xb0, 0x0, 0xf, 0xff, 0x20, 0x0, 0x2,
    0xff, 0xf6, 0x0, 0x0, 0xff, 0xf2, 0x0, 0x0,
    0xdf, 0xf9, 0x0, 0x0, 0xf, 0xff, 0x20, 0x0,
    0xaf, 0xfc, 0x0, 0x0, 0x0, 0xff, 0xf2, 0x0,
    0xc, 0xff, 0x70, 0x0, 0x0, 0xf, 0xff, 0x20,
    0x0, 0xbf, 0xff, 0xff, 0x50, 0x0, 0xff, 0xf2,
    0x0, 0x1, 0xdf, 0xff, 0xff, 0x50, 0xf, 0xff,
    0x20, 0x0, 0x1, 0x9a, 0xcf, 0xff, 0x30, 0xff,
    0xf2, 0x0, 0x0, 0x0, 0x0, 0xdf, 0xf5, 0xf,
    0xff, 0x20, 0x0, 0x0, 0x0, 0xc, 0xff, 0x50,
    0xff, 0xf2, 0x7, 0x99, 0x20, 0x0, 0xcf, 0xf5,
    0xf, 0xff, 0x20, 0xdf, 0xf6, 0x0, 0xd, 0xff,
    0x50, 0xff, 0xf2, 0xa, 0xff, 0xfa, 0xad, 0xff,
    0xf3, 0xf, 0xff, 0x20, 0xb, 0xff, 0xff, 0xff,
    0xf4, 0x0, 0xff, 0xf2, 0x0, 0xb, 0xff, 0xff,
    0xf4, 0x0,

    /* U+00E0 "à" */
    0x0, 0x9, 0xff, 0xc0, 0x0, 0x0, 0x0, 0x0,
    0x1, 0xef, 0xf3, 0x0, 0x0, 0x0, 0x0, 0x0,
    0x6f, 0xfa, 0x0, 0x0, 0x0, 0x0, 0x0, 0xd,
    0xff, 0x20, 0x0, 0x0, 0x0, 0x0, 0x3, 0xaa,
    0x50, 0x0, 0x0, 0x0, 0x0, 0x0, 0x0, 0x0,
    0x0, 0x0, 0x0, 0x3e, 0xff, 0xff, 0xff, 0xc0,
    0x0, 0x3, 0xef, 0xff, 0xff, 0xff, 0xfc, 0x0,
    0x2e, 0xff, 0xc9, 0x99, 0x9e, 0xff, 0xc0, 0x7f,
    0xfc, 0x0, 0x0, 0x2, 0xff, 0xf3, 0x37, 0x74,
    0x0, 0x0, 0x0, 0xef, 0xf3, 0x0, 0x15, 0x55,
    0x55, 0x55, 0xff, 0xf3, 0x1, 0xdf, 0xff, 0xff,
    0xff, 0xff, 0xf3, 0x1d, 0xff, 0xff, 0xff, 0xff,
    0xff, 0xf3, 0x9f, 0xfd, 0x10, 0x0, 0x0, 0xef,
    0xf3, 0x9f, 0xf8, 0x0, 0x0, 0x4, 0xff, 0xf3,
    0x9f, 0xf9, 0x0, 0x0, 0x4f, 0xff, 0xf3, 0x7f,
    0xff, 0x88, 0x88, 0xff, 0xff, 0xf3, 0x9, 0xff,
    0xff, 0xff, 0xf9, 0xbf, 0xf3, 0x0, 0x9f, 0xff,
    0xff, 0x90, 0xbf, 0xf3,

    /* U+00E1 "á" */
    0x0, 0x0, 0x0, 0x8, 0xff, 0xc0, 0x0, 0x0,
    0x0, 0x0, 0xf, 0xff, 0x30, 0x0, 0x0, 0x0,
    0x0, 0x7f, 0xf9, 0x0, 0x0, 0x0, 0x0, 0x0,
    0xef, 0xf1, 0x0, 0x0, 0x0, 0x0, 0x3, 0xaa,
    0x50, 0x0, 0x0, 0x0, 0x0, 0x0, 0x0, 0x0,
    0x0, 0x0, 0x0, 0x3e, 0xff, 0xff, 0xff, 0xc0,
    0x0, 0x3, 0xef, 0xff, 0xff, 0xff, 0xfc, 0x0,
    0x2e, 0xff, 0xc9, 0x99, 0x9e, 0xff, 0xc0, 0x7f,
    0xfc, 0x0, 0x0, 0x2, 0xff, 0xf3, 0x37, 0x74,
    0x0, 0x0, 0x0, 0xef, 0xf3, 0x0, 0x15, 0x55,
    0x55, 0x55, 0xff, 0xf3, 0x1, 0xdf, 0xff, 0xff,
    0xff, 0xff, 0xf3, 0x1d, 0xff, 0xff, 0xff, 0xff,
    0xff, 0xf3, 0x9f, 0xfd, 0x10, 0x0, 0x0, 0xef,
    0xf3, 0x9f, 0xf8, 0x0, 0x0, 0x4, 0xff, 0xf3,
    0x9f, 0xf9, 0x0, 0x0, 0x4f, 0xff, 0xf3, 0x7f,
    0xff, 0x88, 0x88, 0xff, 0xff, 0xf3, 0x9, 0xff,
    0xff, 0xff, 0xf9, 0xbf, 0xf3, 0x0, 0x9f, 0xff,
    0xff, 0x90, 0xbf, 0xf3,

    /* U+00E2 "â" */
    0x0, 0x0, 0xb, 0xff, 0xb0, 0x0, 0x0, 0x0,
    0x0, 0x9f, 0xff, 0xf8, 0x0, 0x0, 0x0, 0x5,
    0xff, 0xaa, 0xff, 0x50, 0x0, 0x0, 0x3f, 0xfd,
    0x0, 0xdf, 0xf2, 0x0, 0x0, 0x68, 0x82, 0x0,
    0x28, 0x85, 0x0, 0x0, 0x0, 0x0, 0x0, 0x0,
    0x0, 0x0, 0x0, 0x3e, 0xff, 0xff, 0xff, 0xc0,
    0x0, 0x3, 0xef, 0xff, 0xff, 0xff, 0xfc, 0x0,
    0x2e, 0xff, 0xc9, 0x99, 0x9e, 0xff, 0xc0, 0x7f,
    0xfc, 0x0, 0x0, 0x2, 0xff, 0xf3, 0x37, 0x74,
    0x0, 0x0, 0x0, 0xef, 0xf3, 0x0, 0x15, 0x55,
    0x55, 0x55, 0xff, 0xf3, 0x1, 0xdf, 0xff, 0xff,
    0xff, 0xff, 0xf3, 0x1d, 0xff, 0xff, 0xff, 0xff,
    0xff, 0xf3, 0x9f, 0xfd, 0x10, 0x0, 0x0, 0xef,
    0xf3, 0x9f, 0xf8, 0x0, 0x0, 0x4, 0xff, 0xf3,
    0x9f, 0xf9, 0x0, 0x0, 0x4f, 0xff, 0xf3, 0x7f,
    0xff, 0x88, 0x88, 0xff, 0xff, 0xf3, 0x9, 0xff,
    0xff, 0xff, 0xf9, 0xbf, 0xf3, 0x0, 0x9f, 0xff,
    0xff, 0x90, 0xbf, 0xf3,

    /* U+00E3 "ã" */
    0x0, 0x3, 0xff, 0xc0, 0xd, 0xf8, 0x0, 0x0,
    0x2e, 0xff, 0xfb, 0xe, 0xf8, 0x0, 0x0, 0x8f,
    0xe4, 0xdf, 0xff, 0xf3, 0x0, 0x0, 0x9f, 0xc0,
    0x1e, 0xff, 0x40, 0x0, 0x0, 0x1, 0x0, 0x0,
    0x10, 0x0, 0x0, 0x0, 0x0, 0x0, 0x0, 0x0,
    0x0, 0x0, 0x0, 0x3e, 0xff, 0xff, 0xff, 0xc0,
    0x0, 0x3, 0xef, 0xff, 0xff, 0xff, 0xfc, 0x0,
    0x2e, 0xff, 0xc9, 0x99, 0x9e, 0xff, 0xc0, 0x7f,
    0xfc, 0x0, 0x0, 0x2, 0xff, 0xf3, 0x37, 0x74,
    0x0, 0x0, 0x0, 0xef, 0xf3, 0x0, 0x15, 0x55,
    0x55, 0x55, 0xff, 0xf3, 0x1, 0xdf, 0xff, 0xff,
    0xff, 0xff, 0xf3, 0x1d, 0xff, 0xff, 0xff, 0xff,
    0xff, 0xf3, 0x9f, 0xfd, 0x10, 0x0, 0x0, 0xef,
    0xf3, 0x9f, 0xf8, 0x0, 0x0, 0x4, 0xff, 0xf3,
    0x9f, 0xf9, 0x0, 0x0, 0x4f, 0xff, 0xf3, 0x7f,
    0xff, 0x88, 0x88, 0xff, 0xff, 0xf3, 0x9, 0xff,
    0xff, 0xff, 0xf9, 0xbf, 0xf3, 0x0, 0x9f, 0xff,
    0xff, 0x90, 0xbf, 0xf3,

    /* U+00E4 "ä" */
    0x0, 0x5f, 0xf5, 0x0, 0x5f, 0xf4, 0x0, 0x0,
    0xdf, 0xfc, 0x0, 0xdf, 0xfc, 0x0, 0x0, 0xbf,
    0xfa, 0x0, 0xbf, 0xfa, 0x0, 0x0, 0x7, 0x70,
    0x0, 0x17, 0x70, 0x0, 0x0, 0x0, 0x0, 0x0,
    0x0, 0x0, 0x0, 0x0, 0x3e, 0xff, 0xff, 0xff,
    0xc0, 0x0, 0x3, 0xef, 0xff, 0xff, 0xff, 0xfc,
    0x0, 0x2e, 0xff, 0xc9, 0x99, 0x9e, 0xff, 0xc0,
    0x7f, 0xfc, 0x0, 0x0, 0x2, 0xff, 0xf3, 0x37,
    0x74, 0x0, 0x0, 0x0, 0xef, 0xf3, 0x0, 0x15,
    0x55, 0x55, 0x55, 0xff, 0xf3, 0x1, 0xdf, 0xff,
    0xff, 0xff, 0xff, 0xf3, 0x1d, 0xff, 0xff, 0xff,
    0xff, 0xff, 0xf3, 0x9f, 0xfd, 0x10, 0x0, 0x0,
    0xef, 0xf3, 0x9f, 0xf8, 0x0, 0x0, 0x4, 0xff,
    0xf3, 0x9f, 0xf9, 0x0, 0x0, 0x4f, 0xff, 0xf3,
    0x7f, 0xff, 0x88, 0x88, 0xff, 0xff, 0xf3, 0x9,
    0xff, 0xff, 0xff, 0xf9, 0xbf, 0xf3, 0x0, 0x9f,
    0xff, 0xff, 0x90, 0xbf, 0xf3,

    /* U+00E5 "å" */
    0x0, 0x0, 0xb, 0xdd, 0xa0, 0x0, 0x0, 0x0,
    0x0, 0xcf, 0xff, 0xfb, 0x0, 0x0, 0x0, 0x4,
    0xfd, 0x11, 0xef, 0x30, 0x0, 0x0, 0x4, 0xfa,
    0x0, 0xbf, 0x30, 0x0, 0x0, 0x4, 0xfd, 0x11,
    0xef, 0x30, 0x0, 0x0, 0x0, 0xcf, 0xff, 0xfb,
    0x0, 0x0, 0x0, 0x0, 0xb, 0xee, 0xb0, 0x0,
    0x0, 0x0, 0x0, 0x0, 0x0, 0x0, 0x0, 0x0,
    0x0, 0x3e, 0xff, 0xff, 0xff, 0xc0, 0x0, 0x3,
    0xef, 0xff, 0xff, 0xff, 0xfc, 0x0, 0x2e, 0xff,
    0xc9, 0x99, 0x9e, 0xff, 0xc0, 0x7f, 0xfc, 0x0,
    0x0, 0x2, 0xff, 0xf3, 0x37, 0x74, 0x0, 0x0,
    0x0, 0xef, 0xf3, 0x0, 0x15, 0x55, 0x55, 0x55,
    0xff, 0xf3, 0x1, 0xdf, 0xff, 0xff, 0xff, 0xff,
    0xf3, 0x1d, 0xff, 0xff, 0xff, 0xff, 0xff, 0xf3,
    0x9f, 0xfd, 0x10, 0x0, 0x0, 0xef, 0xf3, 0x9f,
    0xf8, 0x0, 0x0, 0x4, 0xff, 0xf3, 0x9f, 0xf9,
    0x0, 0x0, 0x4f, 0xff, 0xf3, 0x7f, 0xff, 0x88,
    0x88, 0xff, 0xff, 0xf3, 0x9, 0xff, 0xff, 0xff,
    0xf9, 0xbf, 0xf3, 0x0, 0x9f, 0xff, 0xff, 0x90,
    0xbf, 0xf3,

    /* U+00E6 "æ" */
    0x0, 0x3e, 0xff, 0xff, 0xff, 0xb0, 0x4f, 0xff,
    0xff, 0xff, 0x80, 0x0, 0x2e, 0xff, 0xff, 0xff,
    0xff, 0xcf, 0xff, 0xff, 0xff, 0xff, 0x80, 0x2e,
    0xff, 0xc9, 0x99, 0x9e, 0xff, 0xff, 0xa9, 0x99,
    0x9f, 0xff, 0x87, 0xff, 0xc0, 0x0, 0x0, 0x2f,
    0xff, 0x90, 0x0, 0x0, 0x6f, 0xff, 0x38, 0x85,
    0x0, 0x0, 0x0, 0xef, 0xf5, 0x0, 0x0, 0x3,
    0xff, 0xf0, 0x1, 0x55, 0x55, 0x55, 0x5e, 0xff,
    0x85, 0x55, 0x55, 0x7f, 0xff, 0x1, 0xdf, 0xff,
    0xff, 0xff, 0xff, 0xff, 0xff, 0xff, 0xff, 0xff,
    0xf1, 0xdf, 0xff, 0xff, 0xff, 0xff, 0xff, 0xff,
    0xff, 0xff, 0xff, 0xff, 0x9f, 0xfd, 0x10, 0x0,
    0x0, 0xdf, 0xf5, 0x0, 0x0, 0x0, 0x0, 0x9,
    0xff, 0x80, 0x0, 0x0, 0x1e, 0xff, 0x50, 0x0,
    0x0, 0x2a, 0xa9, 0x9f, 0xf9, 0x0, 0x0, 0x2e,
    0xff, 0xfa, 0x0, 0x0, 0x7, 0xff, 0xf7, 0xff,
    0xfb, 0xaa, 0xae, 0xff, 0xff, 0xfc, 0xaa, 0xab,
    0xff, 0xf9, 0x9, 0xff, 0xff, 0xff, 0xff, 0x96,
    0xff, 0xff, 0xff, 0xff, 0xf9, 0x0, 0x9, 0xff,
    0xff, 0xff, 0xa0, 0x6, 0xff, 0xff, 0xff, 0xf9,
    0x0,

    /* U+00E7 "ç" */
    0x0, 0x3f, 0xff, 0xff, 0xff, 0xe3, 0x0, 0x3,
    0xff, 0xff, 0xff, 0xff, 0xfe, 0x30, 0x3f, 0xff,
    0xeb, 0xbb, 0xbe, 0xff, 0xe2, 0x7f, 0xfe, 0x20,
    0x0, 0x2, 0xef, 0xf6, 0x7f, 0xfb, 0x0, 0x0,
    0x0, 0xcf, 0xf6, 0x7f, 0xfb, 0x0, 0x0, 0x0,
    0x11, 0x10, 0x7f, 0xfb, 0x0, 0x0, 0x0, 0x0,
    0x0, 0x7f, 0xfb, 0x0, 0x0, 0x0, 0x0, 0x0,
    0x7f, 0xfb, 0x0, 0x0, 0x0, 0x12, 0x20, 0x7f,
    0xfb, 0x0, 0x0, 0x0, 0xcf, 0xf6, 0x7f, 0xfe,
    0x20, 0x0, 0x2, 0xef, 0xf6, 0x3f, 0xff, 0xeb,
    0xbb, 0xbe, 0xff, 0xe2, 0x3, 0xff, 0xff, 0xff,
    0xff, 0xfe, 0x30, 0x0, 0x3f, 0xff, 0xff, 0xff,
    0xe3, 0x0, 0x0, 0x0, 0x6, 0xfe, 0x0, 0x0,
    0x0, 0x0, 0x0, 0xd, 0xff, 0xfa, 0x0, 0x0,
    0x0, 0x0, 0x9, 0xaa, 0xff, 0x80, 0x0, 0x0,
    0x0, 0x0, 0x0, 0xcf, 0xa0, 0x0, 0x0, 0x0,
    0x6d, 0xdd, 0xff, 0x80, 0x0, 0x0, 0x0, 0x7f,
    0xff, 0xfa, 0x0, 0x0,

    /* U+00E8 "è" */
    0x0, 0xc, 0xff, 0x80, 0x0, 0x0, 0x0, 0x0,
    0x3, 0xff, 0xe0, 0x0, 0x0, 0x0, 0x0, 0x0,
    0xaf, 0xf6, 0x0, 0x0, 0x0, 0x0, 0x0, 0x1f,
    0xfd, 0x0, 0x0, 0x0, 0x0, 0x0, 0x6, 0xaa,
    0x20, 0x0, 0x0, 0x0, 0x0, 0x0, 0x0, 0x0,
    0x0, 0x0, 0x0, 0x3f, 0xff, 0xff, 0xff, 0xf6,
    0x0, 0x3, 0xff, 0xff, 0xff, 0xff, 0xff, 0x60,
    0x3f, 0xff, 0xda, 0xaa, 0xac, 0xff, 0xf6, 0x7f,
    0xfe, 0x10, 0x0, 0x0, 0xbf, 0xfb, 0x7f, 0xfb,
    0x0, 0x0, 0x0, 0x7f, 0xfb, 0x7f, 0xfc, 0x55,
    0x55, 0x55, 0x9f, 0xfb, 0x7f, 0xff, 0xff, 0xff,
    0xff, 0xff, 0xfb, 0x7f, 0xff, 0xff, 0xff, 0xff,
    0xff, 0xfb, 0x7f, 0xfb, 0x0, 0x0, 0x0, 0x0,
    0x0, 0x7f, 0xfb, 0x0, 0x0, 0x0, 0x38, 0x86,
    0x7f, 0xfd, 0x10, 0x0, 0x0, 0xaf, 0xfb, 0x3f,
    0xff, 0xda, 0xaa, 0xab, 0xff, 0xf7, 0x3, 0xff,
    0xff, 0xff, 0xff, 0xff, 0x70, 0x0, 0x4f, 0xff,
    0xff, 0xff, 0xf7, 0x0,

    /* U+00E9 "é" */
    0x0, 0x0, 0x0, 0x6, 0xff, 0xe0, 0x0, 0x0,
    0x0, 0x0, 0xd, 0xff, 0x50, 0x0, 0x0, 0x0,
    0x0, 0x4f, 0xfc, 0x0, 0x0, 0x0, 0x0, 0x0,
    0xcf, 0xf3, 0x0, 0x0, 0x0, 0x0, 0x1, 0xaa,
    0x70, 0x0, 0x0, 0x0, 0x0, 0x0, 0x0, 0x0,
    0x0, 0x0, 0x0, 0x3f, 0xff, 0xff, 0xff, 0xf6,
    0x0, 0x3, 0xff, 0xff, 0xff, 0xff, 0xff, 0x60,
    0x3f, 0xff, 0xda, 0xaa, 0xac, 0xff, 0xf6, 0x7f,
    0xfe, 0x10, 0x0, 0x0, 0xbf, 0xfb, 0x7f, 0xfb,
    0x0, 0x0, 0x0, 0x7f, 0xfb, 0x7f, 0xfc, 0x55,
    0x55, 0x55, 0x9f, 0xfb, 0x7f, 0xff, 0xff, 0xff,
    0xff, 0xff, 0xfb, 0x7f, 0xff, 0xff, 0xff, 0xff,
    0xff, 0xfb, 0x7f, 0xfb, 0x0, 0x0, 0x0, 0x0,
    0x0, 0x7f, 0xfb, 0x0, 0x0, 0x0, 0x38, 0x86,
    0x7f, 0xfd, 0x10, 0x0, 0x0, 0xaf, 0xfb, 0x3f,
    0xff, 0xda, 0xaa, 0xab, 0xff, 0xf7, 0x3, 0xff,
    0xff, 0xff, 0xff, 0xff, 0x70, 0x0, 0x4f, 0xff,
    0xff, 0xff, 0xf7, 0x0,

    /* U+00EA "ê" */
    0x0, 0x0, 0x9, 0xff, 0xd0, 0x0, 0x0, 0x0,
    0x0, 0x6f, 0xff, 0xfa, 0x0, 0x0, 0x0, 0x3,
    0xff, 0xc8, 0xff, 0x70, 0x0, 0x0, 0x1e, 0xfe,
    0x10, 0xbf, 0xf4, 0x0, 0x0, 0x48, 0x83, 0x0,
    0x17, 0x87, 0x0, 0x0, 0x0, 0x0, 0x0, 0x0,
    0x0, 0x0, 0x0, 0x3f, 0xff, 0xff, 0xff, 0xf6,
    0x0, 0x3, 0xff, 0xff, 0xff, 0xff, 0xff, 0x60,
    0x3f, 0xff, 0xda, 0xaa, 0xac, 0xff, 0xf6, 0x7f,
    0xfe, 0x10, 0x0, 0x0, 0xbf, 0xfb, 0x7f, 0xfb,
    0x0, 0x0, 0x0, 0x7f, 0xfb, 0x7f, 0xfc, 0x55,
    0x55, 0x55, 0x9f, 0xfb, 0x7f, 0xff, 0xff, 0xff,
    0xff, 0xff, 0xfb, 0x7f, 0xff, 0xff, 0xff, 0xff,
    0xff, 0xfb, 0x7f, 0xfb, 0x0, 0x0, 0x0, 0x0,
    0x0, 0x7f, 0xfb, 0x0, 0x0, 0x0, 0x38, 0x86,
    0x7f, 0xfd, 0x10, 0x0, 0x0, 0xaf, 0xfb, 0x3f,
    0xff, 0xda, 0xaa, 0xab, 0xff, 0xf7, 0x3, 0xff,
    0xff, 0xff, 0xff, 0xff, 0x70, 0x0, 0x4f, 0xff,
    0xff, 0xff, 0xf7, 0x0,

    /* U+00EB "ë" */
    0x0, 0x3f, 0xf7, 0x0, 0x3f, 0xf7, 0x0, 0x0,
    0xaf, 0xff, 0x0, 0xaf, 0xff, 0x0, 0x0, 0x8f,
    0xfd, 0x0, 0x8f, 0xfc, 0x0, 0x0, 0x6, 0x71,
    0x0, 0x7, 0x71, 0x0, 0x0, 0x0, 0x0, 0x0,
    0x0, 0x0, 0x0, 0x0, 0x3f, 0xff, 0xff, 0xff,
    0xf6, 0x0, 0x3, 0xff, 0xff, 0xff, 0xff, 0xff,
    0x60, 0x3f, 0xff, 0xda, 0xaa, 0xac, 0xff, 0xf6,
    0x7f, 0xfe, 0x10, 0x0, 0x0, 0xbf, 0xfb, 0x7f,
    0xfb, 0x0, 0x0, 0x0, 0x7f, 0xfb, 0x7f, 0xfc,
    0x55, 0x55, 0x55, 0x9f, 0xfb, 0x7f, 0xff, 0xff,
    0xff, 0xff, 0xff, 0xfb, 0x7f, 0xff, 0xff, 0xff,
    0xff, 0xff, 0xfb, 0x7f, 0xfb, 0x0, 0x0, 0x0,
    0x0, 0x0, 0x7f, 0xfb, 0x0, 0x0, 0x0, 0x38,
    0x86, 0x7f, 0xfd, 0x10, 0x0, 0x0, 0xaf, 0xfb,
    0x3f, 0xff, 0xda, 0xaa, 0xab, 0xff, 0xf7, 0x3,
    0xff, 0xff, 0xff, 0xff, 0xff, 0x70, 0x0, 0x4f,
    0xff, 0xff, 0xff, 0xf7, 0x0,

    /* U+00EC "ì" */
    0x4f, 0xff, 0x10, 0x0, 0xbf, 0xf7, 0x0, 0x2,
    0xff, 0xe0, 0x0, 0x9, 0xff, 0x60, 0x0, 0x1a,
    0xa7, 0x0, 0x0, 0x0, 0x0, 0x0, 0xe, 0xff,
    0x40, 0x0, 0xef, 0xf4, 0x0, 0xe, 0xff, 0x40,
    0x0, 0xef, 0xf4, 0x0, 0xe, 0xff, 0x40, 0x0,
    0xef, 0xf4, 0x0, 0xe, 0xff, 0x40, 0x0, 0xef,
    0xf4, 0x0, 0xe, 0xff, 0x40, 0x0, 0xef, 0xf4,
    0x0, 0xe, 0xff, 0x40, 0x0, 0xef, 0xf4, 0x0,
    0xe, 0xff, 0x40, 0x0, 0xef, 0xf4,

    /* U+00ED "í" */
    0x0, 0xdf, 0xf7, 0x5, 0xff, 0xd0, 0xc, 0xff,
    0x40, 0x3f, 0xfb, 0x0, 0x6a, 0xa2, 0x0, 0x0,
    0x0, 0x0, 0xef, 0xf4, 0x0, 0xef, 0xf4, 0x0,
    0xef, 0xf4, 0x0, 0xef, 0xf4, 0x0, 0xef, 0xf4,
    0x0, 0xef, 0xf4, 0x0, 0xef, 0xf4, 0x0, 0xef,
    0xf4, 0x0, 0xef, 0xf4, 0x0, 0xef, 0xf4, 0x0,
    0xef, 0xf4, 0x0, 0xef, 0xf4, 0x0, 0xef, 0xf4,
    0x0, 0xef, 0xf4, 0x0,

    /* U+00EE "î" */
    0x0, 0x2, 0xef, 0xf6, 0x0, 0x0, 0x0, 0xdf,
    0xff, 0xf3, 0x0, 0x0, 0xaf, 0xf6, 0xef, 0xe1,
    0x0, 0x7f, 0xf8, 0x3, 0xff, 0xc0, 0x7, 0x87,
    0x0, 0x4, 0x88, 0x30, 0x0, 0x0, 0x0, 0x0,
    0x0, 0x0, 0x0, 0xef, 0xf4, 0x0, 0x0, 0x0,
    0xe, 0xff, 0x40, 0x0, 0x0, 0x0, 0xef, 0xf4,
    0x0, 0x0, 0x0, 0xe, 0xff, 0x40, 0x0, 0x0,
    0x0, 0xef, 0xf4, 0x0, 0x0, 0x0, 0xe, 0xff,
    0x40, 0x0, 0x0, 0x0, 0xef, 0xf4, 0x0, 0x0,
    0x0, 0xe, 0xff, 0x40, 0x0, 0x0, 0x0, 0xef,
    0xf4, 0x0, 0x0, 0x0, 0xe, 0xff, 0x40, 0x0,
    0x0, 0x0, 0xef, 0xf4, 0x0, 0x0, 0x0, 0xe,
    0xff, 0x40, 0x0, 0x0, 0x0, 0xef, 0xf4, 0x0,
    0x0, 0x0, 0xe, 0xff, 0x40, 0x0,

    /* U+00EF "ï" */
    0xa, 0xfe, 0x10, 0xa, 0xfd, 0x12, 0xff, 0xf7,
    0x2, 0xff, 0xf7, 0x1e, 0xff, 0x50, 0x1f, 0xff,
    0x50, 0x27, 0x50, 0x0, 0x37, 0x50, 0x0, 0x0,
    0x0, 0x0, 0x0, 0x0, 0x0, 0xe, 0xff, 0x40,
    0x0, 0x0, 0x0, 0xef, 0xf4, 0x0, 0x0, 0x0,
    0xe, 0xff, 0x40, 0x0, 0x0, 0x0, 0xef, 0xf4,
    0x0, 0x0, 0x0, 0xe, 0xff, 0x40, 0x0, 0x0,
    0x0, 0xef, 0xf4, 0x0, 0x0, 0x0, 0xe, 0xff,
    0x40, 0x0, 0x0, 0x0, 0xef, 0xf4, 0x0, 0x0,
    0x0, 0xe, 0xff, 0x40, 0x0, 0x0, 0x0, 0xef,
    0xf4, 0x0, 0x0, 0x0, 0xe, 0xff, 0x40, 0x0,
    0x0, 0x0, 0xef, 0xf4, 0x0, 0x0, 0x0, 0xe,
    0xff, 0x40, 0x0, 0x0, 0x0, 0xef, 0xf4, 0x0,
    0x0,

    /* U+00F0 "ð" */
    0x0, 0x0, 0x5f, 0xff, 0xff, 0xa0, 0x19, 0x10,
    0x0, 0x5, 0xff, 0xff, 0xff, 0x9f, 0xf9, 0x0,
    0x0, 0x26, 0x66, 0x9f, 0xff, 0xff, 0x60, 0x0,
    0x0, 0x0, 0x2b, 0xff, 0xfe, 0x10, 0x0, 0x0,
    0x0, 0x3f, 0xff, 0xff, 0xf5, 0x0, 0x0, 0x0,
    0x0, 0xde, 0x57, 0xff, 0xf1, 0x0, 0x0, 0x0,
    0x2, 0x0, 0xd, 0xff, 0x60, 0x0, 0xac, 0xcc,
    0xcc, 0x80, 0xdf, 0xf6, 0x0, 0xcf, 0xff, 0xff,
    0xff, 0xad, 0xff, 0x60, 0xcf, 0xff, 0xff, 0xff,
    0xff, 0xff, 0xf6, 0x7f, 0xff, 0x60, 0x0, 0xa,
    0xff, 0xff, 0x67, 0xff, 0xb0, 0x0, 0x0, 0x9,
    0xff, 0xf6, 0x7f, 0xfb, 0x0, 0x0, 0x0, 0xd,
    0xff, 0x67, 0xff, 0xb0, 0x0, 0x0, 0x0, 0xdf,
    0xf6, 0x7f, 0xfb, 0x0, 0x0, 0x0, 0xd, 0xff,
    0x67, 0xff, 0xb0, 0x0, 0x0, 0x0, 0xdf, 0xf6,
    0x7f, 0xff, 0x40, 0x0, 0x0, 0x4f, 0xff, 0x62,
    0xef, 0xff, 0xdd, 0xdd, 0xdf, 0xff, 0xd1, 0x2,
    0xef, 0xff, 0xff, 0xff, 0xff, 0xd1, 0x0, 0x2,
    0xef, 0xff, 0xff, 0xff, 0xd1, 0x0,

    /* U+00F1 "ñ" */
    0x0, 0x0, 0xcf, 0xf3, 0x7, 0xfe, 0x0, 0x0,
    0xa, 0xff, 0xfe, 0x29, 0xfe, 0x0, 0x0, 0x2f,
    0xf7, 0x9f, 0xff, 0xf8, 0x0, 0x0, 0x3f, 0xf2,
    0x9, 0xff, 0x90, 0x0, 0x0, 0x1, 0x10, 0x0,
    0x11, 0x0, 0x0, 0x0, 0x0, 0x0, 0x0, 0x0,
    0x0, 0x0, 0x3f, 0xfc, 0x3, 0xff, 0xff, 0xf4,
    0x0, 0x3f, 0xfc, 0x3f, 0xff, 0xff, 0xff, 0x40,
    0x3f, 0xfe, 0xff, 0xeb, 0xbd, 0xff, 0xf4, 0x3f,
    0xff, 0xfe, 0x30, 0x0, 0xcf, 0xfa, 0x3f, 0xff,
    0xe3, 0x0, 0x0, 0x7f, 0xfa, 0x3f, 0xff, 0x30,
    0x0, 0x0, 0x7f, 0xfa, 0x3f, 0xff, 0x0, 0x0,
    0x0, 0x7f, 0xfa, 0x3f, 0xff, 0x0, 0x0, 0x0,
    0x7f, 0xfa, 0x3f, 0xff, 0x0, 0x0, 0x0, 0x7f,
    0xfa, 0x3f, 0xff, 0x0, 0x0, 0x0, 0x7f, 0xfa,
    0x3f, 0xff, 0x0, 0x0, 0x0, 0x7f, 0xfa, 0x3f,
    0xff, 0x0, 0x0, 0x0, 0x7f, 0xfa, 0x3f, 0xff,
    0x0, 0x0, 0x0, 0x7f, 0xfa, 0x3f, 0xff, 0x0,
    0x0, 0x0, 0x7f, 0xfa,

    /* U+00F2 "ò" */
    0x0, 0xc, 0xff, 0x90, 0x0, 0x0, 0x0, 0x0,
    0x3, 0xff, 0xf1, 0x0, 0x0, 0x0, 0x0, 0x0,
    0x9f, 0xf7, 0x0, 0x0, 0x0, 0x0, 0x0, 0x1e,
    0xfe, 0x0, 0x0, 0x0, 0x0, 0x0, 0x5, 0xaa,
    0x30, 0x0, 0x0, 0x0, 0x0, 0x0, 0x0, 0x0,
    0x0, 0x0, 0x0, 0x3f, 0xff, 0xff, 0xff, 0xf8,
    0x0, 0x3, 0xff, 0xff, 0xff, 0xff, 0xff, 0x80,
    0x3f, 0xff, 0xea, 0xaa, 0xac, 0xff, 0xf8, 0x7f,
    0xfe, 0x10, 0x0, 0x0, 0xaf, 0xfd, 0x7f, 0xfb,
    0x0, 0x0, 0x0, 0x5f, 0xfd, 0x7f, 0xfb, 0x0,
    0x0, 0x0, 0x5f, 0xfd, 0x7f, 0xfb, 0x0, 0x0,
    0x0, 0x5f, 0xfd, 0x7f, 0xfb, 0x0, 0x0, 0x0,
    0x5f, 0xfd, 0x7f, 0xfb, 0x0, 0x0, 0x0, 0x5f,
    0xfd, 0x7f, 0xfb, 0x0, 0x0, 0x0, 0x5f, 0xfd,
    0x7f, 0xfe, 0x10, 0x0, 0x0, 0xaf, 0xfd, 0x3f,
    0xff, 0xea, 0xaa, 0xac, 0xff, 0xf8, 0x3, 0xff,
    0xff, 0xff, 0xff, 0xff, 0x80, 0x0, 0x3f, 0xff,
    0xff, 0xff, 0xf8, 0x0,

    /* U+00F3 "ó" */
    0x0, 0x0, 0x0, 0x5, 0xff, 0xe1, 0x0, 0x0,
    0x0, 0x0, 0xc, 0xff, 0x60, 0x0, 0x0, 0x0,
    0x0, 0x3f, 0xfd, 0x0, 0x0, 0x0, 0x0, 0x0,
    0xbf, 0xf4, 0x0, 0x0, 0x0, 0x0, 0x0, 0xaa,
    0x80, 0x0, 0x0, 0x0, 0x0, 0x0, 0x0, 0x0,
    0x0, 0x0, 0x0, 0x3f, 0xff, 0xff, 0xff, 0xf8,
    0x0, 0x3, 0xff, 0xff, 0xff, 0xff, 0xff, 0x80,
    0x3f, 0xff, 0xea, 0xaa, 0xac, 0xff, 0xf8, 0x7f,
    0xfe, 0x10, 0x0, 0x0, 0xaf, 0xfd, 0x7f, 0xfb,
    0x0, 0x0, 0x0, 0x5f, 0xfd, 0x7f, 0xfb, 0x0,
    0x0, 0x0, 0x5f, 0xfd, 0x7f, 0xfb, 0x0, 0x0,
    0x0, 0x5f, 0xfd, 0x7f, 0xfb, 0x0, 0x0, 0x0,
    0x5f, 0xfd, 0x7f, 0xfb, 0x0, 0x0, 0x0, 0x5f,
    0xfd, 0x7f, 0xfb, 0x0, 0x0, 0x0, 0x5f, 0xfd,
    0x7f, 0xfe, 0x10, 0x0, 0x0, 0xaf, 0xfd, 0x3f,
    0xff, 0xea, 0xaa, 0xac, 0xff, 0xf8, 0x3, 0xff,
    0xff, 0xff, 0xff, 0xff, 0x80, 0x0, 0x3f, 0xff,
    0xff, 0xff, 0xf8, 0x0,

    /* U+00F4 "ô" */
    0x0, 0x0, 0x8, 0xff, 0xd1, 0x0, 0x0, 0x0,
    0x0, 0x5f, 0xff, 0xfb, 0x0, 0x0, 0x0, 0x2,
    0xff, 0xd7, 0xff, 0x80, 0x0, 0x0, 0x1d, 0xfe,
    0x20, 0xaf, 0xf5, 0x0, 0x0, 0x48, 0x83, 0x0,
    0x7, 0x87, 0x0, 0x0, 0x0, 0x0, 0x0, 0x0,
    0x0, 0x0, 0x0, 0x3f, 0xff, 0xff, 0xff, 0xf8,
    0x0, 0x3, 0xff, 0xff, 0xff, 0xff, 0xff, 0x80,
    0x3f, 0xff, 0xea, 0xaa, 0xac, 0xff, 0xf8, 0x7f,
    0xfe, 0x10, 0x0, 0x0, 0xaf, 0xfd, 0x7f, 0xfb,
    0x0, 0x0, 0x0, 0x5f, 0xfd, 0x7f, 0xfb, 0x0,
    0x0, 0x0, 0x5f, 0xfd, 0x7f, 0xfb, 0x0, 0x0,
    0x0, 0x5f, 0xfd, 0x7f, 0xfb, 0x0, 0x0, 0x0,
    0x5f, 0xfd, 0x7f, 0xfb, 0x0, 0x0, 0x0, 0x5f,
    0xfd, 0x7f, 0xfb, 0x0, 0x0, 0x0, 0x5f, 0xfd,
    0x7f, 0xfe, 0x10, 0x0, 0x0, 0xaf, 0xfd, 0x3f,
    0xff, 0xea, 0xaa, 0xac, 0xff, 0xf8, 0x3, 0xff,
    0xff, 0xff, 0xff, 0xff, 0x80, 0x0, 0x3f, 0xff,
    0xff, 0xff, 0xf8, 0x0,

    /* U+00F5 "õ" */
    0x0, 0x1, 0xef, 0xe2, 0x9, 0xfb, 0x0, 0x0,
    0xc, 0xff, 0xfd, 0x1b, 0xfb, 0x0, 0x0, 0x5f,
    0xf6, 0xbf, 0xff, 0xf6, 0x0, 0x0, 0x5f, 0xf0,
    0xb, 0xff, 0x70, 0x0, 0x0, 0x1, 0x10, 0x0,
    0x11, 0x0, 0x0, 0x0, 0x0, 0x0, 0x0, 0x0,
    0x0, 0x0, 0x0, 0x3f, 0xff, 0xff, 0xff, 0xf8,
    0x0, 0x3, 0xff, 0xff, 0xff, 0xff, 0xff, 0x80,
    0x3f, 0xff, 0xea, 0xaa, 0xac, 0xff, 0xf8, 0x7f,
    0xfe, 0x10, 0x0, 0x0, 0xaf, 0xfd, 0x7f, 0xfb,
    0x0, 0x0, 0x0, 0x5f, 0xfd, 0x7f, 0xfb, 0x0,
    0x0, 0x0, 0x5f, 0xfd, 0x7f, 0xfb, 0x0, 0x0,
    0x0, 0x5f, 0xfd, 0x7f, 0xfb, 0x0, 0x0, 0x0,
    0x5f, 0xfd, 0x7f, 0xfb, 0x0, 0x0, 0x0, 0x5f,
    0xfd, 0x7f, 0xfb, 0x0, 0x0, 0x0, 0x5f, 0xfd,
    0x7f, 0xfe, 0x10, 0x0, 0x0, 0xaf, 0xfd, 0x3f,
    0xff, 0xea, 0xaa, 0xac, 0xff, 0xf8, 0x3, 0xff,
    0xff, 0xff, 0xff, 0xff, 0x80, 0x0, 0x3f, 0xff,
    0xff, 0xff, 0xf8, 0x0,

    /* U+00F6 "ö" */
    0x0, 0x2e, 0xf8, 0x0, 0x3f, 0xf8, 0x0, 0x0,
    0x9f, 0xff, 0x0, 0x9f, 0xff, 0x0, 0x0, 0x7f,
    0xfe, 0x0, 0x7f, 0xfd, 0x0, 0x0, 0x6, 0x72,
    0x0, 0x6, 0x71, 0x0, 0x0, 0x0, 0x0, 0x0,
    0x0, 0x0, 0x0, 0x0, 0x3f, 0xff, 0xff, 0xff,
    0xf8, 0x0, 0x3, 0xff, 0xff, 0xff, 0xff, 0xff,
    0x80, 0x3f, 0xff, 0xea, 0xaa, 0xac, 0xff, 0xf8,
    0x7f, 0xfe, 0x10, 0x0, 0x0, 0xaf, 0xfd, 0x7f,
    0xfb, 0x0, 0x0, 0x0, 0x5f, 0xfd, 0x7f, 0xfb,
    0x0, 0x0, 0x0, 0x5f, 0xfd, 0x7f, 0xfb, 0x0,
    0x0, 0x0, 0x5f, 0xfd, 0x7f, 0xfb, 0x0, 0x0,
    0x0, 0x5f, 0xfd, 0x7f, 0xfb, 0x0, 0x0, 0x0,
    0x5f, 0xfd, 0x7f, 0xfb, 0x0, 0x0, 0x0, 0x5f,
    0xfd, 0x7f, 0xfe, 0x10, 0x0, 0x0, 0xaf, 0xfd,
    0x3f, 0xff, 0xea, 0xaa, 0xac, 0xff, 0xf8, 0x3,
    0xff, 0xff, 0xff, 0xff, 0xff, 0x80, 0x0, 0x3f,
    0xff, 0xff, 0xff, 0xf8, 0x0,

    /* U+00F7 "÷" */
    0x0, 0x0, 0x8, 0xfe, 0x20, 0x0, 0x0, 0x0,
    0x0, 0xf, 0xff, 0x90, 0x0, 0x0, 0x0, 0x0,
    0xd, 0xff, 0x70, 0x0, 0x0, 0x0, 0x0, 0x1,
    0x76, 0x0, 0x0, 0x0, 0x0, 0x0, 0x0, 0x0,
    0x0, 0x0, 0x0, 0xbf, 0xff, 0xff, 0xff, 0xff,
    0xff, 0xf5, 0xbf, 0xff, 0xff, 0xff, 0xff, 0xff,
    0xf5, 0x8b, 0xbb, 0xbb, 0xbb, 0xbb, 0xbb, 0xb3,
    0x0, 0x0, 0x0, 0x0, 0x0, 0x0, 0x0, 0x0,
    0x0, 0x8, 0xfe, 0x20, 0x0, 0x0, 0x0, 0x0,
    0xf, 0xff, 0x90, 0x0, 0x0, 0x0, 0x0, 0xe,
    0xff, 0x60, 0x0, 0x0, 0x0, 0x0, 0x2, 0x76,
    0x0, 0x0, 0x0,

    /* U+00F8 "ø" */
    0x0, 0x0, 0x0, 0x0, 0x0, 0x0, 0x4f, 0xf8,
    0x0, 0x3, 0xff, 0xff, 0xff, 0xff, 0xff, 0xb0,
    0x0, 0x3f, 0xff, 0xff, 0xff, 0xff, 0xfe, 0x10,
    0x3, 0xff, 0xfe, 0xaa, 0xaa, 0xff, 0xff, 0x80,
    0x7, 0xff, 0xe1, 0x0, 0x6, 0xff, 0xff, 0xd0,
    0x7, 0xff, 0xb0, 0x0, 0x3f, 0xfd, 0xff, 0xd0,
    0x7, 0xff, 0xb0, 0x1, 0xef, 0xc5, 0xff, 0xd0,
    0x7, 0xff, 0xb0, 0xb, 0xfe, 0x15, 0xff, 0xd0,
    0x7, 0xff, 0xb0, 0x8f, 0xf3, 0x5, 0xff, 0xd0,
    0x7, 0xff, 0xb4, 0xff, 0x70, 0x5, 0xff, 0xd0,
    0x7, 0xff, 0xde, 0xfa, 0x0, 0x5, 0xff, 0xd0,
    0x7, 0xff, 0xff, 0xd0, 0x0, 0xa, 0xff, 0xd0,
    0x3, 0xff, 0xff, 0xca, 0xaa, 0xcf, 0xff, 0x80,
    0x0, 0x8f, 0xff, 0xff, 0xff, 0xff, 0xf8, 0x0,
    0x3, 0xff, 0xff, 0xff, 0xff, 0xff, 0x80, 0x0,
    0x1e, 0xfb, 0x0, 0x0, 0x0, 0x0, 0x0, 0x0,

    /* U+00F9 "ù" */
    0x0, 0xc, 0xff, 0x80, 0x0, 0x0, 0x0, 0x0,
    0x3, 0xff, 0xe0, 0x0, 0x0, 0x0, 0x0, 0x0,
    0xaf, 0xf6, 0x0, 0x0, 0x0, 0x0, 0x0, 0x1f,
    0xfd, 0x0, 0x0, 0x0, 0x0, 0x0, 0x6, 0xaa,
    0x20, 0x0, 0x0, 0x0, 0x0, 0x0, 0x0, 0x0,
    0x0, 0x0, 0x5f, 0xfd, 0x0, 0x0, 0x0, 0xaf,
    0xf8, 0x5f, 0xfd, 0x0, 0x0, 0x0, 0xaf, 0xf8,
    0x5f, 0xfd, 0x0, 0x0, 0x0, 0xaf, 0xf8, 0x5f,
    0xfd, 0x0, 0x0, 0x0, 0xaf, 0xf8, 0x5f, 0xfd,
    0x0, 0x0, 0x0, 0xaf, 0xf8, 0x5f, 0xfd, 0x0,
    0x0, 0x0, 0xaf, 0xf8, 0x5f, 0xfd, 0x0, 0x0,
    0x0, 0xaf, 0xf8, 0x5f, 0xfd, 0x0, 0x0, 0x0,
    0xaf, 0xf8, 0x5f, 0xfd, 0x0, 0x0, 0x1, 0xdf,
    0xf8, 0x5f, 0xfd, 0x0, 0x0, 0x1c, 0xff, 0xf8,
    0x5f, 0xff, 0x30, 0x1, 0xcf, 0xff, 0xf8, 0x1d,
    0xff, 0xfb, 0xbd, 0xff, 0xdf, 0xf8, 0x1, 0xdf,
    0xff, 0xff, 0xf7, 0x7f, 0xf8, 0x0, 0x1d, 0xff,
    0xff, 0x70, 0x7f, 0xf8,

    /* U+00FA "ú" */
    0x0, 0x0, 0x0, 0x6, 0xff, 0xe0, 0x0, 0x0,
    0x0, 0x0, 0xd, 0xff, 0x50, 0x0, 0x0, 0x0,
    0x0, 0x5f, 0xfc, 0x0, 0x0, 0x0, 0x0, 0x0,
    0xcf, 0xf2, 0x0, 0x0, 0x0, 0x0, 0x1, 0xaa,
    0x70, 0x0, 0x0, 0x0, 0x0, 0x0, 0x0, 0x0,
    0x0, 0x0, 0x5f, 0xfd, 0x0, 0x0, 0x0, 0xaf,
    0xf8, 0x5f, 0xfd, 0x0, 0x0, 0x0, 0xaf, 0xf8,
    0x5f, 0xfd, 0x0, 0x0, 0x0, 0xaf, 0xf8, 0x5f,
    0xfd, 0x0, 0x0, 0x0, 0xaf, 0xf8, 0x5f, 0xfd,
    0x0, 0x0, 0x0, 0xaf, 0xf8, 0x5f, 0xfd, 0x0,
    0x0, 0x0, 0xaf, 0xf8, 0x5f, 0xfd, 0x0, 0x0,
    0x0, 0xaf, 0xf8, 0x5f, 0xfd, 0x0, 0x0, 0x0,
    0xaf, 0xf8, 0x5f, 0xfd, 0x0, 0x0, 0x1, 0xdf,
    0xf8, 0x5f, 0xfd, 0x0, 0x0, 0x1c, 0xff, 0xf8,
    0x5f, 0xff, 0x30, 0x1, 0xcf, 0xff, 0xf8, 0x1d,
    0xff, 0xfb, 0xbd, 0xff, 0xdf, 0xf8, 0x1, 0xdf,
    0xff, 0xff, 0xf7, 0x7f, 0xf8, 0x0, 0x1d, 0xff,
    0xff, 0x70, 0x7f, 0xf8,

    /* U+00FB "û" */
    0x0, 0x0, 0x9, 0xff, 0xd0, 0x0, 0x0, 0x0,
    0x0, 0x6f, 0xff, 0xfa, 0x0, 0x0, 0x0, 0x3,
    0xff, 0xb8, 0xff, 0x70, 0x0, 0x0, 0x1e, 0xfe,
    0x10, 0xbf, 0xf4, 0x0, 0x0, 0x58, 0x83, 0x0,
    0x17, 0x86, 0x0, 0x0, 0x0, 0x0, 0x0, 0x0,
    0x0, 0x0, 0x5f, 0xfd, 0x0, 0x0, 0x0, 0xaf,
    0xf8, 0x5f, 0xfd, 0x0, 0x0, 0x0, 0xaf, 0xf8,
    0x5f, 0xfd, 0x0, 0x0, 0x0, 0xaf, 0xf8, 0x5f,
    0xfd, 0x0, 0x0, 0x0, 0xaf, 0xf8, 0x5f, 0xfd,
    0x0, 0x0, 0x0, 0xaf, 0xf8, 0x5f, 0xfd, 0x0,
    0x0, 0x0, 0xaf, 0xf8, 0x5f, 0xfd, 0x0, 0x0,
    0x0, 0xaf, 0xf8, 0x5f, 0xfd, 0x0, 0x0, 0x0,
    0xaf, 0xf8, 0x5f, 0xfd, 0x0, 0x0, 0x1, 0xdf,
    0xf8, 0x5f, 0xfd, 0x0, 0x0, 0x1c, 0xff, 0xf8,
    0x5f, 0xff, 0x30, 0x1, 0xcf, 0xff, 0xf8, 0x1d,
    0xff, 0xfb, 0xbd, 0xff, 0xdf, 0xf8, 0x1, 0xdf,
    0xff, 0xff, 0xf7, 0x7f, 0xf8, 0x0, 0x1d, 0xff,
    0xff, 0x70, 0x7f, 0xf8,

    /* U+00FC "ü" */
    0x0, 0x3f, 0xf7, 0x0, 0x4f, 0xf6, 0x0, 0x0,
    0xaf, 0xfe, 0x0, 0xbf, 0xfe, 0x0, 0x0, 0x8f,
    0xfc, 0x0, 0x9f, 0xfc, 0x0, 0x0, 0x6, 0x71,
    0x0, 0x7, 0x71, 0x0, 0x0, 0x0, 0x0, 0x0,
    0x0, 0x0, 0x0, 0x5f, 0xfd, 0x0, 0x0, 0x0,
    0xaf, 0xf8, 0x5f, 0xfd, 0x0, 0x0, 0x0, 0xaf,
    0xf8, 0x5f, 0xfd, 0x0, 0x0, 0x0, 0xaf, 0xf8,
    0x5f, 0xfd, 0x0, 0x0, 0x0, 0xaf, 0xf8, 0x5f,
    0xfd, 0x0, 0x0, 0x0, 0xaf, 0xf8, 0x5f, 0xfd,
    0x0, 0x0, 0x0, 0xaf, 0xf8, 0x5f, 0xfd, 0x0,
    0x0, 0x0, 0xaf, 0xf8, 0x5f, 0xfd, 0x0, 0x0,
    0x0, 0xaf, 0xf8, 0x5f, 0xfd, 0x0, 0x0, 0x1,
    0xdf, 0xf8, 0x5f, 0xfd, 0x0, 0x0, 0x1c, 0xff,
    0xf8, 0x5f, 0xff, 0x30, 0x1, 0xcf, 0xff, 0xf8,
    0x1d, 0xff, 0xfb, 0xbd, 0xff, 0xdf, 0xf8, 0x1,
    0xdf, 0xff, 0xff, 0xf7, 0x7f, 0xf8, 0x0, 0x1d,
    0xff, 0xff, 0x70, 0x7f, 0xf8,

    /* U+00FD "ý" */
    0x0, 0x0, 0x0, 0x6, 0xff, 0xe0, 0x0, 0x0,
    0x0, 0x0, 0xd, 0xff, 0x50, 0x0, 0x0, 0x0,
    0x0, 0x4f, 0xfc, 0x0, 0x0, 0x0, 0x0, 0x0,
    0xcf, 0xf3, 0x0, 0x0, 0x0, 0x0, 0x1, 0xaa,
    0x70, 0x0, 0x0, 0x0, 0x0, 0x0, 0x0, 0x0,
    0x0, 0x0, 0x5f, 0xfd, 0x0, 0x0, 0x0, 0x9f,
    0xf9, 0x5f, 0xfd, 0x0, 0x0, 0x0, 0x9f, 0xf9,
    0x5f, 0xfd, 0x0, 0x0, 0x0, 0x9f, 0xf9, 0x5f,
    0xfd, 0x0, 0x0, 0x0, 0x9f, 0xf9, 0x5f, 0xfd,
    0x0, 0x0, 0x0, 0x9f, 0xf9, 0x5f, 0xfd, 0x0,
    0x0, 0x0, 0x9f, 0xf9, 0x5f, 0xfd, 0x0, 0x0,
    0x0, 0x9f, 0xf9, 0x5f, 0xfd, 0x0, 0x0, 0x0,
    0x9f, 0xf9, 0x5f, 0xfd, 0x0, 0x0, 0x0, 0xdf,
    0xf9, 0x5f, 0xfd, 0x0, 0x0, 0xc, 0xff, 0xf9,
    0x5f, 0xff, 0x30, 0x0, 0xbf, 0xff, 0xf9, 0x1d,
    0xff, 0xfb, 0xbd, 0xff, 0xef, 0xf9, 0x1, 0xdf,
    0xff, 0xff, 0xf8, 0x9f, 0xf9, 0x0, 0x1d, 0xff,
    0xff, 0x80, 0x9f, 0xf9, 0x0, 0x0, 0x0, 0x0,
    0x0, 0x9f, 0xf9, 0x2, 0x33, 0x0, 0x0, 0x0,
    0x9f, 0xf9, 0xe, 0xff, 0x50, 0x0, 0x1, 0xdf,
    0xf9, 0xc, 0xff, 0xea, 0xaa, 0xad, 0xff, 0xf3,
    0x1, 0xdf, 0xff, 0xff, 0xff, 0xff, 0x30, 0x0,
    0x1d, 0xff, 0xff, 0xff, 0xf3, 0x0,

    /* U+00FE "þ" */
    0x3f, 0xff, 0x0, 0x0, 0x0, 0x0, 0x0, 0x3,
    0xff, 0xf0, 0x0, 0x0, 0x0, 0x0, 0x0, 0x3f,
    0xff, 0x0, 0x0, 0x0, 0x0, 0x0, 0x3, 0xff,
    0xf0, 0x0, 0x0, 0x0, 0x0, 0x0, 0x3f, 0xff,
    0x0, 0x0, 0x0, 0x0, 0x0, 0x3, 0xff, 0xf0,
    0x0, 0x0, 0x0, 0x0, 0x0, 0x3f, 0xff, 0x8,
    0xff, 0xff, 0xfc, 0x0, 0x3, 0xff, 0xf9, 0xff,
    0xff, 0xff, 0xfc, 0x0, 0x3f, 0xff, 0xff, 0xcb,
    0xbb, 0xff, 0xfc, 0x3, 0xff, 0xff, 0xa0, 0x0,
    0x6, 0xff, 0xf2, 0x3f, 0xff, 0xa0, 0x0, 0x0,
    0xf, 0xff, 0x23, 0xff, 0xf0, 0x0, 0x0, 0x0,
    0xff, 0xf2, 0x3f, 0xff, 0x0, 0x0, 0x0, 0xf,
    0xff, 0x23, 0xff, 0xf0, 0x0, 0x0, 0x0, 0xff,
    0xf2, 0x3f, 0xff, 0x0, 0x0, 0x0, 0xf, 0xff,
    0x23, 0xff, 0xf6, 0x0, 0x0, 0x0, 0xff, 0xf2,
    0x3f, 0xff, 0xf7, 0x0, 0x0, 0x6f, 0xff, 0x23,
    0xff, 0xff, 0xfc, 0xbb, 0xbf, 0xff, 0xc0, 0x3f,
    0xff, 0xcf, 0xff, 0xff, 0xff, 0xc0, 0x3, 0xff,
    0xf0, 0xaf, 0xff, 0xff, 0xc0, 0x0, 0x3f, 0xff,
    0x0, 0x0, 0x0, 0x0, 0x0, 0x3, 0xff, 0xf0,
    0x0, 0x0, 0x0, 0x0, 0x0, 0x3f, 0xff, 0x0,
    0x0, 0x0, 0x0, 0x0, 0x3, 0xff, 0xf0, 0x0,
    0x0, 0x0, 0x0, 0x0, 0x3f, 0xff, 0x0, 0x0,
    0x0, 0x0, 0x0, 0x3, 0xff, 0xf0, 0x0, 0x0,
    0x0, 0x0, 0x0,

    /* U+00FF "ÿ" */
    0x0, 0x6, 0x71, 0x0, 0x7, 0x71, 0x0, 0x0,
    0x8f, 0xfd, 0x0, 0x8f, 0xfc, 0x0, 0x0, 0xaf,
    0xff, 0x0, 0xaf, 0xff, 0x0, 0x0, 0x3f, 0xf7,
    0x0, 0x3f, 0xf7, 0x0, 0x0, 0x0, 0x0, 0x0,
    0x0, 0x0, 0x0, 0x0, 0x0, 0x0, 0x0, 0x0,
    0x0, 0x0, 0x5f, 0xfd, 0x0, 0x0, 0x0, 0x9f,
    0xf9, 0x5f, 0xfd, 0x0, 0x0, 0x0, 0x9f, 0xf9,
    0x5f, 0xfd, 0x0, 0x0, 0x0, 0x9f, 0xf9, 0x5f,
    0xfd, 0x0, 0x0, 0x0, 0x9f, 0xf9, 0x5f, 0xfd,
    0x0, 0x0, 0x0, 0x9f, 0xf9, 0x5f, 0xfd, 0x0,
    0x0, 0x0, 0x9f, 0xf9, 0x5f, 0xfd, 0x0, 0x0,
    0x0, 0x9f, 0xf9, 0x5f, 0xfd, 0x0, 0x0, 0x0,
    0x9f, 0xf9, 0x5f, 0xfd, 0x0, 0x0, 0x0, 0xdf,
    0xf9, 0x5f, 0xfd, 0x0, 0x0, 0xc, 0xff, 0xf9,
    0x5f, 0xff, 0x30, 0x0, 0xbf, 0xff, 0xf9, 0x1d,
    0xff, 0xfb, 0xbd, 0xff, 0xef, 0xf9, 0x1, 0xdf,
    0xff, 0xff, 0xf8, 0x9f, 0xf9, 0x0, 0x1d, 0xff,
    0xff, 0x80, 0x9f, 0xf9, 0x0, 0x0, 0x0, 0x0,
    0x0, 0x9f, 0xf9, 0x2, 0x33, 0x0, 0x0, 0x0,
    0x9f, 0xf9, 0xe, 0xff, 0x50, 0x0, 0x1, 0xdf,
    0xf9, 0xc, 0xff, 0xea, 0xaa, 0xad, 0xff, 0xf3,
    0x1, 0xdf, 0xff, 0xff, 0xff, 0xff, 0x30, 0x0,
    0x1d, 0xff, 0xff, 0xff, 0xf3, 0x0,

    /* U+2013 "–" */
    0x8c, 0xcc, 0xcc, 0xcc, 0xcc, 0xcc, 0xcc, 0xc5,
    0xbf, 0xff, 0xff, 0xff, 0xff, 0xff, 0xff, 0xf7,
    0xbf, 0xff, 0xff, 0xff, 0xff, 0xff, 0xff, 0xf7,

    /* U+2014 "—" */
    0x8c, 0xcc, 0xcc, 0xcc, 0xcc, 0xcc, 0xcc, 0xcc,
    0xcc, 0x6b, 0xff, 0xff, 0xff, 0xff, 0xff, 0xff,
    0xff, 0xff, 0xf8, 0xbf, 0xff, 0xff, 0xff, 0xff,
    0xff, 0xff, 0xff, 0xff, 0x80,

    /* U+2019 "’" */
    0x4f, 0xf8, 0xc, 0xff, 0xf1, 0xcf, 0xff, 0x22,
    0xcf, 0xf1, 0x6, 0xfc, 0x0, 0xbf, 0x50, 0xf,
    0xe0, 0x0, 0x42, 0x0,

    /* U+201C "“" */
    0x7, 0xf6, 0x0, 0x3f, 0xa0, 0xd, 0xf2, 0x0,
    0x9f, 0x60, 0x4f, 0xe0, 0x0, 0xff, 0x20, 0xaf,
    0xa0, 0x6, 0xfe, 0x0, 0xdf, 0xf8, 0x9, 0xff,
    0xc0, 0xdf, 0xff, 0x19, 0xff, 0xf5, 0xcf, 0xff,
    0x18, 0xff, 0xf4, 0x2b, 0xc5, 0x0, 0xac, 0x80,

    /* U+201D "”" */
    0x4f, 0xf8, 0x1, 0xdf, 0xc0, 0xcf, 0xff, 0x18,
    0xff, 0xf6, 0xcf, 0xff, 0x27, 0xff, 0xf6, 0x2c,
    0xff, 0x10, 0xaf, 0xf6, 0x6, 0xfc, 0x0, 0x2f,
    0xf1, 0xb, 0xf5, 0x0, 0x7f, 0xa0, 0xf, 0xe0,
    0x0, 0xbf, 0x30, 0x4, 0x20, 0x0, 0x33, 0x0,

    /* U+2022 "•" */
    0x0, 0x44, 0x40, 0x0, 0xbf, 0xff, 0x90, 0x9f,
    0xff, 0xff, 0x6b, 0xff, 0xff, 0xf8, 0xbf, 0xff,
    0xff, 0x87, 0xff, 0xff, 0xf4, 0x8, 0xff, 0xf5,
    0x0,

    /* U+2026 "…" */
    0x1b, 0xc5, 0x0, 0x8, 0xc9, 0x0, 0x4, 0xcb,
    0x2b, 0xff, 0xf1, 0x5, 0xff, 0xf6, 0x0, 0xff,
    0xfc, 0xcf, 0xff, 0x10, 0x6f, 0xff, 0x70, 0xf,
    0xff, 0xd3, 0xff, 0x90, 0x0, 0xcf, 0xd1, 0x0,
    0x7f, 0xf5,

    /* U+2190 "←" */
    0x0, 0x2, 0x55, 0x20, 0x0, 0x0, 0x0, 0x0,
    0x0, 0x0, 0x2e, 0xfe, 0x10, 0x0, 0x0, 0x0,
    0x0, 0x0, 0x1, 0xdf, 0xf3, 0x0, 0x0, 0x0,
    0x0, 0x0, 0x0, 0xb, 0xff, 0x70, 0x0, 0x0,
    0x0, 0x0, 0x0, 0x0, 0x9f, 0xff, 0xff, 0xff,
    0xff, 0xff, 0xff, 0xff, 0xf6, 0xef, 0xff, 0xff,
    0xff, 0xff, 0xff, 0xff, 0xff, 0xf6, 0x7f, 0xff,
    0xee, 0xee, 0xee, 0xee, 0xee, 0xee, 0xe5, 0x9,
    0xff, 0x80, 0x0, 0x0, 0x0, 0x0, 0x0, 0x0,
    0x0, 0xbf, 0xf5, 0x0, 0x0, 0x0, 0x0, 0x0,
    0x0, 0x0, 0x1d, 0xff, 0x30, 0x0, 0x0, 0x0,
    0x0, 0x0, 0x0, 0x0, 0x22, 0x10, 0x0, 0x0,
    0x0, 0x0, 0x0,

    /* U+2191 "↑" */
    0x0, 0x0, 0x53, 0x0, 0x0, 0x0, 0xb, 0xff,
    0x50, 0x0, 0x2, 0xdf, 0xff, 0xf8, 0x0, 0x3e,
    0xff, 0xff, 0xff, 0xa0, 0xef, 0xfe, 0xff, 0xef,
    0xf7, 0xfe, 0x3b, 0xff, 0x49, 0xf8, 0xc1, 0xb,
    0xff, 0x40, 0x67, 0x0, 0xb, 0xff, 0x40, 0x0,
    0x0, 0xb, 0xff, 0x40, 0x0, 0x0, 0xb, 0xff,
    0x40, 0x0, 0x0, 0xb, 0xff, 0x40, 0x0, 0x0,
    0xb, 0xff, 0x40, 0x0, 0x0, 0xb, 0xff, 0x40,
    0x0, 0x0, 0xb, 0xff, 0x40, 0x0, 0x0, 0xb,
    0xff, 0x40, 0x0, 0x0, 0xb, 0xff, 0x40, 0x0,
    0x0, 0xb, 0xff, 0x40, 0x0, 0x0, 0xa, 0xff,
    0x30, 0x0,

    /* U+2192 "→" */
    0x0, 0x0, 0x0, 0x0, 0x0, 0x4, 0x54, 0x0,
    0x0, 0x0, 0x0, 0x0, 0x0, 0x0, 0x8, 0xff,
    0x80, 0x0, 0x0, 0x0, 0x0, 0x0, 0x0, 0x0,
    0xbf, 0xf6, 0x0, 0x0, 0x0, 0x0, 0x0, 0x0,
    0x0, 0x1d, 0xff, 0x40, 0xef, 0xff, 0xff, 0xff,
    0xff, 0xff, 0xff, 0xff, 0xe2, 0xef, 0xff, 0xff,
    0xff, 0xff, 0xff, 0xff, 0xff, 0xf6, 0xde, 0xee,
    0xee, 0xee, 0xee, 0xee, 0xef, 0xff, 0xd1, 0x0,
    0x0, 0x0, 0x0, 0x0, 0x0, 0x1e, 0xfe, 0x20,
    0x0, 0x0, 0x0, 0x0, 0x0, 0x0, 0xdf, 0xf4,
    0x0, 0x0, 0x0, 0x0, 0x0, 0x0, 0xa, 0xff,
    0x60, 0x0, 0x0, 0x0, 0x0, 0x0, 0x0, 0x2,
    0x22, 0x0, 0x0,

    /* U+2193 "↓" */
    0x0, 0x4, 0x66, 0x10, 0x0, 0x0, 0xb, 0xff,
    0x40, 0x0, 0x0, 0xb, 0xff, 0x40, 0x0, 0x0,
    0xb, 0xff, 0x40, 0x0, 0x0, 0xb, 0xff, 0x40,
    0x0, 0x0, 0xb, 0xff, 0x40, 0x0, 0x0, 0xb,
    0xff, 0x40, 0x0, 0x0, 0xb, 0xff, 0x40, 0x0,
    0x0, 0xb, 0xff, 0x40, 0x0, 0x0, 0xb, 0xff,
    0x40, 0x0, 0x0, 0xb, 0xff, 0x40, 0x0, 0x40,
    0xb, 0xff, 0x40, 0x3, 0xf7, 0xb, 0xff, 0x41,
    0xc8, 0xff, 0xab, 0xff, 0x7e, 0xf8, 0xbf, 0xff,
    0xff, 0xff, 0xf4, 0x9, 0xff, 0xff, 0xfe, 0x40,
    0x0, 0x7f, 0xff, 0xd2, 0x0, 0x0, 0x5, 0xeb,
    0x10, 0x0,

    /* U+F001 "" */
    0x0, 0x0, 0x0, 0x0, 0x0, 0x0, 0x0, 0x0,
    0x0, 0x0, 0x0, 0x0, 0x1, 0x30, 0x0, 0x0,
    0x0, 0x0, 0x0, 0x0, 0x0, 0x0, 0x0, 0x0,
    0x0, 0x38, 0xdf, 0xf9, 0x0, 0x0, 0x0, 0x0,
    0x0, 0x0, 0x0, 0x0, 0x0, 0x15, 0xae, 0xff,
    0xff, 0xff, 0x0, 0x0, 0x0, 0x0, 0x0, 0x0,
    0x0, 0x2, 0x7c, 0xff, 0xff, 0xff, 0xff, 0xff,
    0x0, 0x0, 0x0, 0x0, 0x0, 0x0, 0x49, 0xef,
    0xff, 0xff, 0xff, 0xff, 0xff, 0xff, 0x0, 0x0,
    0x0, 0x0, 0x16, 0xbf, 0xff, 0xff, 0xff, 0xff,
    0xff, 0xff, 0xff, 0xff, 0x0, 0x0, 0x0, 0x8,
    0xff, 0xff, 0xff, 0xff, 0xff, 0xff, 0xff, 0xff,
    0xff, 0xff, 0x0, 0x0, 0x0, 0xf, 0xff, 0xff,
    0xff, 0xff, 0xff, 0xff, 0xff, 0xff, 0xff, 0xff,
    0x0, 0x0, 0x0, 0xf, 0xff, 0xff, 0xff, 0xff,
    0xff, 0xff, 0xff, 0xe9, 0xbf, 0xff, 0x0, 0x0,
    0x0, 0xf, 0xff, 0xff, 0xff, 0xff, 0xff, 0xfc,
    0x73, 0x0, 0x8f, 0xff, 0x0, 0x0, 0x0, 0xf,
    0xff, 0xff, 0xff, 0xfe, 0xa5, 0x10, 0x0, 0x0,
    0x8f, 0xff, 0x0, 0x0, 0x0, 0xf, 0xff, 0xff,
    0xd8, 0x40, 0x0, 0x0, 0x0, 0x0, 0x8f, 0xff,
    0x0, 0x0, 0x0, 0xf, 0xff, 0xa2, 0x0, 0x0,
    0x0, 0x0, 0x0, 0x0, 0x8f, 0xff, 0x0, 0x0,
    0x0, 0xf, 0xff, 0x80, 0x0, 0x0, 0x0, 0x0,
    0x0, 0x0, 0x8f, 0xff, 0x0, 0x0, 0x0, 0xf,
    0xff, 0x80, 0x0, 0x0, 0x0, 0x0, 0x0, 0x0,
    0x8f, 0xff, 0x0, 0x0, 0x0, 0xf, 0xff, 0x80,
    0x0, 0x0, 0x0, 0x0, 0x0, 0x0, 0x8f, 0xff,
    0x0, 0x0, 0x0, 0xf, 0xff, 0x80, 0x0, 0x0,
    0x0, 0x0, 0x0, 0x0, 0x8f, 0xff, 0x0, 0x0,
    0x0, 0xf, 0xff, 0x80, 0x0, 0x0, 0x0, 0x0,
    0x0, 0x0, 0x8f, 0xff, 0x0, 0x0, 0x0, 0xf,
    0xff, 0x80, 0x0, 0x0, 0x0, 0x1, 0x7a, 0xca,
    0xcf, 0xff, 0x0, 0x0, 0x0, 0xf, 0xff, 0x80,
    0x0, 0x0, 0x0, 0x5f, 0xff, 0xff, 0xff, 0xff,
    0x0, 0x0, 0x0, 0xf, 0xff, 0x80, 0x0, 0x0,
    0x2, 0xff, 0xff, 0xff, 0xff, 0xff, 0x0, 0x1,
    0x33, 0x1f, 0xff, 0x80, 0x0, 0x0, 0x7, 0xff,
    0xff, 0xff, 0xff, 0xff, 0x3, 0xcf, 0xff, 0xff,
    0xff, 0x80, 0x0, 0x0, 0x5, 0xff, 0xff, 0xff,
    0xff, 0xfd, 0x5f, 0xff, 0xff, 0xff, 0xff, 0x80,
    0x0, 0x0, 0x0, 0xbf, 0xff, 0xff, 0xff, 0xf4,
    0xdf, 0xff, 0xff, 0xff, 0xff, 0x80, 0x0, 0x0,
    0x0, 0x7, 0xef, 0xff, 0xfb, 0x20, 0xff, 0xff,
    0xff, 0xff, 0xff, 0x70, 0x0, 0x0, 0x0, 0x0,
    0x1, 0x32, 0x0, 0x0, 0xaf, 0xff, 0xff, 0xff,
    0xff, 0x20, 0x0, 0x0, 0x0, 0x0, 0x0, 0x0,
    0x0, 0x0, 0xa, 0xff, 0xff, 0xff, 0xe4, 0x0,
    0x0, 0x0, 0x0, 0x0, 0x0, 0x0, 0x0, 0x0,
    0x0, 0x27, 0xaa, 0x95, 0x0, 0x0, 0x0, 0x0,
    0x0, 0x0, 0x0, 0x0, 0x0, 0x0,

    /* U+F002 "" */
    0x0, 0x0, 0x0, 0x0, 0x15, 0x67, 0x64, 0x0,
    0x0, 0x0, 0x0, 0x0, 0x0, 0x0, 0x0, 0x0,
    0x0, 0x6, 0xcf, 0xff, 0xff, 0xff, 0xb4, 0x0,
    0x0, 0x0, 0x0, 0x0, 0x0, 0x0, 0x0, 0x2d,
    0xff, 0xff, 0xff, 0xff, 0xff, 0xfb, 0x10, 0x0,
    0x0, 0x0, 0x0, 0x0, 0x0, 0x4f, 0xff, 0xff,
    0xff, 0xff, 0xff, 0xff, 0xfd, 0x20, 0x0, 0x0,
    0x0, 0x0, 0x0, 0x3f, 0xff, 0xff, 0xff, 0xfe,
    0xff, 0xff, 0xff, 0xfe, 0x10, 0x0, 0x0, 0x0,
    0x0, 0x1e, 0xff, 0xff, 0xf8, 0x20, 0x0, 0x39,
    0xff, 0xff, 0xfc, 0x0, 0x0, 0x0, 0x0, 0x9,
    0xff, 0xff, 0xd1, 0x0, 0x0, 0x0, 0x3, 0xef,
    0xff, 0xf6, 0x0, 0x0, 0x0, 0x2, 0xff, 0xff,
    0xd1, 0x0, 0x0, 0x0, 0x0, 0x3, 0xff, 0xff,
    0xe0, 0x0, 0x0, 0x0, 0x7f, 0xff, 0xf4, 0x0,
    0x0, 0x0, 0x0, 0x0, 0x7, 0xff, 0xff, 0x30,
    0x0, 0x0, 0xb, 0xff, 0xfc, 0x0, 0x0, 0x0,
    0x0, 0x0, 0x0, 0xf, 0xff, 0xf8, 0x0, 0x0,
    0x0, 0xef, 0xff, 0x80, 0x0, 0x0, 0x0, 0x0,
    0x0, 0x0, 0xcf, 0xff, 0xa0, 0x0, 0x0, 0xf,
    0xff, 0xf6, 0x0, 0x0, 0x0, 0x0, 0x0, 0x0,
    0xa, 0xff, 0xfb, 0x0, 0x0, 0x0, 0xff, 0xff,
    0x60, 0x0, 0x0, 0x0, 0x0, 0x0, 0x0, 0xaf,
    0xff, 0xb0, 0x0, 0x0, 0xd, 0xff, 0xf9, 0x0,
    0x0, 0x0, 0x0, 0x0, 0x0, 0xd, 0xff, 0xfa,
    0x0, 0x0, 0x0, 0xaf, 0xff, 0xe0, 0x0, 0x0,
    0x0, 0x0, 0x0, 0x2, 0xff, 0xff, 0x60, 0x0,
    0x0, 0x6, 0xff, 0xff, 0x60, 0x0, 0x0, 0x0,
    0x0, 0x0, 0xaf, 0xff, 0xf2, 0x0, 0x0, 0x0,
    0x1f, 0xff, 0xff, 0x30, 0x0, 0x0, 0x0, 0x0,
    0x6f, 0xff, 0xfc, 0x0, 0x0, 0x0, 0x0, 0x7f,
    0xff, 0xff, 0x50, 0x0, 0x0, 0x0, 0x7f, 0xff,
    0xff, 0x40, 0x0, 0x0, 0x0, 0x0, 0xcf, 0xff,
    0xff, 0xc6, 0x32, 0x37, 0xdf, 0xff, 0xff, 0xb1,
    0x0, 0x0, 0x0, 0x0, 0x1, 0xef, 0xff, 0xff,
    0xff, 0xff, 0xff, 0xff, 0xff, 0xff, 0xf6, 0x0,
    0x0, 0x0, 0x0, 0x2, 0xdf, 0xff, 0xff, 0xff,
    0xff, 0xff, 0xff, 0xff, 0xff, 0xf6, 0x0, 0x0,
    0x0, 0x0, 0x0, 0x9f, 0xff, 0xff, 0xff, 0xff,
    0xff, 0x79, 0xff, 0xff, 0xf6, 0x0, 0x0, 0x0,
    0x0, 0x0, 0x28, 0xdf, 0xff, 0xff, 0xc7, 0x10,
    0x4f, 0xff, 0xff, 0xf6, 0x0, 0x0, 0x0, 0x0,
    0x0, 0x0, 0x12, 0x32, 0x0, 0x0, 0x0, 0x5f,
    0xff, 0xff, 0xf6, 0x0, 0x0, 0x0, 0x0, 0x0,
    0x0, 0x0, 0x0, 0x0, 0x0, 0x0, 0x5f, 0xff,
    0xff, 0xf6, 0x0, 0x0, 0x0, 0x0, 0x0, 0x0,
    0x0, 0x0, 0x0, 0x0, 0x0, 0x6f, 0xff, 0xff,
    0xf0, 0x0, 0x0, 0x0, 0x0, 0x0, 0x0, 0x0,
    0x0, 0x0, 0x0, 0x0, 0x6f, 0xff, 0xfa, 0x0,
    0x0, 0x0, 0x0, 0x0, 0x0, 0x0, 0x0, 0x0,
    0x0, 0x0, 0x0, 0x6f, 0xfb, 0x0, 0x0, 0x0,
    0x0, 0x0, 0x0, 0x0, 0x0, 0x0, 0x0, 0x0,
    0x0, 0x0, 0x46, 0x0, 0x0,

    /* U+F008 "" */
    0x9b, 0x0, 0xc, 0xff, 0xff, 0xff, 0xff, 0xff,
    0xff, 0xff, 0xff, 0xb0, 0x0, 0xb9, 0xfe, 0x44,
    0x4e, 0xff, 0xff, 0xff, 0xff, 0xff, 0xff, 0xff,
    0xff, 0xe4, 0x44, 0xef, 0xff, 0xff, 0xff, 0xff,
    0xaa, 0xaa, 0xaa, 0xaa, 0xaa, 0xaa, 0xff, 0xff,
    0xff, 0xff, 0xff, 0x88, 0x8f, 0xfd, 0x0, 0x0,
    0x0, 0x0, 0x0, 0x0, 0xef, 0xf8, 0x88, 0xff,
    0xfc, 0x0, 0xc, 0xfd, 0x0, 0x0, 0x0, 0x0,
    0x0, 0x0, 0xef, 0xb0, 0x0, 0xcf, 0xfc, 0x0,
    0xc, 0xfd, 0x0, 0x0, 0x0, 0x0, 0x0, 0x0,
    0xef, 0xb0, 0x0, 0xcf, 0xfd, 0x0, 0xd, 0xfd,
    0x0, 0x0, 0x0, 0x0, 0x0, 0x0, 0xef, 0xd0,
    0x0, 0xdf, 0xff, 0xff, 0xff, 0xfd, 0x0, 0x0,
    0x0, 0x0, 0x0, 0x0, 0xef, 0xff, 0xff, 0xff,
    0xff, 0xcc, 0xcf, 0xfe, 0x0, 0x0, 0x0, 0x0,
    0x0, 0x0, 0xef, 0xfc, 0xcc, 0xff, 0xfc, 0x0,
    0xc, 0xff, 0xdd, 0xdd, 0xdd, 0xdd, 0xdd, 0xdd,
    0xff, 0xc0, 0x0, 0xcf, 0xfc, 0x0, 0xc, 0xff,
    0xff, 0xff, 0xff, 0xff, 0xff, 0xff, 0xff, 0xb0,
    0x0, 0xcf, 0xfc, 0x0, 0xc, 0xff, 0xdd, 0xdd,
    0xdd, 0xdd, 0xdd, 0xdd, 0xff, 0xc0, 0x0, 0xcf,
    0xff, 0xcc, 0xcf, 0xfe, 0x0, 0x0, 0x0, 0x0,
    0x0, 0x0, 0xef, 0xfc, 0xcc, 0xff, 0xff, 0xff,
    0xff, 0xfd, 0x0, 0x0, 0x0, 0x0, 0x0, 0x0,
    0xef, 0xff, 0xff, 0xff, 0xfd, 0x0, 0xd, 0xfd,
    0x0, 0x0, 0x0, 0x0, 0x0, 0x0, 0xef, 0xd0,
    0x0, 0xdf, 0xfc, 0x0, 0xc, 0xfd, 0x0, 0x0,
    0x0, 0x0, 0x0, 0x0, 0xef, 0xb0, 0x0, 0xcf,
    0xfc, 0x0, 0xc, 0xfd, 0x0, 0x0, 0x0, 0x0,
    0x0, 0x0, 0xef, 0xb0, 0x0, 0xcf, 0xff, 0x88,
    0x8f, 0xfd, 0x0, 0x0, 0x0, 0x0, 0x0, 0x0,
    0xef, 0xf8, 0x88, 0xff, 0xff, 0xff, 0xff, 0xff,
    0xaa, 0xaa, 0xaa, 0xaa, 0xaa, 0xaa, 0xff, 0xff,
    0xff, 0xff, 0xfe, 0x44, 0x4e, 0xff, 0xff, 0xff,
    0xff, 0xff, 0xff, 0xff, 0xff, 0xe4, 0x44, 0xef,
    0xab, 0x0, 0xc, 0xff, 0xff, 0xff, 0xff, 0xff,
    0xff, 0xff, 0xff, 0xb0, 0x0, 0xb9,

    /* U+F00B "" */
    0x9f, 0xff, 0xff, 0xfb, 0x0, 0xaf, 0xff, 0xff,
    0xff, 0xff, 0xff, 0xff, 0xff, 0xf9, 0xff, 0xff,
    0xff, 0xff, 0x21, 0xff, 0xff, 0xff, 0xff, 0xff,
    0xff, 0xff, 0xff, 0xff, 0xff, 0xff, 0xff, 0xff,
    0x21, 0xff, 0xff, 0xff, 0xff, 0xff, 0xff, 0xff,
    0xff, 0xff, 0xff, 0xff, 0xff, 0xff, 0x21, 0xff,
    0xff, 0xff, 0xff, 0xff, 0xff, 0xff, 0xff, 0xff,
    0xff, 0xff, 0xff, 0xff, 0x21, 0xff, 0xff, 0xff,
    0xff, 0xff, 0xff, 0xff, 0xff, 0xff, 0xff, 0xff,
    0xff, 0xff, 0x21, 0xff, 0xff, 0xff, 0xff, 0xff,
    0xff, 0xff, 0xff, 0xff, 0xaf, 0xff, 0xff, 0xfc,
    0x0, 0xcf, 0xff, 0xff, 0xff, 0xff, 0xff, 0xff,
    0xff, 0xfa, 0x0, 0x0, 0x0, 0x0, 0x0, 0x0,
    0x0, 0x0, 0x0, 0x0, 0x0, 0x0, 0x0, 0x0,
    0x0, 0x0, 0x0, 0x0, 0x0, 0x0, 0x0, 0x0,
    0x0, 0x0, 0x0, 0x0, 0x0, 0x0, 0x9f, 0xff,
    0xff, 0xfb, 0x0, 0xbf, 0xff, 0xff, 0xff, 0xff,
    0xff, 0xff, 0xff, 0xf9, 0xff, 0xff, 0xff, 0xff,
    0x21, 0xff, 0xff, 0xff, 0xff, 0xff, 0xff, 0xff,
    0xff, 0xff, 0xff, 0xff, 0xff, 0xff, 0x21, 0xff,
    0xff, 0xff, 0xff, 0xff, 0xff, 0xff, 0xff, 0xff,
    0xff, 0xff, 0xff, 0xff, 0x21, 0xff, 0xff, 0xff,
    0xff, 0xff, 0xff, 0xff, 0xff, 0xff, 0xff, 0xff,
    0xff, 0xff, 0x21, 0xff, 0xff, 0xff, 0xff, 0xff,
    0xff, 0xff, 0xff, 0xff, 0xff, 0xff, 0xff, 0xff,
    0x21, 0xff, 0xff, 0xff, 0xff, 0xff, 0xff, 0xff,
    0xff, 0xff, 0xaf, 0xff, 0xff, 0xfc, 0x0, 0xbf,
    0xff, 0xff, 0xff, 0xff, 0xff, 0xff, 0xff, 0xf9,
    0x0, 0x0, 0x0, 0x0, 0x0, 0x0, 0x0, 0x0,
    0x0, 0x0, 0x0, 0x0, 0x0, 0x0, 0x0, 0x0,
    0x0, 0x0, 0x0, 0x0, 0x0, 0x0, 0x0, 0x0,
    0x0, 0x0, 0x0, 0x0, 0xaf, 0xff, 0xff, 0xfc,
    0x0, 0xcf, 0xff, 0xff, 0xff, 0xff, 0xff, 0xff,
    0xff, 0xfa, 0xff, 0xff, 0xff, 0xff, 0x21, 0xff,
    0xff, 0xff, 0xff, 0xff, 0xff, 0xff, 0xff, 0xff,
    0xff, 0xff, 0xff, 0xff, 0x21, 0xff, 0xff, 0xff,
    0xff, 0xff, 0xff, 0xff, 0xff, 0xff, 0xff, 0xff,
    0xff, 0xff, 0x21, 0xff, 0xff, 0xff, 0xff, 0xff,
    0xff, 0xff, 0xff, 0xff, 0xff, 0xff, 0xff, 0xff,
    0x21, 0xff, 0xff, 0xff, 0xff, 0xff, 0xff, 0xff,
    0xff, 0xff, 0xff, 0xff, 0xff, 0xff, 0x21, 0xff,
    0xff, 0xff, 0xff, 0xff, 0xff, 0xff, 0xff, 0xff,
    0x9f, 0xff, 0xff, 0xfb, 0x0, 0xaf, 0xff, 0xff,
    0xff, 0xff, 0xff, 0xff, 0xff, 0xf9,

    /* U+F00C "" */
    0x0, 0x0, 0x0, 0x0, 0x0, 0x0, 0x0, 0x0,
    0x0, 0x0, 0x0, 0x6, 0xe9, 0x0, 0x0, 0x0,
    0x0, 0x0, 0x0, 0x0, 0x0, 0x0, 0x0, 0x0,
    0x0, 0x6f, 0xff, 0xa0, 0x0, 0x0, 0x0, 0x0,
    0x0, 0x0, 0x0, 0x0, 0x0, 0x0, 0x6, 0xff,
    0xff, 0xf9, 0x0, 0x0, 0x0, 0x0, 0x0, 0x0,
    0x0, 0x0, 0x0, 0x0, 0x6f, 0xff, 0xff, 0xff,
    0x0, 0x0, 0x0, 0x0, 0x0, 0x0, 0x0, 0x0,
    0x0, 0x6, 0xff, 0xff, 0xff, 0xf8, 0x0, 0x0,
    0x0, 0x0, 0x0, 0x0, 0x0, 0x0, 0x0, 0x6f,
    0xff, 0xff, 0xff, 0x80, 0x0, 0x0, 0x0, 0x0,
    0x0, 0x0, 0x0, 0x0, 0x6, 0xff, 0xff, 0xff,
    0xf8, 0x0, 0x0, 0x8e, 0x50, 0x0, 0x0, 0x0,
    0x0, 0x0, 0x6f, 0xff, 0xff, 0xff, 0x80, 0x0,
    0x9, 0xff, 0xf6, 0x0, 0x0, 0x0, 0x0, 0x6,
    0xff, 0xff, 0xff, 0xf8, 0x0, 0x0, 0x9f, 0xff,
    0xff, 0x60, 0x0, 0x0, 0x0, 0x6f, 0xff, 0xff,
    0xff, 0x80, 0x0, 0x0, 0xff, 0xff, 0xff, 0xf6,
    0x0, 0x0, 0x6, 0xff, 0xff, 0xff, 0xf8, 0x0,
    0x0, 0x0, 0x8f, 0xff, 0xff, 0xff, 0x60, 0x0,
    0x6f, 0xff, 0xff, 0xff, 0x80, 0x0, 0x0, 0x0,
    0x8, 0xff, 0xff, 0xff, 0xf6, 0x6, 0xff, 0xff,
    0xff, 0xf8, 0x0, 0x0, 0x0, 0x0, 0x0, 0x8f,
    0xff, 0xff, 0xff, 0xaf, 0xff, 0xff, 0xff, 0x80,
    0x0, 0x0, 0x0, 0x0, 0x0, 0x8, 0xff, 0xff,
    0xff, 0xff, 0xff, 0xff, 0xf8, 0x0, 0x0, 0x0,
    0x0, 0x0, 0x0, 0x0, 0x8f, 0xff, 0xff, 0xff,
    0xff, 0xff, 0x80, 0x0, 0x0, 0x0, 0x0, 0x0,
    0x0, 0x0, 0x8, 0xff, 0xff, 0xff, 0xff, 0xf8,
    0x0, 0x0, 0x0, 0x0, 0x0, 0x0, 0x0, 0x0,
    0x0, 0x8f, 0xff, 0xff, 0xff, 0x70, 0x0, 0x0,
    0x0, 0x0, 0x0, 0x0, 0x0, 0x0, 0x0, 0x7,
    0xff, 0xff, 0xf7, 0x0, 0x0, 0x0, 0x0, 0x0,
    0x0, 0x0, 0x0, 0x0, 0x0, 0x0, 0x7f, 0xff,
    0x70, 0x0, 0x0, 0x0, 0x0, 0x0, 0x0, 0x0,
    0x0, 0x0, 0x0, 0x0, 0x7, 0xe7, 0x0, 0x0,
    0x0, 0x0, 0x0, 0x0, 0x0, 0x0,

    /* U+F00D "" */
    0x0, 0x0, 0x0, 0x0, 0x0, 0x0, 0x0, 0x0,
    0x10, 0x0, 0x6, 0xff, 0x40, 0x0, 0x0, 0x0,
    0x0, 0x2d, 0xfa, 0x0, 0x6f, 0xff, 0xf5, 0x0,
    0x0, 0x0, 0x2, 0xef, 0xff, 0xa0, 0xef, 0xff,
    0xff, 0x50, 0x0, 0x0, 0x2e, 0xff, 0xff, 0xf2,
    0xcf, 0xff, 0xff, 0xf5, 0x0, 0x2, 0xef, 0xff,
    0xff, 0xf1, 0x2e, 0xff, 0xff, 0xff, 0x50, 0x2e,
    0xff, 0xff, 0xff, 0x50, 0x2, 0xef, 0xff, 0xff,
    0xf6, 0xef, 0xff, 0xff, 0xf5, 0x0, 0x0, 0x2e,
    0xff, 0xff, 0xff, 0xff, 0xff, 0xff, 0x50, 0x0,
    0x0, 0x2, 0xef, 0xff, 0xff, 0xff, 0xff, 0xf5,
    0x0, 0x0, 0x0, 0x0, 0x2e, 0xff, 0xff, 0xff,
    0xff, 0x50, 0x0, 0x0, 0x0, 0x0, 0x4, 0xff,
    0xff, 0xff, 0xf8, 0x0, 0x0, 0x0, 0x0, 0x0,
    0x2e, 0xff, 0xff, 0xff, 0xff, 0x50, 0x0, 0x0,
    0x0, 0x2, 0xef, 0xff, 0xff, 0xff, 0xff, 0xf5,
    0x0, 0x0, 0x0, 0x2e, 0xff, 0xff, 0xff, 0xff,
    0xff, 0xff, 0x50, 0x0, 0x2, 0xef, 0xff, 0xff,
    0xf6, 0xef, 0xff, 0xff, 0xf5, 0x0, 0x2e, 0xff,
    0xff, 0xff, 0x40, 0x2e, 0xff, 0xff, 0xff, 0x50,
    0xcf, 0xff, 0xff, 0xf4, 0x0, 0x2, 0xef, 0xff,
    0xff, 0xf1, 0xef, 0xff, 0xff, 0x40, 0x0, 0x0,
    0x2e, 0xff, 0xff, 0xf2, 0x6f, 0xff, 0xf4, 0x0,
    0x0, 0x0, 0x2, 0xef, 0xff, 0xa0, 0x6, 0xff,
    0x40, 0x0, 0x0, 0x0, 0x0, 0x2d, 0xfa, 0x0,
    0x0, 0x0, 0x0, 0x0, 0x0, 0x0, 0x0, 0x0,
    0x10, 0x0,

    /* U+F011 "" */
    0x0, 0x0, 0x0, 0x0, 0x0, 0x0, 0x69, 0x96,
    0x0, 0x0, 0x0, 0x0, 0x0, 0x0, 0x0, 0x0,
    0x0, 0x0, 0x0, 0x2, 0xff, 0xff, 0x20, 0x0,
    0x0, 0x0, 0x0, 0x0, 0x0, 0x0, 0x0, 0x0,
    0x0, 0x3, 0xff, 0xff, 0x30, 0x0, 0x0, 0x0,
    0x0, 0x0, 0x0, 0x0, 0x1, 0xa8, 0x0, 0x3,
    0xff, 0xff, 0x30, 0x0, 0x8a, 0x10, 0x0, 0x0,
    0x0, 0x0, 0x3e, 0xff, 0x60, 0x3, 0xff, 0xff,
    0x30, 0x6, 0xff, 0xe3, 0x0, 0x0, 0x0, 0x2,
    0xef, 0xff, 0xe0, 0x3, 0xff, 0xff, 0x30, 0xe,
    0xff, 0xff, 0x30, 0x0, 0x0, 0xd, 0xff, 0xff,
    0xe0, 0x3, 0xff, 0xff, 0x30, 0xe, 0xff, 0xff,
    0xd1, 0x0, 0x0, 0x9f, 0xff, 0xfe, 0x30, 0x3,
    0xff, 0xff, 0x30, 0x3, 0xef, 0xff, 0xf9, 0x0,
    0x2, 0xff, 0xff, 0xe2, 0x0, 0x3, 0xff, 0xff,
    0x30, 0x0, 0x2e, 0xff, 0xff, 0x20, 0x9, 0xff,
    0xff, 0x50, 0x0, 0x3, 0xff, 0xff, 0x30, 0x0,
    0x5, 0xff, 0xff, 0x90, 0xe, 0xff, 0xfc, 0x0,
    0x0, 0x3, 0xff, 0xff, 0x30, 0x0, 0x0, 0xcf,
    0xff, 0xe0, 0x3f, 0xff, 0xf5, 0x0, 0x0, 0x3,
    0xff, 0xff, 0x30, 0x0, 0x0, 0x6f, 0xff, 0xf3,
    0x6f, 0xff, 0xf0, 0x0, 0x0, 0x3, 0xff, 0xff,
    0x30, 0x0, 0x0, 0xf, 0xff, 0xf6, 0x7f, 0xff,
    0xe0, 0x0, 0x0, 0x3, 0xff, 0xff, 0x30, 0x0,
    0x0, 0xe, 0xff, 0xf8, 0x8f, 0xff, 0xd0, 0x0,
    0x0, 0x2, 0xff, 0xff, 0x20, 0x0, 0x0, 0xd,
    0xff, 0xf8, 0x8f, 0xff, 0xe0, 0x0, 0x0, 0x0,
    0xef, 0xfe, 0x0, 0x0, 0x0, 0xe, 0xff, 0xf7,
    0x6f, 0xff, 0xf0, 0x0, 0x0, 0x0, 0x2, 0x20,
    0x0, 0x0, 0x0, 0xf, 0xff, 0xf6, 0x3f, 0xff,
    0xf5, 0x0, 0x0, 0x0, 0x0, 0x0, 0x0, 0x0,
    0x0, 0x5f, 0xff, 0xf3, 0xe, 0xff, 0xfb, 0x0,
    0x0, 0x0, 0x0, 0x0, 0x0, 0x0, 0x0, 0xbf,
    0xff, 0xe0, 0x9, 0xff, 0xff, 0x40, 0x0, 0x0,
    0x0, 0x0, 0x0, 0x0, 0x4, 0xff, 0xff, 0x90,
    0x2, 0xff, 0xff, 0xe2, 0x0, 0x0, 0x0, 0x0,
    0x0, 0x0, 0x2e, 0xff, 0xff, 0x20, 0x0, 0x9f,
    0xff, 0xfe, 0x30, 0x0, 0x0, 0x0, 0x0, 0x3,
    0xef, 0xff, 0xf9, 0x0, 0x0, 0x1e, 0xff, 0xff,
    0xf8, 0x0, 0x0, 0x0, 0x0, 0x8f, 0xff, 0xff,
    0xd1, 0x0, 0x0, 0x3, 0xff, 0xff, 0xff, 0xfa,
    0x75, 0x57, 0xaf, 0xff, 0xff, 0xfe, 0x20, 0x0,
    0x0, 0x0, 0x3e, 0xff, 0xff, 0xff, 0xff, 0xff,
    0xff, 0xff, 0xff, 0xe3, 0x0, 0x0, 0x0, 0x0,
    0x2, 0xcf, 0xff, 0xff, 0xff, 0xff, 0xff, 0xff,
    0xfc, 0x10, 0x0, 0x0, 0x0, 0x0, 0x0, 0x6,
    0xef, 0xff, 0xff, 0xff, 0xff, 0xfe, 0x60, 0x0,
    0x0, 0x0, 0x0, 0x0, 0x0, 0x0, 0x4, 0x9d,
    0xff, 0xfe, 0xd9, 0x40, 0x0, 0x0, 0x0, 0x0,
    0x0, 0x0, 0x0, 0x0, 0x0, 0x0, 0x0, 0x0,
    0x0, 0x0, 0x0, 0x0, 0x0, 0x0,

    /* U+F013 "" */
    0x0, 0x0, 0x0, 0x0, 0x0, 0x0, 0x0, 0x0,
    0x0, 0x0, 0x0, 0x0, 0x0, 0x0, 0x0, 0x0,
    0x0, 0x0, 0x2c, 0xff, 0xff, 0xd6, 0x0, 0x0,
    0x0, 0x0, 0x0, 0x0, 0x0, 0x0, 0x0, 0x5,
    0xff, 0xff, 0xff, 0xa0, 0x0, 0x0, 0x0, 0x0,
    0x0, 0x0, 0x0, 0x0, 0x0, 0x5f, 0xff, 0xff,
    0xfa, 0x0, 0x0, 0x0, 0x0, 0x0, 0x0, 0x0,
    0x0, 0x0, 0x8, 0xff, 0xff, 0xff, 0xc1, 0x0,
    0x0, 0x0, 0x0, 0x0, 0x1, 0xc8, 0x0, 0x5d,
    0xff, 0xff, 0xff, 0xff, 0xf8, 0x0, 0x6d, 0x40,
    0x0, 0x0, 0xcf, 0xfe, 0xaf, 0xff, 0xff, 0xff,
    0xff, 0xff, 0xfc, 0xcf, 0xfe, 0x10, 0x0, 0x7f,
    0xff, 0xff, 0xff, 0xff, 0xff, 0xff, 0xff, 0xff,
    0xff, 0xff, 0xfb, 0x0, 0x1f, 0xff, 0xff, 0xff,
    0xff, 0xff, 0xff, 0xff, 0xff, 0xff, 0xff, 0xff,
    0xf4, 0x7, 0xff, 0xff, 0xff, 0xff, 0xff, 0xff,
    0xff, 0xff, 0xff, 0xff, 0xff, 0xff, 0xb0, 0xcf,
    0xff, 0xff, 0xff, 0xff, 0xe7, 0x32, 0x5d, 0xff,
    0xff, 0xff, 0xff, 0xff, 0x13, 0xcf, 0xff, 0xff,
    0xff, 0xe1, 0x0, 0x0, 0xb, 0xff, 0xff, 0xff,
    0xfe, 0x60, 0x0, 0x7f, 0xff, 0xff, 0xf4, 0x0,
    0x0, 0x0, 0xe, 0xff, 0xff, 0xfb, 0x10, 0x0,
    0x4, 0xff, 0xff, 0xfe, 0x0, 0x0, 0x0, 0x0,
    0x9f, 0xff, 0xff, 0x90, 0x0, 0x0, 0x5f, 0xff,
    0xff, 0xc0, 0x0, 0x0, 0x0, 0x8, 0xff, 0xff,
    0xfa, 0x0, 0x0, 0x4, 0xff, 0xff, 0xfe, 0x0,
    0x0, 0x0, 0x0, 0x9f, 0xff, 0xff, 0x80, 0x0,
    0x0, 0x7f, 0xff, 0xff, 0xf4, 0x0, 0x0, 0x0,
    0xe, 0xff, 0xff, 0xfb, 0x10, 0x3, 0xcf, 0xff,
    0xff, 0xff, 0xe1, 0x0, 0x0, 0xb, 0xff, 0xff,
    0xff, 0xfe, 0x60, 0xcf, 0xff, 0xff, 0xff, 0xff,
    0xe7, 0x32, 0x5d, 0xff, 0xff, 0xff, 0xff, 0xff,
    0x17, 0xff, 0xff, 0xff, 0xff, 0xff, 0xff, 0xff,
    0xff, 0xff, 0xff, 0xff, 0xff, 0xb0, 0x1e, 0xff,
    0xff, 0xff, 0xff, 0xff, 0xff, 0xff, 0xff, 0xff,
    0xff, 0xff, 0xf4, 0x0, 0x7f, 0xff, 0xff, 0xff,
    0xff, 0xff, 0xff, 0xff, 0xff, 0xff, 0xff, 0xfb,
    0x0, 0x0, 0xcf, 0xfe, 0xaf, 0xff, 0xff, 0xff,
    0xff, 0xff, 0xfc, 0xcf, 0xfe, 0x10, 0x0, 0x1,
    0xc8, 0x0, 0x5d, 0xff, 0xff, 0xff, 0xff, 0xf8,
    0x0, 0x5d, 0x40, 0x0, 0x0, 0x0, 0x0, 0x0,
    0x8, 0xff, 0xff, 0xff, 0xc0, 0x0, 0x0, 0x0,
    0x0, 0x0, 0x0, 0x0, 0x0, 0x0, 0x5f, 0xff,
    0xff, 0xfa, 0x0, 0x0, 0x0, 0x0, 0x0, 0x0,
    0x0, 0x0, 0x0, 0x5, 0xff, 0xff, 0xff, 0xa0,
    0x0, 0x0, 0x0, 0x0, 0x0, 0x0, 0x0, 0x0,
    0x0, 0x2c, 0xff, 0xff, 0xd6, 0x0, 0x0, 0x0,
    0x0, 0x0, 0x0, 0x0, 0x0, 0x0, 0x0, 0x0,
    0x0, 0x0, 0x0, 0x0, 0x0, 0x0, 0x0, 0x0,

    /* U+F015 "" */
    0x0, 0x0, 0x0, 0x0, 0x0, 0x0, 0x0, 0x37,
    0x60, 0x0, 0x0, 0x48, 0x88, 0x40, 0x0, 0x0,
    0x0, 0x0, 0x0, 0x0, 0x0, 0x0, 0x7, 0xff,
    0xfd, 0x10, 0x0, 0xaf, 0xff, 0xa0, 0x0, 0x0,
    0x0, 0x0, 0x0, 0x0, 0x0, 0x0, 0xaf, 0xff,
    0xff, 0xe3, 0x0, 0xbf, 0xff, 0xb0, 0x0, 0x0,
    0x0, 0x0, 0x0, 0x0, 0x0, 0x1c, 0xff, 0xff,
    0xff, 0xff, 0x60, 0xbf, 0xff, 0xb0, 0x0, 0x0,
    0x0, 0x0, 0x0, 0x0, 0x3, 0xef, 0xff, 0xf8,
    0xcf, 0xff, 0xf9, 0xbf, 0xff, 0xb0, 0x0, 0x0,
    0x0, 0x0, 0x0, 0x0, 0x6f, 0xff, 0xfe, 0x30,
    0xa, 0xff, 0xff, 0xff, 0xff, 0xb0, 0x0, 0x0,
    0x0, 0x0, 0x0, 0x8, 0xff, 0xff, 0xd2, 0x3,
    0x10, 0x7f, 0xff, 0xff, 0xff, 0xb0, 0x0, 0x0,
    0x0, 0x0, 0x1, 0xbf, 0xff, 0xfb, 0x0, 0x8f,
    0xd2, 0x4, 0xff, 0xff, 0xff, 0xb0, 0x0, 0x0,
    0x0, 0x0, 0x2d, 0xff, 0xff, 0x80, 0xb, 0xff,
    0xff, 0x40, 0x2d, 0xff, 0xff, 0xb0, 0x0, 0x0,
    0x0, 0x4, 0xff, 0xff, 0xf5, 0x2, 0xdf, 0xff,
    0xff, 0xf7, 0x1, 0xbf, 0xff, 0xfa, 0x0, 0x0,
    0x0, 0x7f, 0xff, 0xfe, 0x30, 0x3e, 0xff, 0xff,
    0xff, 0xff, 0xa0, 0x9, 0xff, 0xff, 0xc1, 0x0,
    0xa, 0xff, 0xff, 0xc1, 0x6, 0xff, 0xff, 0xff,
    0xff, 0xff, 0xfc, 0x10, 0x6f, 0xff, 0xfe, 0x30,
    0xbf, 0xff, 0xfa, 0x0, 0x9f, 0xff, 0xff, 0xff,
    0xff, 0xff, 0xff, 0xe3, 0x4, 0xef, 0xff, 0xf4,
    0xbf, 0xff, 0x70, 0x1b, 0xff, 0xff, 0xff, 0xff,
    0xff, 0xff, 0xff, 0xff, 0x50, 0x2d, 0xff, 0xf3,
    0xd, 0xf4, 0x2, 0xdf, 0xff, 0xff, 0xff, 0xff,
    0xff, 0xff, 0xff, 0xff, 0xf8, 0x0, 0xbf, 0x60,
    0x1, 0x20, 0xb, 0xff, 0xff, 0xff, 0xff, 0xff,
    0xff, 0xff, 0xff, 0xff, 0xff, 0x30, 0x3, 0x0,
    0x0, 0x0, 0xc, 0xff, 0xff, 0xff, 0xff, 0xff,
    0xff, 0xff, 0xff, 0xff, 0xff, 0x40, 0x0, 0x0,
    0x0, 0x0, 0xc, 0xff, 0xff, 0xff, 0xff, 0xff,
    0xff, 0xff, 0xff, 0xff, 0xff, 0x40, 0x0, 0x0,
    0x0, 0x0, 0xc, 0xff, 0xff, 0xff, 0xf4, 0x0,
    0x0, 0xcf, 0xff, 0xff, 0xff, 0x40, 0x0, 0x0,
    0x0, 0x0, 0xc, 0xff, 0xff, 0xff, 0xf2, 0x0,
    0x0, 0xaf, 0xff, 0xff, 0xff, 0x40, 0x0, 0x0,
    0x0, 0x0, 0xc, 0xff, 0xff, 0xff, 0xf2, 0x0,
    0x0, 0xaf, 0xff, 0xff, 0xff, 0x40, 0x0, 0x0,
    0x0, 0x0, 0xc, 0xff, 0xff, 0xff, 0xf2, 0x0,
    0x0, 0xaf, 0xff, 0xff, 0xff, 0x40, 0x0, 0x0,
    0x0, 0x0, 0xc, 0xff, 0xff, 0xff, 0xf2, 0x0,
    0x0, 0xaf, 0xff, 0xff, 0xff, 0x40, 0x0, 0x0,
    0x0, 0x0, 0xc, 0xff, 0xff, 0xff, 0xf2, 0x0,
    0x0, 0xaf, 0xff, 0xff, 0xff, 0x40, 0x0, 0x0,
    0x0, 0x0, 0x8, 0xff, 0xff, 0xff, 0xd0, 0x0,
    0x0, 0x6f, 0xff, 0xff, 0xfe, 0x10, 0x0, 0x0,

    /* U+F017 "" */
    0x0, 0x0, 0x0, 0x0, 0x0, 0x0, 0x0, 0x0,
    0x0, 0x0, 0x0, 0x0, 0x0, 0x0, 0x0, 0x0,
    0x0, 0x0, 0x4, 0x9d, 0xef, 0xfe, 0xd9, 0x40,
    0x0, 0x0, 0x0, 0x0, 0x0, 0x0, 0x0, 0x5,
    0xef, 0xff, 0xff, 0xff, 0xff, 0xfe, 0x50, 0x0,
    0x0, 0x0, 0x0, 0x0, 0x1, 0xcf, 0xff, 0xff,
    0xff, 0xff, 0xff, 0xff, 0xfc, 0x10, 0x0, 0x0,
    0x0, 0x0, 0x3e, 0xff, 0xff, 0xff, 0xff, 0xff,
    0xff, 0xff, 0xff, 0xe3, 0x0, 0x0, 0x0, 0x2,
    0xef, 0xff, 0xff, 0xff, 0xff, 0xff, 0xff, 0xff,
    0xff, 0xfe, 0x20, 0x0, 0x0, 0x1d, 0xff, 0xff,
    0xff, 0xff, 0x53, 0x35, 0xff, 0xff, 0xff, 0xff,
    0xd1, 0x0, 0x0, 0x9f, 0xff, 0xff, 0xff, 0xff,
    0x0, 0x0, 0xff, 0xff, 0xff, 0xff, 0xf9, 0x0,
    0x2, 0xff, 0xff, 0xff, 0xff, 0xff, 0x0, 0x0,
    0xff, 0xff, 0xff, 0xff, 0xff, 0x20, 0xa, 0xff,
    0xff, 0xff, 0xff, 0xff, 0x0, 0x0, 0xff, 0xff,
    0xff, 0xff, 0xff, 0x90, 0xe, 0xff, 0xff, 0xff,
    0xff, 0xff, 0x0, 0x0, 0xff, 0xff, 0xff, 0xff,
    0xff, 0xe0, 0x3f, 0xff, 0xff, 0xff, 0xff, 0xff,
    0x0, 0x0, 0xff, 0xff, 0xff, 0xff, 0xff, 0xf3,
    0x6f, 0xff, 0xff, 0xff, 0xff, 0xff, 0x0, 0x0,
    0xff, 0xff, 0xff, 0xff, 0xff, 0xf6, 0x7f, 0xff,
    0xff, 0xff, 0xff, 0xff, 0x0, 0x0, 0xff, 0xff,
    0xff, 0xff, 0xff, 0xf7, 0x8f, 0xff, 0xff, 0xff,
    0xff, 0xff, 0x0, 0x0, 0xcf, 0xff, 0xff, 0xff,
    0xff, 0xf8, 0x7f, 0xff, 0xff, 0xff, 0xff, 0xff,
    0x0, 0x0, 0x7, 0xff, 0xff, 0xff, 0xff, 0xf7,
    0x6f, 0xff, 0xff, 0xff, 0xff, 0xff, 0x50, 0x0,
    0x0, 0x3d, 0xff, 0xff, 0xff, 0xf6, 0x3f, 0xff,
    0xff, 0xff, 0xff, 0xff, 0xf8, 0x0, 0x0, 0x5,
    0xff, 0xff, 0xff, 0xf3, 0xe, 0xff, 0xff, 0xff,
    0xff, 0xff, 0xff, 0xc2, 0x0, 0xd, 0xff, 0xff,
    0xff, 0xe0, 0x9, 0xff, 0xff, 0xff, 0xff, 0xff,
    0xff, 0xff, 0x60, 0x9f, 0xff, 0xff, 0xff, 0x90,
    0x2, 0xff, 0xff, 0xff, 0xff, 0xff, 0xff, 0xff,
    0xfd, 0xff, 0xff, 0xff, 0xff, 0x20, 0x0, 0x9f,
    0xff, 0xff, 0xff, 0xff, 0xff, 0xff, 0xff, 0xff,
    0xff, 0xff, 0xf9, 0x0, 0x0, 0x1d, 0xff, 0xff,
    0xff, 0xff, 0xff, 0xff, 0xff, 0xff, 0xff, 0xff,
    0xd1, 0x0, 0x0, 0x2, 0xef, 0xff, 0xff, 0xff,
    0xff, 0xff, 0xff, 0xff, 0xff, 0xfe, 0x20, 0x0,
    0x0, 0x0, 0x3e, 0xff, 0xff, 0xff, 0xff, 0xff,
    0xff, 0xff, 0xff, 0xe3, 0x0, 0x0, 0x0, 0x0,
    0x1, 0xcf, 0xff, 0xff, 0xff, 0xff, 0xff, 0xff,
    0xfc, 0x10, 0x0, 0x0, 0x0, 0x0, 0x0, 0x6,
    0xef, 0xff, 0xff, 0xff, 0xff, 0xfe, 0x60, 0x0,
    0x0, 0x0, 0x0, 0x0, 0x0, 0x0, 0x4, 0x9d,
    0xef, 0xfe, 0xd9, 0x40, 0x0, 0x0, 0x0, 0x0,
    0x0, 0x0, 0x0, 0x0, 0x0, 0x0, 0x0, 0x0,
    0x0, 0x0, 0x0, 0x0, 0x0, 0x0,

    /* U+F019 "" */
    0x0, 0x0, 0x0, 0x0, 0x0, 0x3, 0x55, 0x55,
    0x30, 0x0, 0x0, 0x0, 0x0, 0x0, 0x0, 0x0,
    0x0, 0x0, 0x0, 0x5f, 0xff, 0xff, 0xf5, 0x0,
    0x0, 0x0, 0x0, 0x0, 0x0, 0x0, 0x0, 0x0,
    0x0, 0x8f, 0xff, 0xff, 0xf8, 0x0, 0x0, 0x0,
    0x0, 0x0, 0x0, 0x0, 0x0, 0x0, 0x0, 0x8f,
    0xff, 0xff, 0xf8, 0x0, 0x0, 0x0, 0x0, 0x0,
    0x0, 0x0, 0x0, 0x0, 0x0, 0x8f, 0xff, 0xff,
    0xf8, 0x0, 0x0, 0x0, 0x0, 0x0, 0x0, 0x0,
    0x0, 0x0, 0x0, 0x8f, 0xff, 0xff, 0xf8, 0x0,
    0x0, 0x0, 0x0, 0x0, 0x0, 0x0, 0x0, 0x0,
    0x0, 0x8f, 0xff, 0xff, 0xf8, 0x0, 0x0, 0x0,
    0x0, 0x0, 0x0, 0x0, 0x0, 0x0, 0x0, 0x8f,
    0xff, 0xff, 0xf8, 0x0, 0x0, 0x0, 0x0, 0x0,
    0x0, 0x0, 0x0, 0x0, 0x0, 0x8f, 0xff, 0xff,
    0xf8, 0x0, 0x0, 0x0, 0x0, 0x0, 0x0, 0x0,
    0x0, 0x0, 0x0, 0x8f, 0xff, 0xff, 0xf8, 0x0,
    0x0, 0x0, 0x0, 0x0, 0x0, 0x0, 0x0, 0x0,
    0x0, 0x8f, 0xff, 0xff, 0xf8, 0x0, 0x0, 0x0,
    0x0, 0x0, 0x0, 0x0, 0x1c, 0xdd, 0xdd, 0xef,
    0xff, 0xff, 0xfe, 0xdd, 0xdd, 0xc1, 0x0, 0x0,
    0x0, 0x0, 0x4f, 0xff, 0xff, 0xff, 0xff, 0xff,
    0xff, 0xff, 0xff, 0xf4, 0x0, 0x0, 0x0, 0x0,
    0x9, 0xff, 0xff, 0xff, 0xff, 0xff, 0xff, 0xff,
    0xff, 0x90, 0x0, 0x0, 0x0, 0x0, 0x0, 0x9f,
    0xff, 0xff, 0xff, 0xff, 0xff, 0xff, 0xf9, 0x0,
    0x0, 0x0, 0x0, 0x0, 0x0, 0x9, 0xff, 0xff,
    0xff, 0xff, 0xff, 0xff, 0x90, 0x0, 0x0, 0x0,
    0x0, 0x0, 0x0, 0x0, 0x8f, 0xff, 0xff, 0xff,
    0xff, 0xf8, 0x0, 0x0, 0x0, 0x0, 0x0, 0x0,
    0x0, 0x0, 0x8, 0xff, 0xff, 0xff, 0xff, 0x80,
    0x0, 0x0, 0x0, 0x0, 0x0, 0x0, 0x0, 0x0,
    0x0, 0x8f, 0xff, 0xff, 0xf8, 0x0, 0x0, 0x0,
    0x0, 0x0, 0x1, 0x11, 0x11, 0x11, 0x10, 0x8,
    0xff, 0xff, 0x80, 0x1, 0x11, 0x11, 0x11, 0x10,
    0xbf, 0xff, 0xff, 0xff, 0xfd, 0x10, 0x8f, 0xf8,
    0x1, 0xdf, 0xff, 0xff, 0xff, 0xfb, 0xff, 0xff,
    0xff, 0xff, 0xff, 0xe2, 0x6, 0x60, 0x2d, 0xff,
    0xff, 0xff, 0xff, 0xff, 0xff, 0xff, 0xff, 0xff,
    0xff, 0xfe, 0x30, 0x3, 0xef, 0xff, 0xff, 0xff,
    0xff, 0xff, 0xff, 0xff, 0xff, 0xff, 0xff, 0xff,
    0xfd, 0xdf, 0xff, 0xff, 0xff, 0xff, 0xff, 0xff,
    0xff, 0xff, 0xff, 0xff, 0xff, 0xff, 0xff, 0xff,
    0xff, 0xff, 0xff, 0xff, 0xff, 0xff, 0xff, 0xff,
    0xff, 0xff, 0xff, 0xff, 0xff, 0xff, 0xff, 0xf4,
    0x1e, 0xb0, 0x8f, 0xff, 0xff, 0xff, 0xff, 0xff,
    0xff, 0xff, 0xff, 0xff, 0xff, 0xf5, 0x2e, 0xc1,
    0x8f, 0xff, 0xef, 0xff, 0xff, 0xff, 0xff, 0xff,
    0xff, 0xff, 0xff, 0xff, 0xff, 0xff, 0xff, 0xfe,
    0x37, 0x88, 0x88, 0x88, 0x88, 0x88, 0x88, 0x88,
    0x88, 0x88, 0x88, 0x88, 0x88, 0x73,

    /* U+F01C "" */
    0x0, 0x0, 0x0, 0x2b, 0xff, 0xff, 0xff, 0xff,
    0xff, 0xff, 0xff, 0xfe, 0x80, 0x0, 0x0, 0x0,
    0x0, 0x0, 0x1, 0xef, 0xff, 0xff, 0xff, 0xff,
    0xff, 0xff, 0xff, 0xff, 0xf8, 0x0, 0x0, 0x0,
    0x0, 0x0, 0xa, 0xff, 0xff, 0xff, 0xff, 0xff,
    0xff, 0xff, 0xff, 0xff, 0xff, 0x30, 0x0, 0x0,
    0x0, 0x0, 0x5f, 0xff, 0xd8, 0x88, 0x88, 0x88,
    0x88, 0x88, 0x88, 0x9f, 0xff, 0xd0, 0x0, 0x0,
    0x0, 0x1, 0xef, 0xff, 0x30, 0x0, 0x0, 0x0,
    0x0, 0x0, 0x0, 0xb, 0xff, 0xf8, 0x0, 0x0,
    0x0, 0xa, 0xff, 0xf8, 0x0, 0x0, 0x0, 0x0,
    0x0, 0x0, 0x0, 0x1, 0xef, 0xff, 0x30, 0x0,
    0x0, 0x5f, 0xff, 0xd0, 0x0, 0x0, 0x0, 0x0,
    0x0, 0x0, 0x0, 0x0, 0x5f, 0xff, 0xd0, 0x0,
    0x1, 0xef, 0xff, 0x30, 0x0, 0x0, 0x0, 0x0,
    0x0, 0x0, 0x0, 0x0, 0xb, 0xff, 0xf8, 0x0,
    0xa, 0xff, 0xf8, 0x0, 0x0, 0x0, 0x0, 0x0,
    0x0, 0x0, 0x0, 0x0, 0x1, 0xef, 0xff, 0x30,
    0x5f, 0xff, 0xd0, 0x0, 0x0, 0x0, 0x0, 0x0,
    0x0, 0x0, 0x0, 0x0, 0x0, 0x5f, 0xff, 0xd0,
    0xdf, 0xff, 0xb8, 0x88, 0x88, 0x70, 0x0, 0x0,
    0x0, 0x0, 0x48, 0x88, 0x88, 0x8e, 0xff, 0xf5,
    0xff, 0xff, 0xff, 0xff, 0xff, 0xf6, 0x0, 0x0,
    0x0, 0x0, 0xef, 0xff, 0xff, 0xff, 0xff, 0xf7,
    0xff, 0xff, 0xff, 0xff, 0xff, 0xfe, 0x0, 0x0,
    0x0, 0x7, 0xff, 0xff, 0xff, 0xff, 0xff, 0xf8,
    0xff, 0xff, 0xff, 0xff, 0xff, 0xff, 0x60, 0x0,
    0x0, 0xe, 0xff, 0xff, 0xff, 0xff, 0xff, 0xf8,
    0xff, 0xff, 0xff, 0xff, 0xff, 0xff, 0xff, 0xff,
    0xff, 0xff, 0xff, 0xff, 0xff, 0xff, 0xff, 0xf8,
    0xff, 0xff, 0xff, 0xff, 0xff, 0xff, 0xff, 0xff,
    0xff, 0xff, 0xff, 0xff, 0xff, 0xff, 0xff, 0xf8,
    0xff, 0xff, 0xff, 0xff, 0xff, 0xff, 0xff, 0xff,
    0xff, 0xff, 0xff, 0xff, 0xff, 0xff, 0xff, 0xf8,
    0xff, 0xff, 0xff, 0xff, 0xff, 0xff, 0xff, 0xff,
    0xff, 0xff, 0xff, 0xff, 0xff, 0xff, 0xff, 0xf8,
    0xff, 0xff, 0xff, 0xff, 0xff, 0xff, 0xff, 0xff,
    0xff, 0xff, 0xff, 0xff, 0xff, 0xff, 0xff, 0xf7,
    0xbf, 0xff, 0xff, 0xff, 0xff, 0xff, 0xff, 0xff,
    0xff, 0xff, 0xff, 0xff, 0xff, 0xff, 0xff, 0xf3,
    0x1b, 0xff, 0xff, 0xff, 0xff, 0xff, 0xff, 0xff,
    0xff, 0xff, 0xff, 0xff, 0xff, 0xff, 0xfe, 0x50,

    /* U+F021 "" */
    0x0, 0x0, 0x0, 0x0, 0x0, 0x0, 0x0, 0x0,
    0x0, 0x0, 0x0, 0x0, 0x58, 0x86, 0x0, 0x0,
    0x0, 0x0, 0x4, 0x9d, 0xef, 0xfe, 0xb7, 0x20,
    0x0, 0x0, 0xdf, 0xff, 0x0, 0x0, 0x0, 0x6,
    0xdf, 0xff, 0xff, 0xff, 0xff, 0xfb, 0x30, 0x0,
    0xdf, 0xff, 0x0, 0x0, 0x1, 0xbf, 0xff, 0xff,
    0xff, 0xff, 0xff, 0xff, 0xfa, 0x10, 0xcf, 0xff,
    0x0, 0x0, 0x2e, 0xff, 0xff, 0xff, 0xfe, 0xef,
    0xff, 0xff, 0xff, 0xe3, 0xbf, 0xff, 0x0, 0x2,
    0xef, 0xff, 0xff, 0x94, 0x0, 0x0, 0x4b, 0xff,
    0xff, 0xfe, 0xdf, 0xff, 0x0, 0xd, 0xff, 0xff,
    0xc2, 0x0, 0x0, 0x0, 0x0, 0x3c, 0xff, 0xff,
    0xff, 0xff, 0x0, 0x9f, 0xff, 0xf9, 0x0, 0x0,
    0x0, 0x0, 0x0, 0x0, 0x8f, 0xff, 0xff, 0xff,
    0x2, 0xff, 0xff, 0x90, 0x0, 0x0, 0x0, 0x0,
    0x11, 0x0, 0x8, 0xff, 0xff, 0xff, 0x9, 0xff,
    0xfd, 0x0, 0x0, 0x0, 0x0, 0x3, 0xff, 0xff,
    0xee, 0xff, 0xff, 0xff, 0xe, 0xff, 0xf4, 0x0,
    0x0, 0x0, 0x0, 0x4, 0xff, 0xff, 0xff, 0xff,
    0xff, 0xff, 0x3f, 0xff, 0xe0, 0x0, 0x0, 0x0,
    0x0, 0x4, 0xff, 0xff, 0xff, 0xff, 0xff, 0xff,
    0x2b, 0xcc, 0x60, 0x0, 0x0, 0x0, 0x0, 0x1,
    0xbc, 0xcc, 0xcc, 0xcc, 0xcc, 0xca, 0x0, 0x0,
    0x0, 0x0, 0x0, 0x0, 0x0, 0x0, 0x0, 0x0,
    0x0, 0x0, 0x0, 0x0, 0x0, 0x0, 0x0, 0x0,
    0x0, 0x0, 0x0, 0x0, 0x0, 0x0, 0x0, 0x0,
    0x0, 0x0, 0x0, 0x0, 0x0, 0x0, 0x0, 0x0,
    0x0, 0x0, 0x0, 0x0, 0x0, 0x0, 0x0, 0x0,
    0xac, 0xcc, 0xcc, 0xcc, 0xcc, 0xcb, 0x10, 0x0,
    0x0, 0x0, 0x0, 0x6, 0xbc, 0xb2, 0xff, 0xff,
    0xff, 0xff, 0xff, 0xff, 0x40, 0x0, 0x0, 0x0,
    0x0, 0xe, 0xff, 0xf2, 0xff, 0xff, 0xff, 0xff,
    0xff, 0xff, 0x40, 0x0, 0x0, 0x0, 0x0, 0x5f,
    0xff, 0xe0, 0xff, 0xff, 0xff, 0xee, 0xff, 0xff,
    0x30, 0x0, 0x0, 0x0, 0x0, 0xdf, 0xff, 0x90,
    0xff, 0xff, 0xff, 0x80, 0x0, 0x11, 0x0, 0x0,
    0x0, 0x0, 0xa, 0xff, 0xff, 0x20, 0xff, 0xff,
    0xff, 0xf8, 0x0, 0x0, 0x0, 0x0, 0x0, 0x0,
    0x9f, 0xff, 0xf9, 0x0, 0xff, 0xff, 0xff, 0xff,
    0xb2, 0x0, 0x0, 0x0, 0x0, 0x2c, 0xff, 0xff,
    0xd0, 0x0, 0xff, 0xfd, 0xef, 0xff, 0xff, 0xa4,
    0x0, 0x0, 0x4a, 0xff, 0xff, 0xfe, 0x20, 0x0,
    0xff, 0xfb, 0x3e, 0xff, 0xff, 0xff, 0xfe, 0xef,
    0xff, 0xff, 0xff, 0xe2, 0x0, 0x0, 0xff, 0xfc,
    0x1, 0xaf, 0xff, 0xff, 0xff, 0xff, 0xff, 0xff,
    0xfb, 0x10, 0x0, 0x0, 0xff, 0xfd, 0x0, 0x3,
    0xbf, 0xff, 0xff, 0xff, 0xff, 0xfd, 0x60, 0x0,
    0x0, 0x0, 0xff, 0xfd, 0x0, 0x0, 0x2, 0x7c,
    0xff, 0xff, 0xd9, 0x40, 0x0, 0x0, 0x0, 0x0,
    0x68, 0x85, 0x0, 0x0, 0x0, 0x0, 0x0, 0x0,
    0x0, 0x0, 0x0, 0x0, 0x0, 0x0,

    /* U+F026 "" */
    0x0, 0x0, 0x0, 0x0, 0x0, 0x0, 0x0, 0x0,
    0x0, 0x0, 0x0, 0x0, 0x3, 0xb6, 0x0, 0x0,
    0x0, 0x0, 0x0, 0x3f, 0xff, 0x0, 0x0, 0x0,
    0x0, 0x3, 0xff, 0xff, 0x0, 0x0, 0x0, 0x0,
    0x3f, 0xff, 0xff, 0x0, 0x0, 0x0, 0x3, 0xff,
    0xff, 0xff, 0x38, 0x88, 0x88, 0x8f, 0xff, 0xff,
    0xff, 0xef, 0xff, 0xff, 0xff, 0xff, 0xff, 0xff,
    0xff, 0xff, 0xff, 0xff, 0xff, 0xff, 0xff, 0xff,
    0xff, 0xff, 0xff, 0xff, 0xff, 0xff, 0xff, 0xff,
    0xff, 0xff, 0xff, 0xff, 0xff, 0xff, 0xff, 0xff,
    0xff, 0xff, 0xff, 0xff, 0xff, 0xff, 0xff, 0xff,
    0xff, 0xff, 0xff, 0xff, 0xff, 0xff, 0xff, 0xff,
    0xff, 0xff, 0xff, 0xff, 0xff, 0xff, 0xff, 0xff,
    0xff, 0xff, 0xff, 0xff, 0xff, 0xff, 0xff, 0xff,
    0x9f, 0xff, 0xff, 0xff, 0xff, 0xff, 0xff, 0x0,
    0x0, 0x0, 0x8, 0xff, 0xff, 0xff, 0x0, 0x0,
    0x0, 0x0, 0x8f, 0xff, 0xff, 0x0, 0x0, 0x0,
    0x0, 0x8, 0xff, 0xff, 0x0, 0x0, 0x0, 0x0,
    0x0, 0x8f, 0xff, 0x0, 0x0, 0x0, 0x0, 0x0,
    0x8, 0xfc, 0x0, 0x0, 0x0, 0x0, 0x0, 0x0,
    0x10,

    /* U+F027 "" */
    0x0, 0x0, 0x0, 0x0, 0x0, 0x0, 0x0, 0x0,
    0x0, 0x0, 0x0, 0x0, 0x0, 0x0, 0x0, 0x0,
    0x3b, 0x60, 0x0, 0x0, 0x0, 0x0, 0x0, 0x0,
    0x0, 0x0, 0x3e, 0xff, 0x0, 0x0, 0x0, 0x0,
    0x0, 0x0, 0x0, 0x0, 0x3f, 0xff, 0xf0, 0x0,
    0x0, 0x0, 0x0, 0x0, 0x0, 0x0, 0x3f, 0xff,
    0xff, 0x0, 0x0, 0x0, 0x0, 0x0, 0x0, 0x0,
    0x3f, 0xff, 0xff, 0xf0, 0x0, 0x0, 0x0, 0x38,
    0x88, 0x88, 0x8f, 0xff, 0xff, 0xff, 0x0, 0x0,
    0x0, 0xe, 0xff, 0xff, 0xff, 0xff, 0xff, 0xff,
    0xf0, 0x1, 0xb9, 0x0, 0xff, 0xff, 0xff, 0xff,
    0xff, 0xff, 0xff, 0x0, 0x6f, 0xfc, 0xf, 0xff,
    0xff, 0xff, 0xff, 0xff, 0xff, 0xf0, 0x1, 0xcf,
    0xf7, 0xff, 0xff, 0xff, 0xff, 0xff, 0xff, 0xff,
    0x0, 0x0, 0xef, 0xdf, 0xff, 0xff, 0xff, 0xff,
    0xff, 0xff, 0xf0, 0x0, 0xa, 0xff, 0xff, 0xff,
    0xff, 0xff, 0xff, 0xff, 0xff, 0x0, 0x0, 0xdf,
    0xdf, 0xff, 0xff, 0xff, 0xff, 0xff, 0xff, 0xf0,
    0x0, 0xbf, 0xf8, 0xff, 0xff, 0xff, 0xff, 0xff,
    0xff, 0xff, 0x0, 0x6f, 0xfd, 0xf, 0xff, 0xff,
    0xff, 0xff, 0xff, 0xff, 0xf0, 0x2, 0xdb, 0x10,
    0x9f, 0xff, 0xff, 0xff, 0xff, 0xff, 0xff, 0x0,
    0x0, 0x0, 0x0, 0x0, 0x0, 0x0, 0x9f, 0xff,
    0xff, 0xf0, 0x0, 0x0, 0x0, 0x0, 0x0, 0x0,
    0x0, 0x9f, 0xff, 0xff, 0x0, 0x0, 0x0, 0x0,
    0x0, 0x0, 0x0, 0x0, 0x9f, 0xff, 0xf0, 0x0,
    0x0, 0x0, 0x0, 0x0, 0x0, 0x0, 0x0, 0x9f,
    0xff, 0x0, 0x0, 0x0, 0x0, 0x0, 0x0, 0x0,
    0x0, 0x0, 0x8f, 0xc0, 0x0, 0x0, 0x0, 0x0,
    0x0, 0x0, 0x0, 0x0, 0x0, 0x20, 0x0, 0x0,
    0x0, 0x0,

    /* U+F028 "" */
    0x0, 0x0, 0x0, 0x0, 0x0, 0x0, 0x0, 0x0,
    0x0, 0x0, 0x0, 0x18, 0x50, 0x0, 0x0, 0x0,
    0x0, 0x0, 0x0, 0x0, 0x0, 0x0, 0x0, 0x0,
    0x0, 0x0, 0x0, 0x7f, 0xfa, 0x0, 0x0, 0x0,
    0x0, 0x0, 0x0, 0x0, 0x0, 0x0, 0x0, 0x0,
    0x0, 0x0, 0x0, 0x3f, 0xff, 0xc1, 0x0, 0x0,
    0x0, 0x0, 0x0, 0x0, 0x0, 0x3, 0xb6, 0x0,
    0x0, 0x0, 0x0, 0x2, 0xdf, 0xfc, 0x0, 0x0,
    0x0, 0x0, 0x0, 0x0, 0x0, 0x3f, 0xff, 0x0,
    0x0, 0x0, 0x21, 0x0, 0x1c, 0xff, 0x90, 0x0,
    0x0, 0x0, 0x0, 0x0, 0x3, 0xff, 0xff, 0x0,
    0x0, 0x4, 0xfe, 0x50, 0x1, 0xef, 0xf3, 0x0,
    0x0, 0x0, 0x0, 0x0, 0x3f, 0xff, 0xff, 0x0,
    0x0, 0x5, 0xff, 0xf6, 0x0, 0x4f, 0xfc, 0x0,
    0x0, 0x0, 0x0, 0x3, 0xff, 0xff, 0xff, 0x0,
    0x0, 0x0, 0x7f, 0xff, 0x40, 0xa, 0xff, 0x40,
    0x38, 0x88, 0x88, 0x8f, 0xff, 0xff, 0xff, 0x0,
    0x0, 0x0, 0x5, 0xff, 0xe0, 0x2, 0xff, 0xa0,
    0xef, 0xff, 0xff, 0xff, 0xff, 0xff, 0xff, 0x0,
    0x1c, 0xa1, 0x0, 0x8f, 0xf6, 0x0, 0xcf, 0xf0,
    0xff, 0xff, 0xff, 0xff, 0xff, 0xff, 0xff, 0x0,
    0x6f, 0xfd, 0x0, 0x1f, 0xfc, 0x0, 0x8f, 0xf2,
    0xff, 0xff, 0xff, 0xff, 0xff, 0xff, 0xff, 0x0,
    0x1c, 0xff, 0x80, 0xa, 0xff, 0x0, 0x4f, 0xf5,
    0xff, 0xff, 0xff, 0xff, 0xff, 0xff, 0xff, 0x0,
    0x0, 0xdf, 0xd0, 0x7, 0xff, 0x20, 0x3f, 0xf7,
    0xff, 0xff, 0xff, 0xff, 0xff, 0xff, 0xff, 0x0,
    0x0, 0xaf, 0xf0, 0x6, 0xff, 0x30, 0x2f, 0xf7,
    0xff, 0xff, 0xff, 0xff, 0xff, 0xff, 0xff, 0x0,
    0x0, 0xdf, 0xd0, 0x7, 0xff, 0x20, 0x3f, 0xf7,
    0xff, 0xff, 0xff, 0xff, 0xff, 0xff, 0xff, 0x0,
    0x1c, 0xff, 0x80, 0xa, 0xff, 0x0, 0x4f, 0xf5,
    0xff, 0xff, 0xff, 0xff, 0xff, 0xff, 0xff, 0x0,
    0x6f, 0xfd, 0x0, 0x1f, 0xfc, 0x0, 0x8f, 0xf2,
    0xff, 0xff, 0xff, 0xff, 0xff, 0xff, 0xff, 0x0,
    0x1c, 0xa1, 0x0, 0x9f, 0xf6, 0x0, 0xdf, 0xe0,
    0x9f, 0xff, 0xff, 0xff, 0xff, 0xff, 0xff, 0x0,
    0x0, 0x0, 0x5, 0xff, 0xe0, 0x3, 0xff, 0xa0,
    0x0, 0x0, 0x0, 0x8, 0xff, 0xff, 0xff, 0x0,
    0x0, 0x0, 0x7f, 0xff, 0x40, 0xa, 0xff, 0x40,
    0x0, 0x0, 0x0, 0x0, 0x8f, 0xff, 0xff, 0x0,
    0x0, 0x5, 0xff, 0xf6, 0x0, 0x4f, 0xfc, 0x0,
    0x0, 0x0, 0x0, 0x0, 0x8, 0xff, 0xff, 0x0,
    0x0, 0x4, 0xfe, 0x50, 0x1, 0xef, 0xf3, 0x0,
    0x0, 0x0, 0x0, 0x0, 0x0, 0x8f, 0xff, 0x0,
    0x0, 0x0, 0x21, 0x0, 0x1d, 0xff, 0x90, 0x0,
    0x0, 0x0, 0x0, 0x0, 0x0, 0x8, 0xfc, 0x0,
    0x0, 0x0, 0x0, 0x2, 0xdf, 0xfc, 0x0, 0x0,
    0x0, 0x0, 0x0, 0x0, 0x0, 0x0, 0x10, 0x0,
    0x0, 0x0, 0x0, 0x3f, 0xff, 0xc1, 0x0, 0x0,
    0x0, 0x0, 0x0, 0x0, 0x0, 0x0, 0x0, 0x0,
    0x0, 0x0, 0x0, 0x7f, 0xfa, 0x0, 0x0, 0x0,
    0x0, 0x0, 0x0, 0x0, 0x0, 0x0, 0x0, 0x0,
    0x0, 0x0, 0x0, 0x18, 0x50, 0x0, 0x0, 0x0,

    /* U+F03E "" */
    0x1b, 0xff, 0xff, 0xff, 0xff, 0xff, 0xff, 0xff,
    0xff, 0xff, 0xff, 0xff, 0xff, 0xb1, 0xbf, 0xff,
    0xff, 0xff, 0xff, 0xff, 0xff, 0xff, 0xff, 0xff,
    0xff, 0xff, 0xff, 0xfb, 0xff, 0xff, 0xff, 0xff,
    0xff, 0xff, 0xff, 0xff, 0xff, 0xff, 0xff, 0xff,
    0xff, 0xff, 0xff, 0xff, 0x93, 0x27, 0xff, 0xff,
    0xff, 0xff, 0xff, 0xff, 0xff, 0xff, 0xff, 0xff,
    0xff, 0xf9, 0x0, 0x0, 0x5f, 0xff, 0xff, 0xff,
    0xff, 0xff, 0xff, 0xff, 0xff, 0xff, 0xff, 0xf2,
    0x0, 0x0, 0xe, 0xff, 0xff, 0xff, 0xff, 0xff,
    0xff, 0xff, 0xff, 0xff, 0xff, 0xf2, 0x0, 0x0,
    0xe, 0xff, 0xff, 0xff, 0xff, 0xd8, 0xff, 0xff,
    0xff, 0xff, 0xff, 0xf7, 0x0, 0x0, 0x3f, 0xff,
    0xff, 0xff, 0xfc, 0x10, 0x6f, 0xff, 0xff, 0xff,
    0xff, 0xff, 0x50, 0x3, 0xdf, 0xff, 0xff, 0xff,
    0xc1, 0x0, 0x6, 0xff, 0xff, 0xff, 0xff, 0xff,
    0xfe, 0xef, 0xff, 0xff, 0xff, 0xfc, 0x10, 0x0,
    0x0, 0x6f, 0xff, 0xff, 0xff, 0xff, 0xff, 0xfe,
    0xff, 0xff, 0xff, 0xc1, 0x0, 0x0, 0x0, 0x6,
    0xff, 0xff, 0xff, 0xff, 0xff, 0xc1, 0x3e, 0xff,
    0xfc, 0x10, 0x0, 0x0, 0x0, 0x0, 0x9f, 0xff,
    0xff, 0xff, 0xfc, 0x10, 0x3, 0xef, 0xc1, 0x0,
    0x0, 0x0, 0x0, 0x0, 0x8f, 0xff, 0xff, 0xff,
    0xc1, 0x0, 0x0, 0x3b, 0x10, 0x0, 0x0, 0x0,
    0x0, 0x0, 0x8f, 0xff, 0xff, 0xfd, 0x10, 0x0,
    0x0, 0x0, 0x0, 0x0, 0x0, 0x0, 0x0, 0x0,
    0x8f, 0xff, 0xff, 0xf8, 0x0, 0x0, 0x0, 0x0,
    0x0, 0x0, 0x0, 0x0, 0x0, 0x0, 0x8f, 0xff,
    0xff, 0xf8, 0x0, 0x0, 0x0, 0x0, 0x0, 0x0,
    0x0, 0x0, 0x0, 0x0, 0x8f, 0xff, 0xff, 0xfc,
    0x88, 0x88, 0x88, 0x88, 0x88, 0x88, 0x88, 0x88,
    0x88, 0x88, 0xcf, 0xff, 0xff, 0xff, 0xff, 0xff,
    0xff, 0xff, 0xff, 0xff, 0xff, 0xff, 0xff, 0xff,
    0xff, 0xff, 0xbf, 0xff, 0xff, 0xff, 0xff, 0xff,
    0xff, 0xff, 0xff, 0xff, 0xff, 0xff, 0xff, 0xfb,
    0x1b, 0xff, 0xff, 0xff, 0xff, 0xff, 0xff, 0xff,
    0xff, 0xff, 0xff, 0xff, 0xff, 0xb1,

    /* U+F043 "" */
    0x0, 0x0, 0x0, 0x0, 0x39, 0x50, 0x0, 0x0,
    0x0, 0x0, 0x0, 0x0, 0x0, 0x0, 0xef, 0xf2,
    0x0, 0x0, 0x0, 0x0, 0x0, 0x0, 0x0, 0x4,
    0xff, 0xf8, 0x0, 0x0, 0x0, 0x0, 0x0, 0x0,
    0x0, 0xa, 0xff, 0xfe, 0x0, 0x0, 0x0, 0x0,
    0x0, 0x0, 0x0, 0x1f, 0xff, 0xff, 0x40, 0x0,
    0x0, 0x0, 0x0, 0x0, 0x0, 0x8f, 0xff, 0xff,
    0xc0, 0x0, 0x0, 0x0, 0x0, 0x0, 0x1, 0xff,
    0xff, 0xff, 0xf4, 0x0, 0x0, 0x0, 0x0, 0x0,
    0x8, 0xff, 0xff, 0xff, 0xfc, 0x0, 0x0, 0x0,
    0x0, 0x0, 0x2f, 0xff, 0xff, 0xff, 0xff, 0x60,
    0x0, 0x0, 0x0, 0x0, 0xcf, 0xff, 0xff, 0xff,
    0xff, 0xf1, 0x0, 0x0, 0x0, 0x7, 0xff, 0xff,
    0xff, 0xff, 0xff, 0xfb, 0x0, 0x0, 0x0, 0x3f,
    0xff, 0xff, 0xff, 0xff, 0xff, 0xff, 0x70, 0x0,
    0x0, 0xdf, 0xff, 0xff, 0xff, 0xff, 0xff, 0xff,
    0xf3, 0x0, 0x7, 0xff, 0xff, 0xff, 0xff, 0xff,
    0xff, 0xff, 0xfb, 0x0, 0xe, 0xff, 0xff, 0xff,
    0xff, 0xff, 0xff, 0xff, 0xff, 0x30, 0x6f, 0xff,
    0xff, 0xff, 0xff, 0xff, 0xff, 0xff, 0xff, 0x90,
    0xbf, 0xff, 0xff, 0xff, 0xff, 0xff, 0xff, 0xff,
    0xff, 0xe0, 0xdf, 0xff, 0xff, 0xff, 0xff, 0xff,
    0xff, 0xff, 0xff, 0xf1, 0xff, 0xfa, 0xd, 0xff,
    0xff, 0xff, 0xff, 0xff, 0xff, 0xf3, 0xef, 0xf8,
    0xa, 0xff, 0xff, 0xff, 0xff, 0xff, 0xff, 0xf2,
    0xdf, 0xfc, 0x6, 0xff, 0xff, 0xff, 0xff, 0xff,
    0xff, 0xf1, 0x9f, 0xff, 0x20, 0xcf, 0xff, 0xff,
    0xff, 0xff, 0xff, 0xd0, 0x4f, 0xff, 0xb0, 0x9,
    0xff, 0xff, 0xff, 0xff, 0xff, 0x70, 0xc, 0xff,
    0xfa, 0x0, 0x2, 0xcf, 0xff, 0xff, 0xfe, 0x10,
    0x2, 0xff, 0xff, 0xd6, 0x10, 0xbf, 0xff, 0xff,
    0xf5, 0x0, 0x0, 0x5f, 0xff, 0xff, 0xff, 0xff,
    0xff, 0xff, 0x80, 0x0, 0x0, 0x4, 0xef, 0xff,
    0xff, 0xff, 0xff, 0xf6, 0x0, 0x0, 0x0, 0x0,
    0x18, 0xff, 0xff, 0xff, 0xfa, 0x20, 0x0, 0x0,
    0x0, 0x0, 0x0, 0x4, 0x67, 0x64, 0x0, 0x0,
    0x0, 0x0,

    /* U+F048 "" */
    0x48, 0x88, 0x0, 0x0, 0x0, 0x0, 0x0, 0x7,
    0x70, 0xbf, 0xff, 0x30, 0x0, 0x0, 0x0, 0x0,
    0xbf, 0xf9, 0xbf, 0xff, 0x30, 0x0, 0x0, 0x0,
    0x1c, 0xff, 0xfc, 0xbf, 0xff, 0x30, 0x0, 0x0,
    0x1, 0xdf, 0xff, 0xfc, 0xbf, 0xff, 0x30, 0x0,
    0x0, 0x2e, 0xff, 0xff, 0xfc, 0xbf, 0xff, 0x30,
    0x0, 0x3, 0xef, 0xff, 0xff, 0xfc, 0xbf, 0xff,
    0x30, 0x0, 0x4f, 0xff, 0xff, 0xff, 0xfc, 0xbf,
    0xff, 0x30, 0x4, 0xff, 0xff, 0xff, 0xff, 0xfc,
    0xbf, 0xff, 0x30, 0x6f, 0xff, 0xff, 0xff, 0xff,
    0xfc, 0xbf, 0xff, 0x37, 0xff, 0xff, 0xff, 0xff,
    0xff, 0xfc, 0xbf, 0xff, 0xbf, 0xff, 0xff, 0xff,
    0xff, 0xff, 0xfc, 0xbf, 0xff, 0xff, 0xff, 0xff,
    0xff, 0xff, 0xff, 0xfc, 0xbf, 0xff, 0xff, 0xff,
    0xff, 0xff, 0xff, 0xff, 0xfc, 0xbf, 0xff, 0xff,
    0xff, 0xff, 0xff, 0xff, 0xff, 0xfc, 0xbf, 0xff,
    0xff, 0xff, 0xff, 0xff, 0xff, 0xff, 0xfc, 0xbf,
    0xff, 0x5d, 0xff, 0xff, 0xff, 0xff, 0xff, 0xfc,
    0xbf, 0xff, 0x31, 0xcf, 0xff, 0xff, 0xff, 0xff,
    0xfc, 0xbf, 0xff, 0x30, 0xb, 0xff, 0xff, 0xff,
    0xff, 0xfc, 0xbf, 0xff, 0x30, 0x0, 0xaf, 0xff,
    0xff, 0xff, 0xfc, 0xbf, 0xff, 0x30, 0x0, 0x9,
    0xff, 0xff, 0xff, 0xfc, 0xbf, 0xff, 0x30, 0x0,
    0x0, 0x7f, 0xff, 0xff, 0xfc, 0xbf, 0xff, 0x30,
    0x0, 0x0, 0x6, 0xff, 0xff, 0xfc, 0xbf, 0xff,
    0x30, 0x0, 0x0, 0x0, 0x5f, 0xff, 0xfc, 0xbf,
    0xff, 0x30, 0x0, 0x0, 0x0, 0x4, 0xff, 0xfb,
    0x9f, 0xfe, 0x20, 0x0, 0x0, 0x0, 0x0, 0x3d,
    0xd3, 0x0, 0x0, 0x0, 0x0, 0x0, 0x0, 0x0,
    0x0, 0x0,

    /* U+F04B "" */
    0x3, 0x75, 0x0, 0x0, 0x0, 0x0, 0x0, 0x0,
    0x0, 0x0, 0x0, 0x0, 0x7, 0xff, 0xfc, 0x30,
    0x0, 0x0, 0x0, 0x0, 0x0, 0x0, 0x0, 0x0,
    0x0, 0xef, 0xff, 0xff, 0x91, 0x0, 0x0, 0x0,
    0x0, 0x0, 0x0, 0x0, 0x0, 0xf, 0xff, 0xff,
    0xff, 0xe6, 0x0, 0x0, 0x0, 0x0, 0x0, 0x0,
    0x0, 0x0, 0xff, 0xff, 0xff, 0xff, 0xfd, 0x30,
    0x0, 0x0, 0x0, 0x0, 0x0, 0x0, 0xf, 0xff,
    0xff, 0xff, 0xff, 0xff, 0xa1, 0x0, 0x0, 0x0,
    0x0, 0x0, 0x0, 0xff, 0xff, 0xff, 0xff, 0xff,
    0xff, 0xf7, 0x0, 0x0, 0x0, 0x0, 0x0, 0xf,
    0xff, 0xff, 0xff, 0xff, 0xff, 0xff, 0xfd, 0x40,
    0x0, 0x0, 0x0, 0x0, 0xff, 0xff, 0xff, 0xff,
    0xff, 0xff, 0xff, 0xff, 0xb2, 0x0, 0x0, 0x0,
    0xf, 0xff, 0xff, 0xff, 0xff, 0xff, 0xff, 0xff,
    0xff, 0xf8, 0x0, 0x0, 0x0, 0xff, 0xff, 0xff,
    0xff, 0xff, 0xff, 0xff, 0xff, 0xff, 0xfe, 0x50,
    0x0, 0xf, 0xff, 0xff, 0xff, 0xff, 0xff, 0xff,
    0xff, 0xff, 0xff, 0xff, 0xb2, 0x0, 0xff, 0xff,
    0xff, 0xff, 0xff, 0xff, 0xff, 0xff, 0xff, 0xff,
    0xff, 0xf7, 0xf, 0xff, 0xff, 0xff, 0xff, 0xff,
    0xff, 0xff, 0xff, 0xff, 0xff, 0xff, 0xf4, 0xff,
    0xff, 0xff, 0xff, 0xff, 0xff, 0xff, 0xff, 0xff,
    0xff, 0xff, 0xff, 0x7f, 0xff, 0xff, 0xff, 0xff,
    0xff, 0xff, 0xff, 0xff, 0xff, 0xff, 0xff, 0xf4,
    0xff, 0xff, 0xff, 0xff, 0xff, 0xff, 0xff, 0xff,
    0xff, 0xff, 0xff, 0xf7, 0xf, 0xff, 0xff, 0xff,
    0xff, 0xff, 0xff, 0xff, 0xff, 0xff, 0xff, 0xb2,
    0x0, 0xff, 0xff, 0xff, 0xff, 0xff, 0xff, 0xff,
    0xff, 0xff, 0xfe, 0x50, 0x0, 0xf, 0xff, 0xff,
    0xff, 0xff, 0xff, 0xff, 0xff, 0xff, 0xf8, 0x0,
    0x0, 0x0, 0xff, 0xff, 0xff, 0xff, 0xff, 0xff,
    0xff, 0xff, 0xb2, 0x0, 0x0, 0x0, 0xf, 0xff,
    0xff, 0xff, 0xff, 0xff, 0xff, 0xfd, 0x40, 0x0,
    0x0, 0x0, 0x0, 0xff, 0xff, 0xff, 0xff, 0xff,
    0xff, 0xf7, 0x0, 0x0, 0x0, 0x0, 0x0, 0xf,
    0xff, 0xff, 0xff, 0xff, 0xff, 0xa1, 0x0, 0x0,
    0x0, 0x0, 0x0, 0x0, 0xff, 0xff, 0xff, 0xff,
    0xfd, 0x30, 0x0, 0x0, 0x0, 0x0, 0x0, 0x0,
    0xf, 0xff, 0xff, 0xff, 0xe6, 0x0, 0x0, 0x0,
    0x0, 0x0, 0x0, 0x0, 0x0, 0xef, 0xff, 0xff,
    0x91, 0x0, 0x0, 0x0, 0x0, 0x0, 0x0, 0x0,
    0x0, 0x6, 0xff, 0xfc, 0x30, 0x0, 0x0, 0x0,
    0x0, 0x0, 0x0, 0x0, 0x0, 0x0, 0x3, 0x74,
    0x0, 0x0, 0x0, 0x0, 0x0, 0x0, 0x0, 0x0,
    0x0, 0x0, 0x0,

    /* U+F04C "" */
    0x1a, 0xef, 0xff, 0xff, 0xd5, 0x0, 0x0, 0x1a,
    0xef, 0xff, 0xff, 0xd5, 0xa, 0xff, 0xff, 0xff,
    0xff, 0xf2, 0x0, 0xa, 0xff, 0xff, 0xff, 0xff,
    0xf2, 0xff, 0xff, 0xff, 0xff, 0xff, 0x70, 0x0,
    0xff, 0xff, 0xff, 0xff, 0xff, 0x7f, 0xff, 0xff,
    0xff, 0xff, 0xf8, 0x0, 0xf, 0xff, 0xff, 0xff,
    0xff, 0xf8, 0xff, 0xff, 0xff, 0xff, 0xff, 0x80,
    0x0, 0xff, 0xff, 0xff, 0xff, 0xff, 0x8f, 0xff,
    0xff, 0xff, 0xff, 0xf8, 0x0, 0xf, 0xff, 0xff,
    0xff, 0xff, 0xf8, 0xff, 0xff, 0xff, 0xff, 0xff,
    0x80, 0x0, 0xff, 0xff, 0xff, 0xff, 0xff, 0x8f,
    0xff, 0xff, 0xff, 0xff, 0xf8, 0x0, 0xf, 0xff,
    0xff, 0xff, 0xff, 0xf8, 0xff, 0xff, 0xff, 0xff,
    0xff, 0x80, 0x0, 0xff, 0xff, 0xff, 0xff, 0xff,
    0x8f, 0xff, 0xff, 0xff, 0xff, 0xf8, 0x0, 0xf,
    0xff, 0xff, 0xff, 0xff, 0xf8, 0xff, 0xff, 0xff,
    0xff, 0xff, 0x80, 0x0, 0xff, 0xff, 0xff, 0xff,
    0xff, 0x8f, 0xff, 0xff, 0xff, 0xff, 0xf8, 0x0,
    0xf, 0xff, 0xff, 0xff, 0xff, 0xf8, 0xff, 0xff,
    0xff, 0xff, 0xff, 0x80, 0x0, 0xff, 0xff, 0xff,
    0xff, 0xff, 0x8f, 0xff, 0xff, 0xff, 0xff, 0xf8,
    0x0, 0xf, 0xff, 0xff, 0xff, 0xff, 0xf8, 0xff,
    0xff, 0xff, 0xff, 0xff, 0x80, 0x0, 0xff, 0xff,
    0xff, 0xff, 0xff, 0x8f, 0xff, 0xff, 0xff, 0xff,
    0xf8, 0x0, 0xf, 0xff, 0xff, 0xff, 0xff, 0xf8,
    0xff, 0xff, 0xff, 0xff, 0xff, 0x80, 0x0, 0xff,
    0xff, 0xff, 0xff, 0xff, 0x8f, 0xff, 0xff, 0xff,
    0xff, 0xf8, 0x0, 0xf, 0xff, 0xff, 0xff, 0xff,
    0xf8, 0xff, 0xff, 0xff, 0xff, 0xff, 0x80, 0x0,
    0xff, 0xff, 0xff, 0xff, 0xff, 0x8f, 0xff, 0xff,
    0xff, 0xff, 0xf8, 0x0, 0xf, 0xff, 0xff, 0xff,
    0xff, 0xf8, 0xff, 0xff, 0xff, 0xff, 0xff, 0x80,
    0x0, 0xff, 0xff, 0xff, 0xff, 0xff, 0x8f, 0xff,
    0xff, 0xff, 0xff, 0xf7, 0x0, 0xf, 0xff, 0xff,
    0xff, 0xff, 0xf7, 0xef, 0xff, 0xff, 0xff, 0xff,
    0x60, 0x0, 0xef, 0xff, 0xff, 0xff, 0xff, 0x66,
    0xff, 0xff, 0xff, 0xff, 0xd0, 0x0, 0x6, 0xff,
    0xff, 0xff, 0xff, 0xd0, 0x4, 0x89, 0x99, 0x98,
    0x71, 0x0, 0x0, 0x4, 0x89, 0x99, 0x98, 0x71,
    0x0,

    /* U+F04D "" */
    0x3, 0x88, 0x88, 0x88, 0x88, 0x88, 0x88, 0x88,
    0x88, 0x88, 0x88, 0x60, 0x6, 0xff, 0xff, 0xff,
    0xff, 0xff, 0xff, 0xff, 0xff, 0xff, 0xff, 0xff,
    0xd0, 0xef, 0xff, 0xff, 0xff, 0xff, 0xff, 0xff,
    0xff, 0xff, 0xff, 0xff, 0xff, 0x6f, 0xff, 0xff,
    0xff, 0xff, 0xff, 0xff, 0xff, 0xff, 0xff, 0xff,
    0xff, 0xf7, 0xff, 0xff, 0xff, 0xff, 0xff, 0xff,
    0xff, 0xff, 0xff, 0xff, 0xff, 0xff, 0x8f, 0xff,
    0xff, 0xff, 0xff, 0xff, 0xff, 0xff, 0xff, 0xff,
    0xff, 0xff, 0xf8, 0xff, 0xff, 0xff, 0xff, 0xff,
    0xff, 0xff, 0xff, 0xff, 0xff, 0xff, 0xff, 0x8f,
    0xff, 0xff, 0xff, 0xff, 0xff, 0xff, 0xff, 0xff,
    0xff, 0xff, 0xff, 0xf8, 0xff, 0xff, 0xff, 0xff,
    0xff, 0xff, 0xff, 0xff, 0xff, 0xff, 0xff, 0xff,
    0x8f, 0xff, 0xff, 0xff, 0xff, 0xff, 0xff, 0xff,
    0xff, 0xff, 0xff, 0xff, 0xf8, 0xff, 0xff, 0xff,
    0xff, 0xff, 0xff, 0xff, 0xff, 0xff, 0xff, 0xff,
    0xff, 0x8f, 0xff, 0xff, 0xff, 0xff, 0xff, 0xff,
    0xff, 0xff, 0xff, 0xff, 0xff, 0xf8, 0xff, 0xff,
    0xff, 0xff, 0xff, 0xff, 0xff, 0xff, 0xff, 0xff,
    0xff, 0xff, 0x8f, 0xff, 0xff, 0xff, 0xff, 0xff,
    0xff, 0xff, 0xff, 0xff, 0xff, 0xff, 0xf8, 0xff,
    0xff, 0xff, 0xff, 0xff, 0xff, 0xff, 0xff, 0xff,
    0xff, 0xff, 0xff, 0x8f, 0xff, 0xff, 0xff, 0xff,
    0xff, 0xff, 0xff, 0xff, 0xff, 0xff, 0xff, 0xf8,
    0xff, 0xff, 0xff, 0xff, 0xff, 0xff, 0xff, 0xff,
    0xff, 0xff, 0xff, 0xff, 0x8f, 0xff, 0xff, 0xff,
    0xff, 0xff, 0xff, 0xff, 0xff, 0xff, 0xff, 0xff,
    0xf8, 0xff, 0xff, 0xff, 0xff, 0xff, 0xff, 0xff,
    0xff, 0xff, 0xff, 0xff, 0xff, 0x8f, 0xff, 0xff,
    0xff, 0xff, 0xff, 0xff, 0xff, 0xff, 0xff, 0xff,
    0xff, 0xf8, 0xff, 0xff, 0xff, 0xff, 0xff, 0xff,
    0xff, 0xff, 0xff, 0xff, 0xff, 0xff, 0x8f, 0xff,
    0xff, 0xff, 0xff, 0xff, 0xff, 0xff, 0xff, 0xff,
    0xff, 0xff, 0xf8, 0xff, 0xff, 0xff, 0xff, 0xff,
    0xff, 0xff, 0xff, 0xff, 0xff, 0xff, 0xff, 0x7a,
    0xff, 0xff, 0xff, 0xff, 0xff, 0xff, 0xff, 0xff,
    0xff, 0xff, 0xff, 0xf2, 0x1a, 0xef, 0xff, 0xff,
    0xff, 0xff, 0xff, 0xff, 0xff, 0xff, 0xff, 0xd5,
    0x0,

    /* U+F051 "" */
    0x5, 0x81, 0x0, 0x0, 0x0, 0x0, 0x0, 0x68,
    0x87, 0x5f, 0xfe, 0x20, 0x0, 0x0, 0x0, 0x0,
    0xef, 0xff, 0x7f, 0xff, 0xe3, 0x0, 0x0, 0x0,
    0x0, 0xff, 0xff, 0x8f, 0xff, 0xff, 0x40, 0x0,
    0x0, 0x0, 0xff, 0xff, 0x8f, 0xff, 0xff, 0xf5,
    0x0, 0x0, 0x0, 0xff, 0xff, 0x8f, 0xff, 0xff,
    0xff, 0x60, 0x0, 0x0, 0xff, 0xff, 0x8f, 0xff,
    0xff, 0xff, 0xf8, 0x0, 0x0, 0xff, 0xff, 0x8f,
    0xff, 0xff, 0xff, 0xff, 0x90, 0x0, 0xff, 0xff,
    0x8f, 0xff, 0xff, 0xff, 0xff, 0xfa, 0x0, 0xff,
    0xff, 0x8f, 0xff, 0xff, 0xff, 0xff, 0xff, 0xb0,
    0xff, 0xff, 0x8f, 0xff, 0xff, 0xff, 0xff, 0xff,
    0xfc, 0xff, 0xff, 0x8f, 0xff, 0xff, 0xff, 0xff,
    0xff, 0xff, 0xff, 0xff, 0x8f, 0xff, 0xff, 0xff,
    0xff, 0xff, 0xff, 0xff, 0xff, 0x8f, 0xff, 0xff,
    0xff, 0xff, 0xff, 0xff, 0xff, 0xff, 0x8f, 0xff,
    0xff, 0xff, 0xff, 0xff, 0xff, 0xff, 0xff, 0x8f,
    0xff, 0xff, 0xff, 0xff, 0xff, 0xe3, 0xff, 0xff,
    0x8f, 0xff, 0xff, 0xff, 0xff, 0xfe, 0x20, 0xff,
    0xff, 0x8f, 0xff, 0xff, 0xff, 0xff, 0xd2, 0x0,
    0xff, 0xff, 0x8f, 0xff, 0xff, 0xff, 0xfd, 0x10,
    0x0, 0xff, 0xff, 0x8f, 0xff, 0xff, 0xff, 0xc1,
    0x0, 0x0, 0xff, 0xff, 0x8f, 0xff, 0xff, 0xfb,
    0x0, 0x0, 0x0, 0xff, 0xff, 0x8f, 0xff, 0xff,
    0xa0, 0x0, 0x0, 0x0, 0xff, 0xff, 0x8f, 0xff,
    0xf9, 0x0, 0x0, 0x0, 0x0, 0xff, 0xff, 0x7f,
    0xff, 0x80, 0x0, 0x0, 0x0, 0x0, 0xff, 0xff,
    0x1c, 0xf6, 0x0, 0x0, 0x0, 0x0, 0x0, 0xcf,
    0xfd, 0x0, 0x0, 0x0, 0x0, 0x0, 0x0, 0x0,
    0x0, 0x0,

    /* U+F052 "" */
    0x0, 0x0, 0x0, 0x0, 0x0, 0x1, 0x9a, 0x50,
    0x0, 0x0, 0x0, 0x0, 0x0, 0x0, 0x0, 0x0,
    0x0, 0x0, 0x1e, 0xff, 0xf8, 0x0, 0x0, 0x0,
    0x0, 0x0, 0x0, 0x0, 0x0, 0x0, 0x1, 0xdf,
    0xff, 0xff, 0x60, 0x0, 0x0, 0x0, 0x0, 0x0,
    0x0, 0x0, 0x0, 0xc, 0xff, 0xff, 0xff, 0xf5,
    0x0, 0x0, 0x0, 0x0, 0x0, 0x0, 0x0, 0x0,
    0xbf, 0xff, 0xff, 0xff, 0xff, 0x40, 0x0, 0x0,
    0x0, 0x0, 0x0, 0x0, 0xa, 0xff, 0xff, 0xff,
    0xff, 0xff, 0xf3, 0x0, 0x0, 0x0, 0x0, 0x0,
    0x0, 0x9f, 0xff, 0xff, 0xff, 0xff, 0xff, 0xfe,
    0x20, 0x0, 0x0, 0x0, 0x0, 0x8, 0xff, 0xff,
    0xff, 0xff, 0xff, 0xff, 0xff, 0xe1, 0x0, 0x0,
    0x0, 0x0, 0x6f, 0xff, 0xff, 0xff, 0xff, 0xff,
    0xff, 0xff, 0xfd, 0x10, 0x0, 0x0, 0x5, 0xff,
    0xff, 0xff, 0xff, 0xff, 0xff, 0xff, 0xff, 0xff,
    0xc0, 0x0, 0x0, 0x4f, 0xff, 0xff, 0xff, 0xff,
    0xff, 0xff, 0xff, 0xff, 0xff, 0xfb, 0x0, 0x3,
    0xff, 0xff, 0xff, 0xff, 0xff, 0xff, 0xff, 0xff,
    0xff, 0xff, 0xff, 0xa0, 0xc, 0xff, 0xff, 0xff,
    0xff, 0xff, 0xff, 0xff, 0xff, 0xff, 0xff, 0xff,
    0xf5, 0xf, 0xff, 0xff, 0xff, 0xff, 0xff, 0xff,
    0xff, 0xff, 0xff, 0xff, 0xff, 0xf7, 0xa, 0xff,
    0xff, 0xff, 0xff, 0xff, 0xff, 0xff, 0xff, 0xff,
    0xff, 0xff, 0xf3, 0x1, 0xbf, 0xff, 0xff, 0xff,
    0xff, 0xff, 0xff, 0xff, 0xff, 0xff, 0xfe, 0x60,
    0x0, 0x0, 0x0, 0x0, 0x0, 0x0, 0x0, 0x0,
    0x0, 0x0, 0x0, 0x0, 0x0, 0x0, 0x0, 0x0,
    0x0, 0x0, 0x0, 0x0, 0x0, 0x0, 0x0, 0x0,
    0x0, 0x0, 0x6, 0xff, 0xff, 0xff, 0xff, 0xff,
    0xff, 0xff, 0xff, 0xff, 0xff, 0xff, 0xd1, 0xf,
    0xff, 0xff, 0xff, 0xff, 0xff, 0xff, 0xff, 0xff,
    0xff, 0xff, 0xff, 0xf7, 0xf, 0xff, 0xff, 0xff,
    0xff, 0xff, 0xff, 0xff, 0xff, 0xff, 0xff, 0xff,
    0xf8, 0xf, 0xff, 0xff, 0xff, 0xff, 0xff, 0xff,
    0xff, 0xff, 0xff, 0xff, 0xff, 0xf8, 0xf, 0xff,
    0xff, 0xff, 0xff, 0xff, 0xff, 0xff, 0xff, 0xff,
    0xff, 0xff, 0xf8, 0xe, 0xff, 0xff, 0xff, 0xff,
    0xff, 0xff, 0xff, 0xff, 0xff, 0xff, 0xff, 0xf6,
    0x5, 0xef, 0xff, 0xff, 0xff, 0xff, 0xff, 0xff,
    0xff, 0xff, 0xff, 0xff, 0xb0,

    /* U+F053 "" */
    0x0, 0x0, 0x0, 0x0, 0x0, 0x3, 0x93, 0x0,
    0x0, 0x0, 0x0, 0x0, 0x0, 0x4f, 0xff, 0x30,
    0x0, 0x0, 0x0, 0x0, 0x4, 0xff, 0xff, 0xe0,
    0x0, 0x0, 0x0, 0x0, 0x4f, 0xff, 0xff, 0xc0,
    0x0, 0x0, 0x0, 0x4, 0xff, 0xff, 0xfd, 0x10,
    0x0, 0x0, 0x0, 0x4f, 0xff, 0xff, 0xd1, 0x0,
    0x0, 0x0, 0x4, 0xff, 0xff, 0xfd, 0x10, 0x0,
    0x0, 0x0, 0x4f, 0xff, 0xff, 0xd1, 0x0, 0x0,
    0x0, 0x4, 0xff, 0xff, 0xfd, 0x10, 0x0, 0x0,
    0x0, 0x4f, 0xff, 0xff, 0xd1, 0x0, 0x0, 0x0,
    0x4, 0xff, 0xff, 0xfd, 0x10, 0x0, 0x0, 0x0,
    0x3f, 0xff, 0xff, 0xd1, 0x0, 0x0, 0x0, 0x0,
    0x7f, 0xff, 0xff, 0x70, 0x0, 0x0, 0x0, 0x0,
    0xb, 0xff, 0xff, 0xf6, 0x0, 0x0, 0x0, 0x0,
    0x0, 0xbf, 0xff, 0xff, 0x60, 0x0, 0x0, 0x0,
    0x0, 0xb, 0xff, 0xff, 0xf6, 0x0, 0x0, 0x0,
    0x0, 0x0, 0xbf, 0xff, 0xff, 0x60, 0x0, 0x0,
    0x0, 0x0, 0xb, 0xff, 0xff, 0xf6, 0x0, 0x0,
    0x0, 0x0, 0x0, 0xbf, 0xff, 0xff, 0x60, 0x0,
    0x0, 0x0, 0x0, 0xc, 0xff, 0xff, 0xf6, 0x0,
    0x0, 0x0, 0x0, 0x0, 0xcf, 0xff, 0xff, 0x60,
    0x0, 0x0, 0x0, 0x0, 0xc, 0xff, 0xff, 0xf0,
    0x0, 0x0, 0x0, 0x0, 0x0, 0xcf, 0xff, 0xa0,
    0x0, 0x0, 0x0, 0x0, 0x0, 0xb, 0xfa, 0x0,
    0x0, 0x0, 0x0, 0x0, 0x0, 0x0, 0x20, 0x0,

    /* U+F054 "" */
    0x0, 0x78, 0x0, 0x0, 0x0, 0x0, 0x0, 0x0,
    0xa, 0xff, 0xb0, 0x0, 0x0, 0x0, 0x0, 0x0,
    0x6f, 0xff, 0xfb, 0x0, 0x0, 0x0, 0x0, 0x0,
    0x4f, 0xff, 0xff, 0xb0, 0x0, 0x0, 0x0, 0x0,
    0x7, 0xff, 0xff, 0xfb, 0x0, 0x0, 0x0, 0x0,
    0x0, 0x7f, 0xff, 0xff, 0xb0, 0x0, 0x0, 0x0,
    0x0, 0x7, 0xff, 0xff, 0xfb, 0x0, 0x0, 0x0,
    0x0, 0x0, 0x7f, 0xff, 0xff, 0xb0, 0x0, 0x0,
    0x0, 0x0, 0x7, 0xff, 0xff, 0xfb, 0x0, 0x0,
    0x0, 0x0, 0x0, 0x7f, 0xff, 0xff, 0xb0, 0x0,
    0x0, 0x0, 0x0, 0x7, 0xff, 0xff, 0xfb, 0x0,
    0x0, 0x0, 0x0, 0x0, 0x7f, 0xff, 0xff, 0xa0,
    0x0, 0x0, 0x0, 0x0, 0x1e, 0xff, 0xff, 0xf0,
    0x0, 0x0, 0x0, 0x1, 0xcf, 0xff, 0xff, 0x50,
    0x0, 0x0, 0x0, 0x1c, 0xff, 0xff, 0xf5, 0x0,
    0x0, 0x0, 0x1, 0xcf, 0xff, 0xff, 0x50, 0x0,
    0x0, 0x0, 0x1c, 0xff, 0xff, 0xf5, 0x0, 0x0,
    0x0, 0x1, 0xcf, 0xff, 0xff, 0x50, 0x0, 0x0,
    0x0, 0x1c, 0xff, 0xff, 0xf5, 0x0, 0x0, 0x0,
    0x1, 0xdf, 0xff, 0xff, 0x50, 0x0, 0x0, 0x0,
    0x1d, 0xff, 0xff, 0xf5, 0x0, 0x0, 0x0, 0x0,
    0x7f, 0xff, 0xff, 0x50, 0x0, 0x0, 0x0, 0x0,
    0x2f, 0xff, 0xf5, 0x0, 0x0, 0x0, 0x0, 0x0,
    0x3, 0xff, 0x50, 0x0, 0x0, 0x0, 0x0, 0x0,
    0x0, 0x11, 0x0, 0x0, 0x0, 0x0, 0x0, 0x0,

    /* U+F067 "" */
    0x0, 0x0, 0x0, 0x0, 0x0, 0x5a, 0xa8, 0x10,
    0x0, 0x0, 0x0, 0x0, 0x0, 0x0, 0x0, 0x0,
    0x0, 0x3f, 0xff, 0xfb, 0x0, 0x0, 0x0, 0x0,
    0x0, 0x0, 0x0, 0x0, 0x0, 0x5, 0xff, 0xff,
    0xd0, 0x0, 0x0, 0x0, 0x0, 0x0, 0x0, 0x0,
    0x0, 0x0, 0x6f, 0xff, 0xfe, 0x0, 0x0, 0x0,
    0x0, 0x0, 0x0, 0x0, 0x0, 0x0, 0x6, 0xff,
    0xff, 0xe0, 0x0, 0x0, 0x0, 0x0, 0x0, 0x0,
    0x0, 0x0, 0x0, 0x6f, 0xff, 0xfe, 0x0, 0x0,
    0x0, 0x0, 0x0, 0x0, 0x0, 0x0, 0x0, 0x6,
    0xff, 0xff, 0xe0, 0x0, 0x0, 0x0, 0x0, 0x0,
    0x0, 0x0, 0x0, 0x0, 0x6f, 0xff, 0xfe, 0x0,
    0x0, 0x0, 0x0, 0x0, 0x0, 0x0, 0x0, 0x0,
    0x6, 0xff, 0xff, 0xe0, 0x0, 0x0, 0x0, 0x0,
    0x0, 0x0, 0x0, 0x0, 0x0, 0x6f, 0xff, 0xfe,
    0x0, 0x0, 0x0, 0x0, 0x0, 0x6f, 0xff, 0xff,
    0xff, 0xff, 0xff, 0xff, 0xff, 0xff, 0xff, 0xff,
    0xfc, 0x1f, 0xff, 0xff, 0xff, 0xff, 0xff, 0xff,
    0xff, 0xff, 0xff, 0xff, 0xff, 0xf7, 0xff, 0xff,
    0xff, 0xff, 0xff, 0xff, 0xff, 0xff, 0xff, 0xff,
    0xff, 0xff, 0x8f, 0xff, 0xff, 0xff, 0xff, 0xff,
    0xff, 0xff, 0xff, 0xff, 0xff, 0xff, 0xf7, 0x9f,
    0xff, 0xff, 0xff, 0xff, 0xff, 0xff, 0xff, 0xff,
    0xff, 0xff, 0xfe, 0x20, 0x23, 0x33, 0x33, 0x33,
    0x8f, 0xff, 0xfe, 0x33, 0x33, 0x33, 0x33, 0x10,
    0x0, 0x0, 0x0, 0x0, 0x6, 0xff, 0xff, 0xe0,
    0x0, 0x0, 0x0, 0x0, 0x0, 0x0, 0x0, 0x0,
    0x0, 0x6f, 0xff, 0xfe, 0x0, 0x0, 0x0, 0x0,
    0x0, 0x0, 0x0, 0x0, 0x0, 0x6, 0xff, 0xff,
    0xe0, 0x0, 0x0, 0x0, 0x0, 0x0, 0x0, 0x0,
    0x0, 0x0, 0x6f, 0xff, 0xfe, 0x0, 0x0, 0x0,
    0x0, 0x0, 0x0, 0x0, 0x0, 0x0, 0x6, 0xff,
    0xff, 0xe0, 0x0, 0x0, 0x0, 0x0, 0x0, 0x0,
    0x0, 0x0, 0x0, 0x6f, 0xff, 0xfe, 0x0, 0x0,
    0x0, 0x0, 0x0, 0x0, 0x0, 0x0, 0x0, 0x6,
    0xff, 0xff, 0xe0, 0x0, 0x0, 0x0, 0x0, 0x0,
    0x0, 0x0, 0x0, 0x0, 0x4f, 0xff, 0xfc, 0x0,
    0x0, 0x0, 0x0, 0x0, 0x0, 0x0, 0x0, 0x0,
    0x0, 0x8d, 0xdc, 0x30, 0x0, 0x0, 0x0, 0x0,
    0x0,

    /* U+F068 "" */
    0x1, 0x22, 0x22, 0x22, 0x22, 0x22, 0x22, 0x22,
    0x22, 0x22, 0x22, 0x10, 0x8, 0xff, 0xff, 0xff,
    0xff, 0xff, 0xff, 0xff, 0xff, 0xff, 0xff, 0xff,
    0xe1, 0xff, 0xff, 0xff, 0xff, 0xff, 0xff, 0xff,
    0xff, 0xff, 0xff, 0xff, 0xff, 0x7f, 0xff, 0xff,
    0xff, 0xff, 0xff, 0xff, 0xff, 0xff, 0xff, 0xff,
    0xff, 0xf8, 0xff, 0xff, 0xff, 0xff, 0xff, 0xff,
    0xff, 0xff, 0xff, 0xff, 0xff, 0xff, 0x77, 0xff,
    0xff, 0xff, 0xff, 0xff, 0xff, 0xff, 0xff, 0xff,
    0xff, 0xff, 0xe1, 0x1, 0x22, 0x22, 0x22, 0x22,
    0x22, 0x22, 0x22, 0x22, 0x22, 0x22, 0x10, 0x0,

    /* U+F06E "" */
    0x0, 0x0, 0x0, 0x0, 0x0, 0x26, 0xad, 0xef,
    0xfe, 0xc9, 0x50, 0x0, 0x0, 0x0, 0x0, 0x0,
    0x0, 0x0, 0x0, 0x0, 0x5c, 0xff, 0xff, 0xff,
    0xff, 0xff, 0xff, 0xa2, 0x0, 0x0, 0x0, 0x0,
    0x0, 0x0, 0x0, 0x3c, 0xff, 0xff, 0xff, 0xba,
    0xbd, 0xff, 0xff, 0xff, 0x91, 0x0, 0x0, 0x0,
    0x0, 0x0, 0x8, 0xff, 0xff, 0xfd, 0x50, 0x0,
    0x0, 0x18, 0xff, 0xff, 0xfe, 0x40, 0x0, 0x0,
    0x0, 0x0, 0xbf, 0xff, 0xff, 0xa0, 0x0, 0x0,
    0x0, 0x0, 0x3e, 0xff, 0xff, 0xf6, 0x0, 0x0,
    0x0, 0xc, 0xff, 0xff, 0xfb, 0x0, 0x0, 0x39,
    0x95, 0x0, 0x2, 0xef, 0xff, 0xff, 0x70, 0x0,
    0x0, 0xaf, 0xff, 0xff, 0xe0, 0x0, 0x0, 0x3f,
    0xff, 0xd2, 0x0, 0x5f, 0xff, 0xff, 0xf5, 0x0,
    0x7, 0xff, 0xff, 0xff, 0x70, 0x0, 0x0, 0x3f,
    0xff, 0xfe, 0x10, 0xd, 0xff, 0xff, 0xff, 0x20,
    0x2f, 0xff, 0xff, 0xff, 0x20, 0x0, 0x0, 0xaf,
    0xff, 0xff, 0x80, 0x8, 0xff, 0xff, 0xff, 0xc0,
    0xbf, 0xff, 0xff, 0xff, 0x0, 0x48, 0x6b, 0xff,
    0xff, 0xff, 0xd0, 0x5, 0xff, 0xff, 0xff, 0xf5,
    0xff, 0xff, 0xff, 0xfe, 0x0, 0x7f, 0xff, 0xff,
    0xff, 0xff, 0xf0, 0x4, 0xff, 0xff, 0xff, 0xf9,
    0xbf, 0xff, 0xff, 0xff, 0x0, 0x6f, 0xff, 0xff,
    0xff, 0xff, 0xe0, 0x5, 0xff, 0xff, 0xff, 0xf5,
    0x1f, 0xff, 0xff, 0xff, 0x20, 0x1f, 0xff, 0xff,
    0xff, 0xff, 0x90, 0x8, 0xff, 0xff, 0xff, 0xc0,
    0x6, 0xff, 0xff, 0xff, 0x70, 0x8, 0xff, 0xff,
    0xff, 0xff, 0x20, 0xd, 0xff, 0xff, 0xff, 0x20,
    0x0, 0xaf, 0xff, 0xff, 0xe0, 0x0, 0xaf, 0xff,
    0xff, 0xf4, 0x0, 0x5f, 0xff, 0xff, 0xf5, 0x0,
    0x0, 0xb, 0xff, 0xff, 0xfb, 0x0, 0x4, 0xad,
    0xc8, 0x10, 0x2, 0xef, 0xff, 0xff, 0x70, 0x0,
    0x0, 0x0, 0xbf, 0xff, 0xff, 0xa0, 0x0, 0x0,
    0x0, 0x0, 0x3e, 0xff, 0xff, 0xf6, 0x0, 0x0,
    0x0, 0x0, 0x7, 0xff, 0xff, 0xfd, 0x50, 0x0,
    0x0, 0x18, 0xff, 0xff, 0xfe, 0x40, 0x0, 0x0,
    0x0, 0x0, 0x0, 0x3c, 0xff, 0xff, 0xff, 0xba,
    0xac, 0xff, 0xff, 0xff, 0x91, 0x0, 0x0, 0x0,
    0x0, 0x0, 0x0, 0x0, 0x4c, 0xff, 0xff, 0xff,
    0xff, 0xff, 0xff, 0xa2, 0x0, 0x0, 0x0, 0x0,
    0x0, 0x0, 0x0, 0x0, 0x0, 0x26, 0xad, 0xff,
    0xfe, 0xc9, 0x50, 0x0, 0x0, 0x0, 0x0, 0x0,

    /* U+F070 "" */
    0x4, 0x40, 0x0, 0x0, 0x0, 0x0, 0x0, 0x0,
    0x0, 0x0, 0x0, 0x0, 0x0, 0x0, 0x0, 0x0,
    0x0, 0x4, 0xff, 0x80, 0x0, 0x0, 0x0, 0x0,
    0x0, 0x0, 0x0, 0x0, 0x0, 0x0, 0x0, 0x0,
    0x0, 0x0, 0x0, 0xef, 0xff, 0xc1, 0x0, 0x0,
    0x0, 0x0, 0x0, 0x0, 0x0, 0x0, 0x0, 0x0,
    0x0, 0x0, 0x0, 0x0, 0x8, 0xff, 0xff, 0xe3,
    0x0, 0x0, 0x0, 0x0, 0x0, 0x0, 0x0, 0x0,
    0x0, 0x0, 0x0, 0x0, 0x0, 0x0, 0x5, 0xff,
    0xff, 0xf7, 0x0, 0x0, 0x26, 0xad, 0xff, 0xed,
    0xb7, 0x30, 0x0, 0x0, 0x0, 0x0, 0x0, 0x0,
    0x2, 0xdf, 0xff, 0xfa, 0x16, 0xdf, 0xff, 0xff,
    0xff, 0xff, 0xff, 0xd7, 0x0, 0x0, 0x0, 0x0,
    0x0, 0x0, 0x0, 0xaf, 0xff, 0xff, 0xff, 0xff,
    0xff, 0xba, 0xbe, 0xff, 0xff, 0xfe, 0x60, 0x0,
    0x0, 0x0, 0x0, 0x0, 0x0, 0x7f, 0xff, 0xff,
    0xff, 0xc5, 0x0, 0x0, 0x3, 0xbf, 0xff, 0xff,
    0xb1, 0x0, 0x0, 0x0, 0x0, 0x0, 0x0, 0x3e,
    0xff, 0xff, 0xd0, 0x0, 0x0, 0x0, 0x0, 0x7f,
    0xff, 0xff, 0xe2, 0x0, 0x0, 0x0, 0x0, 0x0,
    0x0, 0x1b, 0xff, 0xff, 0xc1, 0x6, 0xba, 0x50,
    0x0, 0x7f, 0xff, 0xff, 0xe2, 0x0, 0x0, 0x0,
    0x0, 0x0, 0x0, 0x8, 0xff, 0xff, 0xe4, 0x7f,
    0xff, 0xc1, 0x0, 0xbf, 0xff, 0xff, 0xd1, 0x0,
    0x0, 0x0, 0xad, 0x20, 0x0, 0x4, 0xff, 0xff,
    0xfc, 0xff, 0xff, 0xc0, 0x3, 0xff, 0xff, 0xff,
    0xb0, 0x0, 0x0, 0x5f, 0xff, 0x50, 0x0, 0x2,
    0xdf, 0xff, 0xff, 0xff, 0xff, 0x50, 0xe, 0xff,
    0xff, 0xff, 0x50, 0x0, 0xe, 0xff, 0xff, 0x90,
    0x0, 0x0, 0xaf, 0xff, 0xff, 0xff, 0xfa, 0x0,
    0xbf, 0xff, 0xff, 0xfe, 0x0, 0x2, 0xff, 0xff,
    0xff, 0xc2, 0x0, 0x0, 0x6f, 0xff, 0xff, 0xff,
    0xb0, 0xa, 0xff, 0xff, 0xff, 0xf2, 0x0, 0xe,
    0xff, 0xff, 0xff, 0xc0, 0x0, 0x0, 0x3e, 0xff,
    0xff, 0xfa, 0x0, 0xcf, 0xff, 0xff, 0xfe, 0x0,
    0x0, 0x5f, 0xff, 0xff, 0xff, 0x0, 0x0, 0x0,
    0x1b, 0xff, 0xff, 0xd2, 0xe, 0xff, 0xff, 0xff,
    0x50, 0x0, 0x0, 0xbf, 0xff, 0xff, 0xf4, 0x0,
    0x0, 0x0, 0x7, 0xff, 0xff, 0xf9, 0xff, 0xff,
    0xff, 0x90, 0x0, 0x0, 0x0, 0xdf, 0xff, 0xff,
    0xc0, 0x0, 0x0, 0x0, 0x4, 0xef, 0xff, 0xff,
    0xff, 0xff, 0xc0, 0x0, 0x0, 0x0, 0x2, 0xef,
    0xff, 0xff, 0x80, 0x0, 0x0, 0x0, 0x1, 0xcf,
    0xff, 0xff, 0xff, 0xe1, 0x0, 0x0, 0x0, 0x0,
    0x2, 0xdf, 0xff, 0xff, 0x70, 0x0, 0x0, 0x0,
    0x0, 0x9f, 0xff, 0xff, 0xe2, 0x0, 0x0, 0x0,
    0x0, 0x0, 0x1, 0xbf, 0xff, 0xff, 0xc4, 0x0,
    0x0, 0x0, 0x0, 0x5f, 0xff, 0xff, 0x60, 0x0,
    0x0, 0x0, 0x0, 0x0, 0x0, 0x6e, 0xff, 0xff,
    0xfe, 0xba, 0xb5, 0x0, 0x0, 0x2d, 0xff, 0xff,
    0xa0, 0x0, 0x0, 0x0, 0x0, 0x0, 0x0, 0x7,
    0xdf, 0xff, 0xff, 0xff, 0xf8, 0x0, 0x0, 0xa,
    0xff, 0xff, 0xd2, 0x0, 0x0, 0x0, 0x0, 0x0,
    0x0, 0x0, 0x37, 0xbd, 0xef, 0xfd, 0xb4, 0x0,
    0x0, 0x7, 0xff, 0xff, 0xf5, 0x0, 0x0, 0x0,
    0x0, 0x0, 0x0, 0x0, 0x0, 0x0, 0x0, 0x0,
    0x0, 0x0, 0x0, 0x3, 0xef, 0xff, 0xf8, 0x0,
    0x0, 0x0, 0x0, 0x0, 0x0, 0x0, 0x0, 0x0,
    0x0, 0x0, 0x0, 0x0, 0x0, 0x1, 0xcf, 0xff,
    0xe0, 0x0, 0x0, 0x0, 0x0, 0x0, 0x0, 0x0,
    0x0, 0x0, 0x0, 0x0, 0x0, 0x0, 0x0, 0x0,
    0x8f, 0xf4, 0x0, 0x0, 0x0, 0x0, 0x0, 0x0,
    0x0, 0x0, 0x0, 0x0, 0x0, 0x0, 0x0, 0x0,
    0x0, 0x0, 0x44, 0x0,

    /* U+F071 "" */
    0x0, 0x0, 0x0, 0x0, 0x0, 0x0, 0x0, 0x4,
    0x87, 0x10, 0x0, 0x0, 0x0, 0x0, 0x0, 0x0,
    0x0, 0x0, 0x0, 0x0, 0x0, 0x0, 0x0, 0x5,
    0xff, 0xfd, 0x0, 0x0, 0x0, 0x0, 0x0, 0x0,
    0x0, 0x0, 0x0, 0x0, 0x0, 0x0, 0x0, 0x1,
    0xef, 0xff, 0xf7, 0x0, 0x0, 0x0, 0x0, 0x0,
    0x0, 0x0, 0x0, 0x0, 0x0, 0x0, 0x0, 0x0,
    0x8f, 0xff, 0xff, 0xf1, 0x0, 0x0, 0x0, 0x0,
    0x0, 0x0, 0x0, 0x0, 0x0, 0x0, 0x0, 0x0,
    0x2f, 0xff, 0xff, 0xff, 0xa0, 0x0, 0x0, 0x0,
    0x0, 0x0, 0x0, 0x0, 0x0, 0x0, 0x0, 0x0,
    0xb, 0xff, 0xff, 0xff, 0xff, 0x30, 0x0, 0x0,
    0x0, 0x0, 0x0, 0x0, 0x0, 0x0, 0x0, 0x0,
    0x4, 0xff, 0xff, 0xff, 0xff, 0xfc, 0x0, 0x0,
    0x0, 0x0, 0x0, 0x0, 0x0, 0x0, 0x0, 0x0,
    0x0, 0xdf, 0xff, 0xff, 0xff, 0xff, 0xf5, 0x0,
    0x0, 0x0, 0x0, 0x0, 0x0, 0x0, 0x0, 0x0,
    0x0, 0x6f, 0xff, 0xff, 0xff, 0xff, 0xff, 0xe0,
    0x0, 0x0, 0x0, 0x0, 0x0, 0x0, 0x0, 0x0,
    0x0, 0x1e, 0xff, 0xff, 0xff, 0xff, 0xff, 0xff,
    0x80, 0x0, 0x0, 0x0, 0x0, 0x0, 0x0, 0x0,
    0x0, 0x9, 0xff, 0xff, 0x80, 0x0, 0x1e, 0xff,
    0xff, 0x10, 0x0, 0x0, 0x0, 0x0, 0x0, 0x0,
    0x0, 0x2, 0xff, 0xff, 0xf6, 0x0, 0x0, 0xef,
    0xff, 0xfa, 0x0, 0x0, 0x0, 0x0, 0x0, 0x0,
    0x0, 0x0, 0xbf, 0xff, 0xff, 0x70, 0x0, 0xf,
    0xff, 0xff, 0xf3, 0x0, 0x0, 0x0, 0x0, 0x0,
    0x0, 0x0, 0x4f, 0xff, 0xff, 0xf8, 0x0, 0x0,
    0xff, 0xff, 0xff, 0xc0, 0x0, 0x0, 0x0, 0x0,
    0x0, 0x0, 0xd, 0xff, 0xff, 0xff, 0x80, 0x0,
    0xf, 0xff, 0xff, 0xff, 0x50, 0x0, 0x0, 0x0,
    0x0, 0x0, 0x7, 0xff, 0xff, 0xff, 0xf9, 0x0,
    0x1, 0xff, 0xff, 0xff, 0xfe, 0x0, 0x0, 0x0,
    0x0, 0x0, 0x1, 0xff, 0xff, 0xff, 0xff, 0xa0,
    0x0, 0x2f, 0xff, 0xff, 0xff, 0xf8, 0x0, 0x0,
    0x0, 0x0, 0x0, 0x9f, 0xff, 0xff, 0xff, 0xfb,
    0x0, 0x3, 0xff, 0xff, 0xff, 0xff, 0xf2, 0x0,
    0x0, 0x0, 0x0, 0x2f, 0xff, 0xff, 0xff, 0xff,
    0xd1, 0x0, 0x6f, 0xff, 0xff, 0xff, 0xff, 0xa0,
    0x0, 0x0, 0x0, 0xb, 0xff, 0xff, 0xff, 0xff,
    0xff, 0xff, 0xff, 0xff, 0xff, 0xff, 0xff, 0xff,
    0x30, 0x0, 0x0, 0x5, 0xff, 0xff, 0xff, 0xff,
    0xff, 0xf5, 0x1, 0xbf, 0xff, 0xff, 0xff, 0xff,
    0xfc, 0x0, 0x0, 0x0, 0xdf, 0xff, 0xff, 0xff,
    0xff, 0xf7, 0x0, 0x0, 0xef, 0xff, 0xff, 0xff,
    0xff, 0xf6, 0x0, 0x0, 0x7f, 0xff, 0xff, 0xff,
    0xff, 0xff, 0x40, 0x0, 0xc, 0xff, 0xff, 0xff,
    0xff, 0xff, 0xe0, 0x0, 0x1f, 0xff, 0xff, 0xff,
    0xff, 0xff, 0xf8, 0x0, 0x1, 0xff, 0xff, 0xff,
    0xff, 0xff, 0xff, 0x80, 0x9, 0xff, 0xff, 0xff,
    0xff, 0xff, 0xff, 0xf6, 0x13, 0xcf, 0xff, 0xff,
    0xff, 0xff, 0xff, 0xff, 0x10, 0xff, 0xff, 0xff,
    0xff, 0xff, 0xff, 0xff, 0xff, 0xff, 0xff, 0xff,
    0xff, 0xff, 0xff, 0xff, 0xf7, 0xe, 0xff, 0xff,
    0xff, 0xff, 0xff, 0xff, 0xff, 0xff, 0xff, 0xff,
    0xff, 0xff, 0xff, 0xff, 0xff, 0x60, 0x7f, 0xff,
    0xff, 0xff, 0xff, 0xff, 0xff, 0xff, 0xff, 0xff,
    0xff, 0xff, 0xff, 0xff, 0xff, 0xe0, 0x0, 0x48,
    0x99, 0x99, 0x99, 0x99, 0x99, 0x99, 0x99, 0x99,
    0x99, 0x99, 0x99, 0x99, 0x98, 0x71, 0x0,

    /* U+F074 "" */
    0x0, 0x0, 0x0, 0x0, 0x0, 0x0, 0x0, 0x0,
    0x0, 0x0, 0x6, 0xa2, 0x0, 0x0, 0x0, 0x0,
    0x0, 0x0, 0x0, 0x0, 0x0, 0x0, 0x0, 0x0,
    0xf, 0xfe, 0x30, 0x0, 0x0, 0x0, 0x0, 0x0,
    0x0, 0x0, 0x0, 0x0, 0x0, 0x0, 0xf, 0xff,
    0xe3, 0x0, 0x24, 0x44, 0x44, 0x30, 0x0, 0x0,
    0x0, 0x0, 0x2, 0x44, 0x4f, 0xff, 0xfe, 0x30,
    0xff, 0xff, 0xff, 0xfb, 0x0, 0x0, 0x0, 0x0,
    0x3f, 0xff, 0xff, 0xff, 0xff, 0xe3, 0xff, 0xff,
    0xff, 0xff, 0xa0, 0x0, 0x0, 0x3, 0xff, 0xff,
    0xff, 0xff, 0xff, 0xfd, 0xff, 0xff, 0xff, 0xff,
    0xf9, 0x0, 0x0, 0x2e, 0xff, 0xff, 0xff, 0xff,
    0xff, 0xfd, 0xff, 0xff, 0xff, 0xff, 0xff, 0x80,
    0x1, 0xef, 0xff, 0xff, 0xff, 0xff, 0xff, 0xd1,
    0x12, 0x22, 0x26, 0xff, 0xff, 0xa0, 0x1d, 0xff,
    0xff, 0xd2, 0x2f, 0xff, 0xfd, 0x10, 0x0, 0x0,
    0x0, 0x7f, 0xfb, 0x0, 0xcf, 0xff, 0xfd, 0x10,
    0xf, 0xff, 0xd1, 0x0, 0x0, 0x0, 0x0, 0x8,
    0xc0, 0xc, 0xff, 0xff, 0xe2, 0x0, 0xe, 0xfd,
    0x10, 0x0, 0x0, 0x0, 0x0, 0x0, 0x0, 0xbf,
    0xff, 0xfe, 0x20, 0x0, 0x4, 0x81, 0x0, 0x0,
    0x0, 0x0, 0x0, 0x0, 0xa, 0xff, 0xff, 0xf3,
    0x0, 0x0, 0x0, 0x0, 0x0, 0x0, 0x0, 0x0,
    0x0, 0x0, 0x9f, 0xff, 0xff, 0x40, 0x0, 0x0,
    0x4, 0x81, 0x0, 0x0, 0x0, 0x0, 0x0, 0x8,
    0xff, 0xff, 0xf5, 0x5, 0xe2, 0x0, 0xe, 0xfd,
    0x10, 0x0, 0x0, 0x0, 0x0, 0x7f, 0xff, 0xff,
    0x60, 0x4f, 0xfd, 0x10, 0xf, 0xff, 0xd1, 0x0,
    0x12, 0x22, 0x26, 0xff, 0xff, 0xf7, 0x3, 0xff,
    0xff, 0xd2, 0x2f, 0xff, 0xfd, 0x10, 0xff, 0xff,
    0xff, 0xff, 0xff, 0x80, 0x1, 0xef, 0xff, 0xff,
    0xff, 0xff, 0xff, 0xd1, 0xff, 0xff, 0xff, 0xff,
    0xf9, 0x0, 0x0, 0x2e, 0xff, 0xff, 0xff, 0xff,
    0xff, 0xfd, 0xff, 0xff, 0xff, 0xff, 0xa0, 0x0,
    0x0, 0x3, 0xff, 0xff, 0xff, 0xff, 0xff, 0xfd,
    0xff, 0xff, 0xff, 0xfb, 0x0, 0x0, 0x0, 0x0,
    0x3f, 0xff, 0xff, 0xff, 0xff, 0xe2, 0x24, 0x44,
    0x44, 0x30, 0x0, 0x0, 0x0, 0x0, 0x2, 0x44,
    0x4f, 0xff, 0xfe, 0x30, 0x0, 0x0, 0x0, 0x0,
    0x0, 0x0, 0x0, 0x0, 0x0, 0x0, 0xf, 0xff,
    0xe3, 0x0, 0x0, 0x0, 0x0, 0x0, 0x0, 0x0,
    0x0, 0x0, 0x0, 0x0, 0xf, 0xfe, 0x30, 0x0,
    0x0, 0x0, 0x0, 0x0, 0x0, 0x0, 0x0, 0x0,
    0x0, 0x0, 0x6, 0xa2, 0x0, 0x0,

    /* U+F077 "" */
    0x0, 0x0, 0x0, 0x0, 0x0, 0x7, 0xb2, 0x0,
    0x0, 0x0, 0x0, 0x0, 0x0, 0x0, 0x0, 0x0,
    0x0, 0x8, 0xff, 0xe2, 0x0, 0x0, 0x0, 0x0,
    0x0, 0x0, 0x0, 0x0, 0x0, 0x8, 0xff, 0xff,
    0xe2, 0x0, 0x0, 0x0, 0x0, 0x0, 0x0, 0x0,
    0x0, 0x8, 0xff, 0xff, 0xff, 0xe2, 0x0, 0x0,
    0x0, 0x0, 0x0, 0x0, 0x0, 0x8, 0xff, 0xff,
    0xff, 0xff, 0xe2, 0x0, 0x0, 0x0, 0x0, 0x0,
    0x0, 0x8, 0xff, 0xff, 0xff, 0xff, 0xff, 0xe2,
    0x0, 0x0, 0x0, 0x0, 0x0, 0x8, 0xff, 0xff,
    0xfa, 0x3f, 0xff, 0xff, 0xe2, 0x0, 0x0, 0x0,
    0x0, 0x8, 0xff, 0xff, 0xfa, 0x0, 0x3f, 0xff,
    0xff, 0xe2, 0x0, 0x0, 0x0, 0x8, 0xff, 0xff,
    0xfa, 0x0, 0x0, 0x3f, 0xff, 0xff, 0xe2, 0x0,
    0x0, 0x8, 0xff, 0xff, 0xfa, 0x0, 0x0, 0x0,
    0x3f, 0xff, 0xff, 0xe2, 0x0, 0x8, 0xff, 0xff,
    0xfa, 0x0, 0x0, 0x0, 0x0, 0x3f, 0xff, 0xff,
    0xe2, 0x6, 0xff, 0xff, 0xfa, 0x0, 0x0, 0x0,
    0x0, 0x0, 0x3f, 0xff, 0xff, 0xe0, 0x9f, 0xff,
    0xfa, 0x0, 0x0, 0x0, 0x0, 0x0, 0x0, 0x3f,
    0xff, 0xff, 0x11, 0xdf, 0xfa, 0x0, 0x0, 0x0,
    0x0, 0x0, 0x0, 0x0, 0x3f, 0xff, 0x60, 0x1,
    0xa8, 0x0, 0x0, 0x0, 0x0, 0x0, 0x0, 0x0,
    0x0, 0x3b, 0x50, 0x0,

    /* U+F078 "" */
    0x1, 0xa8, 0x0, 0x0, 0x0, 0x0, 0x0, 0x0,
    0x0, 0x0, 0x3b, 0x50, 0x1, 0xdf, 0xfa, 0x0,
    0x0, 0x0, 0x0, 0x0, 0x0, 0x0, 0x3f, 0xff,
    0x60, 0x9f, 0xff, 0xfa, 0x0, 0x0, 0x0, 0x0,
    0x0, 0x0, 0x3f, 0xff, 0xff, 0x16, 0xff, 0xff,
    0xfa, 0x0, 0x0, 0x0, 0x0, 0x0, 0x3f, 0xff,
    0xff, 0xd0, 0x8, 0xff, 0xff, 0xfa, 0x0, 0x0,
    0x0, 0x0, 0x3f, 0xff, 0xff, 0xe2, 0x0, 0x8,
    0xff, 0xff, 0xfa, 0x0, 0x0, 0x0, 0x3f, 0xff,
    0xff, 0xe2, 0x0, 0x0, 0x8, 0xff, 0xff, 0xfa,
    0x0, 0x0, 0x3f, 0xff, 0xff, 0xe2, 0x0, 0x0,
    0x0, 0x8, 0xff, 0xff, 0xfa, 0x0, 0x3f, 0xff,
    0xff, 0xe2, 0x0, 0x0, 0x0, 0x0, 0x8, 0xff,
    0xff, 0xfa, 0x3f, 0xff, 0xff, 0xe2, 0x0, 0x0,
    0x0, 0x0, 0x0, 0x8, 0xff, 0xff, 0xff, 0xff,
    0xff, 0xe2, 0x0, 0x0, 0x0, 0x0, 0x0, 0x0,
    0x8, 0xff, 0xff, 0xff, 0xff, 0xe2, 0x0, 0x0,
    0x0, 0x0, 0x0, 0x0, 0x0, 0x8, 0xff, 0xff,
    0xff, 0xe2, 0x0, 0x0, 0x0, 0x0, 0x0, 0x0,
    0x0, 0x0, 0x8, 0xff, 0xff, 0xe2, 0x0, 0x0,
    0x0, 0x0, 0x0, 0x0, 0x0, 0x0, 0x0, 0x8,
    0xff, 0xe2, 0x0, 0x0, 0x0, 0x0, 0x0, 0x0,
    0x0, 0x0, 0x0, 0x0, 0x6, 0xa2, 0x0, 0x0,
    0x0, 0x0, 0x0, 0x0,

    /* U+F079 "" */
    0x0, 0x0, 0x0, 0x42, 0x0, 0x0, 0x0, 0x0,
    0x0, 0x0, 0x0, 0x0, 0x0, 0x0, 0x0, 0x0,
    0x0, 0x0, 0x0, 0x0, 0x9f, 0xf4, 0x0, 0x0,
    0x0, 0x0, 0x0, 0x0, 0x0, 0x0, 0x0, 0x0,
    0x0, 0x0, 0x0, 0x0, 0x0, 0x9f, 0xff, 0xf4,
    0x0, 0x0, 0x57, 0x77, 0x77, 0x77, 0x77, 0x77,
    0x77, 0x60, 0x0, 0x0, 0x0, 0x0, 0x9f, 0xff,
    0xff, 0xf4, 0x0, 0x4f, 0xff, 0xff, 0xff, 0xff,
    0xff, 0xff, 0xff, 0x70, 0x0, 0x0, 0x0, 0x9f,
    0xff, 0xff, 0xff, 0xf4, 0x2, 0xff, 0xff, 0xff,
    0xff, 0xff, 0xff, 0xff, 0xf9, 0x0, 0x0, 0x0,
    0x9f, 0xff, 0xff, 0xff, 0xff, 0xf4, 0x4, 0xff,
    0xff, 0xff, 0xff, 0xff, 0xff, 0xff, 0x90, 0x0,
    0x0, 0x9f, 0xff, 0xff, 0xff, 0xef, 0xff, 0xf4,
    0x0, 0x0, 0x0, 0x0, 0x0, 0x0, 0xef, 0xf9,
    0x0, 0x0, 0xf, 0xff, 0xf4, 0xef, 0xf9, 0x9f,
    0xff, 0x90, 0x0, 0x0, 0x0, 0x0, 0x0, 0xe,
    0xff, 0x90, 0x0, 0x0, 0x7f, 0xf5, 0xe, 0xff,
    0x90, 0xaf, 0xe2, 0x0, 0x0, 0x0, 0x0, 0x0,
    0x0, 0xef, 0xf9, 0x0, 0x0, 0x0, 0x32, 0x0,
    0xef, 0xf9, 0x0, 0x41, 0x0, 0x0, 0x0, 0x0,
    0x0, 0x0, 0xe, 0xff, 0x90, 0x0, 0x0, 0x0,
    0x0, 0xe, 0xff, 0x90, 0x0, 0x0, 0x0, 0x0,
    0x0, 0x0, 0x0, 0x0, 0xef, 0xf9, 0x0, 0x0,
    0x0, 0x0, 0x0, 0xef, 0xf9, 0x0, 0x0, 0x0,
    0x0, 0x0, 0x0, 0x0, 0x0, 0xe, 0xff, 0x90,
    0x0, 0x0, 0x0, 0x0, 0xe, 0xff, 0x90, 0x0,
    0x0, 0x0, 0x0, 0x0, 0x0, 0x0, 0x0, 0xef,
    0xf9, 0x0, 0x0, 0x0, 0x0, 0x0, 0xef, 0xf9,
    0x0, 0x0, 0x0, 0x0, 0x0, 0x0, 0x19, 0x80,
    0xe, 0xff, 0x90, 0x2a, 0x70, 0x0, 0x0, 0xe,
    0xff, 0x90, 0x0, 0x0, 0x0, 0x0, 0x0, 0xc,
    0xff, 0xa0, 0xef, 0xf9, 0x2e, 0xff, 0x60, 0x0,
    0x0, 0xef, 0xf9, 0x0, 0x0, 0x0, 0x0, 0x0,
    0x0, 0xef, 0xff, 0x9e, 0xff, 0xad, 0xff, 0xf9,
    0x0, 0x0, 0xe, 0xff, 0xc7, 0x77, 0x77, 0x77,
    0x77, 0x73, 0x4, 0xff, 0xff, 0xff, 0xff, 0xff,
    0xfc, 0x10, 0x0, 0x0, 0xef, 0xff, 0xff, 0xff,
    0xff, 0xff, 0xff, 0xf5, 0x4, 0xff, 0xff, 0xff,
    0xff, 0xfc, 0x10, 0x0, 0x0, 0xe, 0xff, 0xff,
    0xff, 0xff, 0xff, 0xff, 0xff, 0xf0, 0x4, 0xff,
    0xff, 0xff, 0xfc, 0x10, 0x0, 0x0, 0x0, 0x9f,
    0xff, 0xff, 0xff, 0xff, 0xff, 0xff, 0xfa, 0x0,
    0x3, 0xff, 0xff, 0xfc, 0x10, 0x0, 0x0, 0x0,
    0x0, 0x0, 0x0, 0x0, 0x0, 0x0, 0x0, 0x0,
    0x0, 0x0, 0x3, 0xff, 0xfc, 0x10, 0x0, 0x0,
    0x0, 0x0, 0x0, 0x0, 0x0, 0x0, 0x0, 0x0,
    0x0, 0x0, 0x0, 0x0, 0x3, 0xdb, 0x0, 0x0,
    0x0,

    /* U+F07B "" */
    0x1b, 0xff, 0xff, 0xff, 0xff, 0xfc, 0x10, 0x0,
    0x0, 0x0, 0x0, 0x0, 0x0, 0x0, 0xbf, 0xff,
    0xff, 0xff, 0xff, 0xff, 0xc1, 0x0, 0x0, 0x0,
    0x0, 0x0, 0x0, 0x0, 0xff, 0xff, 0xff, 0xff,
    0xff, 0xff, 0xfc, 0x10, 0x0, 0x0, 0x0, 0x0,
    0x0, 0x0, 0xff, 0xff, 0xff, 0xff, 0xff, 0xff,
    0xff, 0xc8, 0x88, 0x88, 0x88, 0x88, 0x87, 0x30,
    0xff, 0xff, 0xff, 0xff, 0xff, 0xff, 0xff, 0xff,
    0xff, 0xff, 0xff, 0xff, 0xff, 0xf5, 0xff, 0xff,
    0xff, 0xff, 0xff, 0xff, 0xff, 0xff, 0xff, 0xff,
    0xff, 0xff, 0xff, 0xfe, 0xff, 0xff, 0xff, 0xff,
    0xff, 0xff, 0xff, 0xff, 0xff, 0xff, 0xff, 0xff,
    0xff, 0xff, 0xff, 0xff, 0xff, 0xff, 0xff, 0xff,
    0xff, 0xff, 0xff, 0xff, 0xff, 0xff, 0xff, 0xff,
    0xff, 0xff, 0xff, 0xff, 0xff, 0xff, 0xff, 0xff,
    0xff, 0xff, 0xff, 0xff, 0xff, 0xff, 0xff, 0xff,
    0xff, 0xff, 0xff, 0xff, 0xff, 0xff, 0xff, 0xff,
    0xff, 0xff, 0xff, 0xff, 0xff, 0xff, 0xff, 0xff,
    0xff, 0xff, 0xff, 0xff, 0xff, 0xff, 0xff, 0xff,
    0xff, 0xff, 0xff, 0xff, 0xff, 0xff, 0xff, 0xff,
    0xff, 0xff, 0xff, 0xff, 0xff, 0xff, 0xff, 0xff,
    0xff, 0xff, 0xff, 0xff, 0xff, 0xff, 0xff, 0xff,
    0xff, 0xff, 0xff, 0xff, 0xff, 0xff, 0xff, 0xff,
    0xff, 0xff, 0xff, 0xff, 0xff, 0xff, 0xff, 0xff,
    0xff, 0xff, 0xff, 0xff, 0xff, 0xff, 0xff, 0xff,
    0xff, 0xff, 0xff, 0xff, 0xff, 0xff, 0xff, 0xff,
    0xff, 0xff, 0xff, 0xff, 0xff, 0xff, 0xff, 0xff,
    0xff, 0xff, 0xff, 0xff, 0xff, 0xff, 0xff, 0xff,
    0xff, 0xff, 0xff, 0xff, 0xff, 0xff, 0xff, 0xff,
    0xff, 0xff, 0xff, 0xff, 0xff, 0xff, 0xff, 0xff,
    0xff, 0xff, 0xff, 0xff, 0xff, 0xff, 0xff, 0xff,
    0xff, 0xff, 0xff, 0xff, 0xff, 0xff, 0xff, 0xff,
    0xff, 0xff, 0xff, 0xff, 0xff, 0xff, 0xff, 0xff,
    0xff, 0xff, 0xbf, 0xff, 0xff, 0xff, 0xff, 0xff,
    0xff, 0xff, 0xff, 0xff, 0xff, 0xff, 0xff, 0xfb,
    0x1b, 0xff, 0xff, 0xff, 0xff, 0xff, 0xff, 0xff,
    0xff, 0xff, 0xff, 0xff, 0xff, 0xb1,

    /* U+F091 "" */
    0x0, 0x0, 0x0, 0x3, 0x78, 0x88, 0x88, 0x88,
    0x88, 0x88, 0x88, 0x86, 0x0, 0x0, 0x0, 0x0,
    0x0, 0x0, 0x0, 0xe, 0xff, 0xff, 0xff, 0xff,
    0xff, 0xff, 0xff, 0xff, 0x60, 0x0, 0x0, 0x0,
    0x0, 0x0, 0x0, 0xf, 0xff, 0xff, 0xff, 0xff,
    0xff, 0xff, 0xff, 0xff, 0x80, 0x0, 0x0, 0x0,
    0x0, 0x0, 0x0, 0xf, 0xff, 0xff, 0xff, 0xff,
    0xff, 0xff, 0xff, 0xff, 0x80, 0x0, 0x0, 0x0,
    0x9f, 0xff, 0xff, 0xff, 0xff, 0xff, 0xff, 0xff,
    0xff, 0xff, 0xff, 0xff, 0xff, 0xff, 0xff, 0xe3,
    0xff, 0xff, 0xff, 0xff, 0xff, 0xff, 0xff, 0xff,
    0xff, 0xff, 0xff, 0xff, 0xff, 0xff, 0xff, 0xf7,
    0xff, 0xff, 0xff, 0xff, 0xff, 0xff, 0xff, 0xff,
    0xff, 0xff, 0xff, 0xff, 0xff, 0xff, 0xff, 0xf8,
    0xff, 0xfc, 0x88, 0x8f, 0xff, 0xff, 0xff, 0xff,
    0xff, 0xff, 0xff, 0xff, 0xb8, 0x88, 0xff, 0xf8,
    0xff, 0xf8, 0x0, 0xe, 0xff, 0xff, 0xff, 0xff,
    0xff, 0xff, 0xff, 0xff, 0x60, 0x0, 0xff, 0xf7,
    0xdf, 0xfd, 0x0, 0xc, 0xff, 0xff, 0xff, 0xff,
    0xff, 0xff, 0xff, 0xff, 0x40, 0x6, 0xff, 0xf5,
    0x7f, 0xff, 0xb0, 0xa, 0xff, 0xff, 0xff, 0xff,
    0xff, 0xff, 0xff, 0xff, 0x20, 0x5f, 0xff, 0xf0,
    0x1e, 0xff, 0xfe, 0x57, 0xff, 0xff, 0xff, 0xff,
    0xff, 0xff, 0xff, 0xfe, 0x29, 0xff, 0xff, 0x70,
    0x3, 0xff, 0xff, 0xff, 0xff, 0xff, 0xff, 0xff,
    0xff, 0xff, 0xff, 0xff, 0xff, 0xff, 0xfa, 0x0,
    0x0, 0x2d, 0xff, 0xff, 0xff, 0xff, 0xff, 0xff,
    0xff, 0xff, 0xff, 0xff, 0xff, 0xff, 0x80, 0x0,
    0x0, 0x0, 0x8f, 0xff, 0xff, 0xff, 0xff, 0xff,
    0xff, 0xff, 0xff, 0xff, 0xff, 0xc3, 0x0, 0x0,
    0x0, 0x0, 0x1, 0x6b, 0xef, 0xff, 0xff, 0xff,
    0xff, 0xff, 0xff, 0xfd, 0x93, 0x0, 0x0, 0x0,
    0x0, 0x0, 0x0, 0x0, 0x5, 0xff, 0xff, 0xff,
    0xff, 0xff, 0xfc, 0x0, 0x0, 0x0, 0x0, 0x0,
    0x0, 0x0, 0x0, 0x0, 0x0, 0xaf, 0xff, 0xff,
    0xff, 0xff, 0xf2, 0x0, 0x0, 0x0, 0x0, 0x0,
    0x0, 0x0, 0x0, 0x0, 0x0, 0xb, 0xff, 0xff,
    0xff, 0xff, 0x50, 0x0, 0x0, 0x0, 0x0, 0x0,
    0x0, 0x0, 0x0, 0x0, 0x0, 0x0, 0xbf, 0xff,
    0xff, 0xe4, 0x0, 0x0, 0x0, 0x0, 0x0, 0x0,
    0x0, 0x0, 0x0, 0x0, 0x0, 0x0, 0xe, 0xff,
    0xff, 0x60, 0x0, 0x0, 0x0, 0x0, 0x0, 0x0,
    0x0, 0x0, 0x0, 0x0, 0x0, 0x0, 0xe, 0xff,
    0xff, 0x60, 0x0, 0x0, 0x0, 0x0, 0x0, 0x0,
    0x0, 0x0, 0x0, 0x0, 0x0, 0x0, 0xe, 0xff,
    0xff, 0x60, 0x0, 0x0, 0x0, 0x0, 0x0, 0x0,
    0x0, 0x0, 0x0, 0x0, 0x0, 0x0, 0xe, 0xff,
    0xff, 0x60, 0x0, 0x0, 0x0, 0x0, 0x0, 0x0,
    0x0, 0x0, 0x0, 0x0, 0x6c, 0xef, 0xff, 0xff,
    0xff, 0xff, 0xfe, 0xa2, 0x0, 0x0, 0x0, 0x0,
    0x0, 0x0, 0x0, 0x8, 0xff, 0xff, 0xff, 0xff,
    0xff, 0xff, 0xff, 0xfe, 0x10, 0x0, 0x0, 0x0,
    0x0, 0x0, 0x0, 0xe, 0xff, 0xff, 0xff, 0xff,
    0xff, 0xff, 0xff, 0xff, 0x60, 0x0, 0x0, 0x0,
    0x0, 0x0, 0x0, 0xf, 0xff, 0xff, 0xff, 0xff,
    0xff, 0xff, 0xff, 0xff, 0x70, 0x0, 0x0, 0x0,
    0x0, 0x0, 0x0, 0x5, 0x66, 0x66, 0x66, 0x66,
    0x66, 0x66, 0x66, 0x66, 0x10, 0x0, 0x0, 0x0,

    /* U+F093 "" */
    0x0, 0x0, 0x0, 0x0, 0x0, 0x0, 0x3, 0x10,
    0x0, 0x0, 0x0, 0x0, 0x0, 0x0, 0x0, 0x0,
    0x0, 0x0, 0x0, 0x0, 0x7f, 0xe2, 0x0, 0x0,
    0x0, 0x0, 0x0, 0x0, 0x0, 0x0, 0x0, 0x0,
    0x0, 0x7, 0xff, 0xfe, 0x20, 0x0, 0x0, 0x0,
    0x0, 0x0, 0x0, 0x0, 0x0, 0x0, 0x0, 0x7f,
    0xff, 0xff, 0xe2, 0x0, 0x0, 0x0, 0x0, 0x0,
    0x0, 0x0, 0x0, 0x0, 0x7, 0xff, 0xff, 0xff,
    0xfe, 0x20, 0x0, 0x0, 0x0, 0x0, 0x0, 0x0,
    0x0, 0x0, 0x7f, 0xff, 0xff, 0xff, 0xff, 0xe2,
    0x0, 0x0, 0x0, 0x0, 0x0, 0x0, 0x0, 0x7,
    0xff, 0xff, 0xff, 0xff, 0xff, 0xfe, 0x20, 0x0,
    0x0, 0x0, 0x0, 0x0, 0x0, 0x7f, 0xff, 0xff,
    0xff, 0xff, 0xff, 0xff, 0xe2, 0x0, 0x0, 0x0,
    0x0, 0x0, 0x7, 0xff, 0xff, 0xff, 0xff, 0xff,
    0xff, 0xff, 0xfe, 0x20, 0x0, 0x0, 0x0, 0x0,
    0x5f, 0xff, 0xff, 0xff, 0xff, 0xff, 0xff, 0xff,
    0xff, 0xe0, 0x0, 0x0, 0x0, 0x0, 0x6f, 0xff,
    0xff, 0xff, 0xff, 0xff, 0xff, 0xff, 0xff, 0xf0,
    0x0, 0x0, 0x0, 0x0, 0x2, 0x22, 0x22, 0xcf,
    0xff, 0xff, 0xf6, 0x22, 0x22, 0x10, 0x0, 0x0,
    0x0, 0x0, 0x0, 0x0, 0x0, 0xbf, 0xff, 0xff,
    0xf4, 0x0, 0x0, 0x0, 0x0, 0x0, 0x0, 0x0,
    0x0, 0x0, 0x0, 0xbf, 0xff, 0xff, 0xf4, 0x0,
    0x0, 0x0, 0x0, 0x0, 0x0, 0x0, 0x0, 0x0,
    0x0, 0xbf, 0xff, 0xff, 0xf4, 0x0, 0x0, 0x0,
    0x0, 0x0, 0x0, 0x0, 0x0, 0x0, 0x0, 0xbf,
    0xff, 0xff, 0xf4, 0x0, 0x0, 0x0, 0x0, 0x0,
    0x0, 0x0, 0x0, 0x0, 0x0, 0xbf, 0xff, 0xff,
    0xf4, 0x0, 0x0, 0x0, 0x0, 0x0, 0x0, 0x0,
    0x0, 0x0, 0x0, 0xbf, 0xff, 0xff, 0xf4, 0x0,
    0x0, 0x0, 0x0, 0x0, 0x0, 0x0, 0x0, 0x0,
    0x0, 0xbf, 0xff, 0xff, 0xf4, 0x0, 0x0, 0x0,
    0x0, 0x0, 0x1, 0x11, 0x11, 0x11, 0x0, 0xbf,
    0xff, 0xff, 0xf4, 0x0, 0x11, 0x11, 0x11, 0x10,
    0xbf, 0xff, 0xff, 0xff, 0xc0, 0xaf, 0xff, 0xff,
    0xf3, 0xc, 0xff, 0xff, 0xff, 0xfb, 0xff, 0xff,
    0xff, 0xff, 0xf1, 0x18, 0x99, 0x99, 0x60, 0x1f,
    0xff, 0xff, 0xff, 0xff, 0xff, 0xff, 0xff, 0xff,
    0xfc, 0x10, 0x0, 0x0, 0x1, 0xcf, 0xff, 0xff,
    0xff, 0xff, 0xff, 0xff, 0xff, 0xff, 0xff, 0xfc,
    0xcc, 0xcc, 0xcf, 0xff, 0xff, 0xff, 0xff, 0xff,
    0xff, 0xff, 0xff, 0xff, 0xff, 0xff, 0xff, 0xff,
    0xff, 0xff, 0xff, 0xff, 0xff, 0xff, 0xff, 0xff,
    0xff, 0xff, 0xff, 0xff, 0xff, 0xff, 0xff, 0xf4,
    0x1e, 0xb0, 0x8f, 0xff, 0xff, 0xff, 0xff, 0xff,
    0xff, 0xff, 0xff, 0xff, 0xff, 0xf5, 0x2e, 0xc1,
    0x8f, 0xff, 0xef, 0xff, 0xff, 0xff, 0xff, 0xff,
    0xff, 0xff, 0xff, 0xff, 0xff, 0xff, 0xff, 0xfe,
    0x37, 0x88, 0x88, 0x88, 0x88, 0x88, 0x88, 0x88,
    0x88, 0x88, 0x88, 0x88, 0x88, 0x73,

    /* U+F095 "" */
    0x0, 0x0, 0x0, 0x0, 0x0, 0x0, 0x0, 0x0,
    0x0, 0x0, 0x6, 0x62, 0x0, 0x0, 0x0, 0x0,
    0x0, 0x0, 0x0, 0x0, 0x0, 0x0, 0x0, 0x0,
    0x4, 0xff, 0xfe, 0xb7, 0x30, 0x0, 0x0, 0x0,
    0x0, 0x0, 0x0, 0x0, 0x0, 0x0, 0x0, 0xbf,
    0xff, 0xff, 0xff, 0xc0, 0x0, 0x0, 0x0, 0x0,
    0x0, 0x0, 0x0, 0x0, 0x0, 0x2f, 0xff, 0xff,
    0xff, 0xff, 0x0, 0x0, 0x0, 0x0, 0x0, 0x0,
    0x0, 0x0, 0x0, 0x9, 0xff, 0xff, 0xff, 0xff,
    0xe0, 0x0, 0x0, 0x0, 0x0, 0x0, 0x0, 0x0,
    0x0, 0x1, 0xff, 0xff, 0xff, 0xff, 0xfe, 0x0,
    0x0, 0x0, 0x0, 0x0, 0x0, 0x0, 0x0, 0x0,
    0x7f, 0xff, 0xff, 0xff, 0xff, 0xc0, 0x0, 0x0,
    0x0, 0x0, 0x0, 0x0, 0x0, 0x0, 0xd, 0xff,
    0xff, 0xff, 0xff, 0xfa, 0x0, 0x0, 0x0, 0x0,
    0x0, 0x0, 0x0, 0x0, 0x0, 0xbf, 0xff, 0xff,
    0xff, 0xff, 0x70, 0x0, 0x0, 0x0, 0x0, 0x0,
    0x0, 0x0, 0x0, 0x0, 0xbf, 0xff, 0xff, 0xff,
    0xf3, 0x0, 0x0, 0x0, 0x0, 0x0, 0x0, 0x0,
    0x0, 0x0, 0x0, 0x8f, 0xff, 0xff, 0xff, 0x0,
    0x0, 0x0, 0x0, 0x0, 0x0, 0x0, 0x0, 0x0,
    0x0, 0x0, 0x7f, 0xff, 0xff, 0x90, 0x0, 0x0,
    0x0, 0x0, 0x0, 0x0, 0x0, 0x0, 0x0, 0x0,
    0xa, 0xff, 0xff, 0xf4, 0x0, 0x0, 0x0, 0x0,
    0x0, 0x0, 0x0, 0x0, 0x0, 0x0, 0x3, 0xff,
    0xff, 0xfd, 0x0, 0x0, 0x0, 0x0, 0x0, 0x0,
    0x0, 0x0, 0x0, 0x0, 0x0, 0xcf, 0xff, 0xff,
    0x50, 0x0, 0x0, 0x0, 0x0, 0x0, 0x0, 0x0,
    0x0, 0x0, 0x0, 0x9f, 0xff, 0xff, 0xc0, 0x0,
    0x0, 0x0, 0x0, 0x0, 0x0, 0x0, 0x0, 0x0,
    0x0, 0x6f, 0xff, 0xff, 0xf3, 0x0, 0x0, 0x0,
    0x0, 0x0, 0x26, 0x10, 0x0, 0x0, 0x0, 0x5f,
    0xff, 0xff, 0xf8, 0x0, 0x0, 0x0, 0x0, 0x4,
    0xbf, 0xfc, 0x0, 0x0, 0x0, 0x6f, 0xff, 0xff,
    0xfc, 0x0, 0x0, 0x0, 0x0, 0x6d, 0xff, 0xff,
    0xfa, 0x0, 0x0, 0xaf, 0xff, 0xff, 0xfe, 0x10,
    0x0, 0x0, 0x7, 0xff, 0xff, 0xff, 0xff, 0xf7,
    0x5, 0xef, 0xff, 0xff, 0xfe, 0x20, 0x0, 0x0,
    0x0, 0xff, 0xff, 0xff, 0xff, 0xff, 0xfd, 0xff,
    0xff, 0xff, 0xfe, 0x20, 0x0, 0x0, 0x0, 0xc,
    0xff, 0xff, 0xff, 0xff, 0xff, 0xff, 0xff, 0xff,
    0xfd, 0x20, 0x0, 0x0, 0x0, 0x0, 0x8f, 0xff,
    0xff, 0xff, 0xff, 0xff, 0xff, 0xff, 0xfa, 0x0,
    0x0, 0x0, 0x0, 0x0, 0x4, 0xff, 0xff, 0xff,
    0xff, 0xff, 0xff, 0xff, 0xe6, 0x0, 0x0, 0x0,
    0x0, 0x0, 0x0, 0x1f, 0xff, 0xff, 0xff, 0xff,
    0xff, 0xff, 0x91, 0x0, 0x0, 0x0, 0x0, 0x0,
    0x0, 0x0, 0xdf, 0xff, 0xff, 0xff, 0xff, 0xe9,
    0x10, 0x0, 0x0, 0x0, 0x0, 0x0, 0x0, 0x0,
    0x9, 0xff, 0xff, 0xff, 0xd9, 0x40, 0x0, 0x0,
    0x0, 0x0, 0x0, 0x0, 0x0, 0x0, 0x0, 0x17,
    0x76, 0x53, 0x0, 0x0, 0x0, 0x0, 0x0, 0x0,
    0x0, 0x0, 0x0, 0x0, 0x0,

    /* U+F0C4 "" */
    0x0, 0x5, 0x99, 0x72, 0x0, 0x0, 0x0, 0x0,
    0x0, 0x0, 0x0, 0x0, 0x0, 0x2d, 0xff, 0xff,
    0xf7, 0x0, 0x0, 0x0, 0x0, 0x1, 0x7b, 0xb8,
    0x10, 0x1e, 0xff, 0xff, 0xff, 0xf7, 0x0, 0x0,
    0x0, 0x2, 0xef, 0xff, 0xfe, 0x38, 0xff, 0xff,
    0xef, 0xff, 0xf1, 0x0, 0x0, 0x2, 0xef, 0xff,
    0xff, 0xf4, 0xdf, 0xfe, 0x10, 0x7f, 0xff, 0x50,
    0x0, 0x2, 0xef, 0xff, 0xff, 0xf5, 0xf, 0xff,
    0x80, 0x0, 0xff, 0xf7, 0x0, 0x2, 0xef, 0xff,
    0xff, 0xf5, 0x0, 0xef, 0xfc, 0x0, 0x4f, 0xff,
    0x60, 0x2, 0xef, 0xff, 0xff, 0xf5, 0x0, 0xa,
    0xff, 0xfd, 0xbf, 0xff, 0xf4, 0x3, 0xef, 0xff,
    0xff, 0xf5, 0x0, 0x0, 0x2f, 0xff, 0xff, 0xff,
    0xff, 0xe5, 0xef, 0xff, 0xff, 0xf5, 0x0, 0x0,
    0x0, 0x4f, 0xff, 0xff, 0xff, 0xff, 0xff, 0xff,
    0xff, 0xf5, 0x0, 0x0, 0x0, 0x0, 0x18, 0xcd,
    0xff, 0xff, 0xff, 0xff, 0xff, 0xf5, 0x0, 0x0,
    0x0, 0x0, 0x0, 0x0, 0x5, 0xff, 0xff, 0xff,
    0xff, 0xf5, 0x0, 0x0, 0x0, 0x0, 0x0, 0x0,
    0x0, 0x7, 0xff, 0xff, 0xff, 0xf7, 0x0, 0x0,
    0x0, 0x0, 0x0, 0x0, 0x0, 0x3, 0xef, 0xff,
    0xff, 0xff, 0xe2, 0x0, 0x0, 0x0, 0x0, 0x0,
    0x5, 0x99, 0xef, 0xff, 0xff, 0xff, 0xff, 0xe2,
    0x0, 0x0, 0x0, 0x0, 0x2d, 0xff, 0xff, 0xff,
    0xff, 0xff, 0xff, 0xff, 0xe2, 0x0, 0x0, 0x0,
    0x1e, 0xff, 0xff, 0xff, 0xff, 0xf9, 0xff, 0xff,
    0xff, 0xe2, 0x0, 0x0, 0x8, 0xff, 0xff, 0xef,
    0xff, 0xf5, 0x5, 0xff, 0xff, 0xff, 0xe2, 0x0,
    0x0, 0xdf, 0xfe, 0x10, 0x7f, 0xff, 0x50, 0x5,
    0xff, 0xff, 0xff, 0xe2, 0x0, 0xf, 0xff, 0x80,
    0x0, 0xff, 0xf7, 0x0, 0x5, 0xff, 0xff, 0xff,
    0xe2, 0x0, 0xef, 0xfc, 0x0, 0x4f, 0xff, 0x60,
    0x0, 0x5, 0xff, 0xff, 0xff, 0xe2, 0xa, 0xff,
    0xfd, 0xbf, 0xff, 0xf2, 0x0, 0x0, 0x5, 0xff,
    0xff, 0xff, 0xe2, 0x2f, 0xff, 0xff, 0xff, 0xf9,
    0x0, 0x0, 0x0, 0x4, 0xff, 0xff, 0xff, 0x40,
    0x4f, 0xff, 0xff, 0xfb, 0x0, 0x0, 0x0, 0x0,
    0x3, 0xbe, 0xfb, 0x30, 0x0, 0x18, 0xcd, 0xb5,
    0x0, 0x0, 0x0, 0x0, 0x0, 0x0, 0x0, 0x0,
    0x0,

    /* U+F0C5 "" */
    0x0, 0x0, 0x0, 0x1, 0x44, 0x44, 0x44, 0x44,
    0x42, 0x3, 0x0, 0x0, 0x0, 0x0, 0x0, 0x0,
    0xdf, 0xff, 0xff, 0xff, 0xff, 0x80, 0xeb, 0x0,
    0x0, 0x0, 0x0, 0x0, 0xf, 0xff, 0xff, 0xff,
    0xff, 0xf8, 0xe, 0xfb, 0x0, 0x0, 0x0, 0x0,
    0x0, 0xff, 0xff, 0xff, 0xff, 0xff, 0x80, 0xef,
    0xfb, 0x0, 0x0, 0x0, 0x0, 0xf, 0xff, 0xff,
    0xff, 0xff, 0xf8, 0xe, 0xff, 0xfb, 0x0, 0x0,
    0x0, 0x0, 0xff, 0xff, 0xff, 0xff, 0xff, 0x80,
    0xef, 0xff, 0xf4, 0xaf, 0xff, 0xf4, 0xf, 0xff,
    0xff, 0xff, 0xff, 0xfa, 0x0, 0x0, 0x0, 0xf,
    0xff, 0xff, 0x40, 0xff, 0xff, 0xff, 0xff, 0xff,
    0xfc, 0xbb, 0xbb, 0xb3, 0xff, 0xff, 0xf4, 0xf,
    0xff, 0xff, 0xff, 0xff, 0xff, 0xff, 0xff, 0xff,
    0x5f, 0xff, 0xff, 0x40, 0xff, 0xff, 0xff, 0xff,
    0xff, 0xff, 0xff, 0xff, 0xf5, 0xff, 0xff, 0xf4,
    0xf, 0xff, 0xff, 0xff, 0xff, 0xff, 0xff, 0xff,
    0xff, 0x5f, 0xff, 0xff, 0x40, 0xff, 0xff, 0xff,
    0xff, 0xff, 0xff, 0xff, 0xff, 0xf5, 0xff, 0xff,
    0xf4, 0xf, 0xff, 0xff, 0xff, 0xff, 0xff, 0xff,
    0xff, 0xff, 0x5f, 0xff, 0xff, 0x40, 0xff, 0xff,
    0xff, 0xff, 0xff, 0xff, 0xff, 0xff, 0xf5, 0xff,
    0xff, 0xf4, 0xf, 0xff, 0xff, 0xff, 0xff, 0xff,
    0xff, 0xff, 0xff, 0x5f, 0xff, 0xff, 0x40, 0xff,
    0xff, 0xff, 0xff, 0xff, 0xff, 0xff, 0xff, 0xf5,
    0xff, 0xff, 0xf4, 0xf, 0xff, 0xff, 0xff, 0xff,
    0xff, 0xff, 0xff, 0xff, 0x5f, 0xff, 0xff, 0x40,
    0xff, 0xff, 0xff, 0xff, 0xff, 0xff, 0xff, 0xff,
    0xf5, 0xff, 0xff, 0xf4, 0xf, 0xff, 0xff, 0xff,
    0xff, 0xff, 0xff, 0xff, 0xff, 0x5f, 0xff, 0xff,
    0x40, 0xff, 0xff, 0xff, 0xff, 0xff, 0xff, 0xff,
    0xff, 0xf5, 0xff, 0xff, 0xf4, 0xf, 0xff, 0xff,
    0xff, 0xff, 0xff, 0xff, 0xff, 0xff, 0x5f, 0xff,
    0xff, 0x40, 0xff, 0xff, 0xff, 0xff, 0xff, 0xff,
    0xff, 0xff, 0xf5, 0xff, 0xff, 0xf5, 0xa, 0xff,
    0xff, 0xff, 0xff, 0xff, 0xff, 0xff, 0xfe, 0x1f,
    0xff, 0xff, 0xb0, 0x0, 0x0, 0x0, 0x0, 0x0,
    0x0, 0x0, 0x0, 0x0, 0xff, 0xff, 0xff, 0xa2,
    0x0, 0x0, 0x0, 0x0, 0x0, 0x0, 0x0, 0x0,
    0xf, 0xff, 0xff, 0xff, 0xff, 0xff, 0xff, 0xff,
    0xff, 0x80, 0x0, 0x0, 0x0, 0xff, 0xff, 0xff,
    0xff, 0xff, 0xff, 0xff, 0xff, 0xf8, 0x0, 0x0,
    0x0, 0xe, 0xff, 0xff, 0xff, 0xff, 0xff, 0xff,
    0xff, 0xff, 0x60, 0x0, 0x0, 0x0, 0x37, 0x88,
    0x88, 0x88, 0x88, 0x88, 0x88, 0x88, 0x60, 0x0,
    0x0, 0x0, 0x0,

    /* U+F0C7 "" */
    0x4, 0x88, 0x88, 0x88, 0x88, 0x88, 0x88, 0x88,
    0x87, 0x20, 0x0, 0x0, 0x6, 0xff, 0xff, 0xff,
    0xff, 0xff, 0xff, 0xff, 0xff, 0xff, 0x40, 0x0,
    0x0, 0xef, 0xff, 0xff, 0xff, 0xff, 0xff, 0xff,
    0xff, 0xff, 0xff, 0x40, 0x0, 0xf, 0xff, 0xff,
    0xff, 0xff, 0xff, 0xff, 0xff, 0xff, 0xff, 0xff,
    0x40, 0x0, 0xff, 0xf9, 0x0, 0x0, 0x0, 0x0,
    0x0, 0x0, 0xd, 0xff, 0xff, 0x40, 0xf, 0xff,
    0x80, 0x0, 0x0, 0x0, 0x0, 0x0, 0x0, 0xbf,
    0xff, 0xff, 0x30, 0xff, 0xf8, 0x0, 0x0, 0x0,
    0x0, 0x0, 0x0, 0xb, 0xff, 0xff, 0xfe, 0xf,
    0xff, 0x80, 0x0, 0x0, 0x0, 0x0, 0x0, 0x0,
    0xbf, 0xff, 0xff, 0xf3, 0xff, 0xf8, 0x0, 0x0,
    0x0, 0x0, 0x0, 0x0, 0xb, 0xff, 0xff, 0xff,
    0x4f, 0xff, 0x80, 0x0, 0x0, 0x0, 0x0, 0x0,
    0x0, 0xbf, 0xff, 0xff, 0xf4, 0xff, 0xfd, 0x77,
    0x77, 0x77, 0x77, 0x77, 0x77, 0x7e, 0xff, 0xff,
    0xff, 0x4f, 0xff, 0xff, 0xff, 0xff, 0xff, 0xff,
    0xff, 0xff, 0xff, 0xff, 0xff, 0xf4, 0xff, 0xff,
    0xff, 0xff, 0xff, 0xff, 0xff, 0xff, 0xff, 0xff,
    0xff, 0xff, 0x4f, 0xff, 0xff, 0xff, 0xff, 0xff,
    0xff, 0xff, 0xff, 0xff, 0xff, 0xff, 0xf4, 0xff,
    0xff, 0xff, 0xff, 0xff, 0x82, 0x15, 0xef, 0xff,
    0xff, 0xff, 0xff, 0x4f, 0xff, 0xff, 0xff, 0xff,
    0x70, 0x0, 0x3, 0xff, 0xff, 0xff, 0xff, 0xf4,
    0xff, 0xff, 0xff, 0xff, 0xf0, 0x0, 0x0, 0xb,
    0xff, 0xff, 0xff, 0xff, 0x4f, 0xff, 0xff, 0xff,
    0xfc, 0x0, 0x0, 0x0, 0x8f, 0xff, 0xff, 0xff,
    0xf4, 0xff, 0xff, 0xff, 0xff, 0xe0, 0x0, 0x0,
    0x9, 0xff, 0xff, 0xff, 0xff, 0x4f, 0xff, 0xff,
    0xff, 0xff, 0x30, 0x0, 0x0, 0xef, 0xff, 0xff,
    0xff, 0xf4, 0xff, 0xff, 0xff, 0xff, 0xfd, 0x10,
    0x0, 0x9f, 0xff, 0xff, 0xff, 0xff, 0x4f, 0xff,
    0xff, 0xff, 0xff, 0xfe, 0xa9, 0xdf, 0xff, 0xff,
    0xff, 0xff, 0xf4, 0xff, 0xff, 0xff, 0xff, 0xff,
    0xff, 0xff, 0xff, 0xff, 0xff, 0xff, 0xff, 0x3a,
    0xff, 0xff, 0xff, 0xff, 0xff, 0xff, 0xff, 0xff,
    0xff, 0xff, 0xff, 0xe0, 0x1a, 0xef, 0xff, 0xff,
    0xff, 0xff, 0xff, 0xff, 0xff, 0xff, 0xff, 0xc3,
    0x0,

    /* U+F0C9 "" */
    0x0, 0x0, 0x0, 0x0, 0x0, 0x0, 0x0, 0x0,
    0x0, 0x0, 0x0, 0x0, 0xd, 0xff, 0xff, 0xff,
    0xff, 0xff, 0xff, 0xff, 0xff, 0xff, 0xff, 0xff,
    0xf5, 0xff, 0xff, 0xff, 0xff, 0xff, 0xff, 0xff,
    0xff, 0xff, 0xff, 0xff, 0xff, 0x8f, 0xff, 0xff,
    0xff, 0xff, 0xff, 0xff, 0xff, 0xff, 0xff, 0xff,
    0xff, 0xf8, 0xae, 0xee, 0xee, 0xee, 0xee, 0xee,
    0xee, 0xee, 0xee, 0xee, 0xee, 0xed, 0x40, 0x0,
    0x0, 0x0, 0x0, 0x0, 0x0, 0x0, 0x0, 0x0,
    0x0, 0x0, 0x0, 0x0, 0x0, 0x0, 0x0, 0x0,
    0x0, 0x0, 0x0, 0x0, 0x0, 0x0, 0x0, 0x0,
    0x0, 0x0, 0x0, 0x0, 0x0, 0x0, 0x0, 0x0,
    0x0, 0x0, 0x0, 0x0, 0x0, 0x0, 0x0, 0x0,
    0x0, 0x0, 0x0, 0x0, 0x0, 0x0, 0x0, 0x0,
    0x7, 0xbb, 0xbb, 0xbb, 0xbb, 0xbb, 0xbb, 0xbb,
    0xbb, 0xbb, 0xbb, 0xbb, 0xa2, 0xff, 0xff, 0xff,
    0xff, 0xff, 0xff, 0xff, 0xff, 0xff, 0xff, 0xff,
    0xff, 0x7f, 0xff, 0xff, 0xff, 0xff, 0xff, 0xff,
    0xff, 0xff, 0xff, 0xff, 0xff, 0xf8, 0xef, 0xff,
    0xff, 0xff, 0xff, 0xff, 0xff, 0xff, 0xff, 0xff,
    0xff, 0xff, 0x61, 0x44, 0x44, 0x44, 0x44, 0x44,
    0x44, 0x44, 0x44, 0x44, 0x44, 0x44, 0x30, 0x0,
    0x0, 0x0, 0x0, 0x0, 0x0, 0x0, 0x0, 0x0,
    0x0, 0x0, 0x0, 0x0, 0x0, 0x0, 0x0, 0x0,
    0x0, 0x0, 0x0, 0x0, 0x0, 0x0, 0x0, 0x0,
    0x0, 0x0, 0x0, 0x0, 0x0, 0x0, 0x0, 0x0,
    0x0, 0x0, 0x0, 0x0, 0x0, 0x0, 0x0, 0x0,
    0x0, 0x0, 0x0, 0x0, 0x0, 0x0, 0x0, 0x0,
    0x0, 0xae, 0xee, 0xee, 0xee, 0xee, 0xee, 0xee,
    0xee, 0xee, 0xee, 0xee, 0xed, 0x4f, 0xff, 0xff,
    0xff, 0xff, 0xff, 0xff, 0xff, 0xff, 0xff, 0xff,
    0xff, 0xf8, 0xff, 0xff, 0xff, 0xff, 0xff, 0xff,
    0xff, 0xff, 0xff, 0xff, 0xff, 0xff, 0x8d, 0xff,
    0xff, 0xff, 0xff, 0xff, 0xff, 0xff, 0xff, 0xff,
    0xff, 0xff, 0xf5, 0x0, 0x0, 0x0, 0x0, 0x0,
    0x0, 0x0, 0x0, 0x0, 0x0, 0x0, 0x0, 0x0,

    /* U+F0E0 "" */
    0x1b, 0xff, 0xff, 0xff, 0xff, 0xff, 0xff, 0xff,
    0xff, 0xff, 0xff, 0xff, 0xff, 0xb1, 0xbf, 0xff,
    0xff, 0xff, 0xff, 0xff, 0xff, 0xff, 0xff, 0xff,
    0xff, 0xff, 0xff, 0xfb, 0xff, 0xff, 0xff, 0xff,
    0xff, 0xff, 0xff, 0xff, 0xff, 0xff, 0xff, 0xff,
    0xff, 0xff, 0xff, 0xff, 0xff, 0xff, 0xff, 0xff,
    0xff, 0xff, 0xff, 0xff, 0xff, 0xff, 0xff, 0xff,
    0xaf, 0xff, 0xff, 0xff, 0xff, 0xff, 0xff, 0xff,
    0xff, 0xff, 0xff, 0xff, 0xff, 0xfa, 0x7, 0xff,
    0xff, 0xff, 0xff, 0xff, 0xff, 0xff, 0xff, 0xff,
    0xff, 0xff, 0xff, 0x70, 0x0, 0x3e, 0xff, 0xff,
    0xff, 0xff, 0xff, 0xff, 0xff, 0xff, 0xff, 0xff,
    0xe3, 0x0, 0xe5, 0x1, 0xbf, 0xff, 0xff, 0xff,
    0xff, 0xff, 0xff, 0xff, 0xff, 0xfb, 0x10, 0x5e,
    0xff, 0x90, 0x7, 0xff, 0xff, 0xff, 0xff, 0xff,
    0xff, 0xff, 0xff, 0x70, 0x9, 0xff, 0xff, 0xfd,
    0x20, 0x3d, 0xff, 0xff, 0xff, 0xff, 0xff, 0xff,
    0xd3, 0x2, 0xdf, 0xff, 0xff, 0xff, 0xf6, 0x0,
    0xaf, 0xff, 0xff, 0xff, 0xff, 0xfa, 0x0, 0x6f,
    0xff, 0xff, 0xff, 0xff, 0xff, 0xa1, 0x6, 0xff,
    0xff, 0xff, 0xff, 0x60, 0xa, 0xff, 0xff, 0xff,
    0xff, 0xff, 0xff, 0xfe, 0x30, 0x2d, 0xff, 0xff,
    0xd2, 0x3, 0xdf, 0xff, 0xff, 0xff, 0xff, 0xff,
    0xff, 0xff, 0xf6, 0x0, 0x7e, 0xe7, 0x0, 0x7f,
    0xff, 0xff, 0xff, 0xff, 0xff, 0xff, 0xff, 0xff,
    0xff, 0xb1, 0x0, 0x0, 0x1b, 0xff, 0xff, 0xff,
    0xff, 0xff, 0xff, 0xff, 0xff, 0xff, 0xff, 0xff,
    0x95, 0x59, 0xff, 0xff, 0xff, 0xff, 0xff, 0xff,
    0xff, 0xff, 0xff, 0xff, 0xff, 0xff, 0xff, 0xff,
    0xff, 0xff, 0xff, 0xff, 0xff, 0xff, 0xff, 0xff,
    0xff, 0xff, 0xff, 0xff, 0xff, 0xff, 0xff, 0xff,
    0xff, 0xff, 0xff, 0xff, 0xff, 0xff, 0xff, 0xff,
    0xff, 0xff, 0xff, 0xff, 0xff, 0xff, 0xff, 0xff,
    0xff, 0xff, 0xbf, 0xff, 0xff, 0xff, 0xff, 0xff,
    0xff, 0xff, 0xff, 0xff, 0xff, 0xff, 0xff, 0xfb,
    0x1b, 0xff, 0xff, 0xff, 0xff, 0xff, 0xff, 0xff,
    0xff, 0xff, 0xff, 0xff, 0xff, 0xb1,

    /* U+F0E7 "" */
    0x0, 0x8, 0xbb, 0xbb, 0xbb, 0xbb, 0x80, 0x0,
    0x0, 0x0, 0x3, 0xff, 0xff, 0xff, 0xff, 0xff,
    0x20, 0x0, 0x0, 0x0, 0x6f, 0xff, 0xff, 0xff,
    0xff, 0xf0, 0x0, 0x0, 0x0, 0x8, 0xff, 0xff,
    0xff, 0xff, 0xfb, 0x0, 0x0, 0x0, 0x0, 0xaf,
    0xff, 0xff, 0xff, 0xff, 0x50, 0x0, 0x0, 0x0,
    0xc, 0xff, 0xff, 0xff, 0xff, 0xf1, 0x0, 0x0,
    0x0, 0x0, 0xef, 0xff, 0xff, 0xff, 0xfb, 0x0,
    0x0, 0x0, 0x0, 0xf, 0xff, 0xff, 0xff, 0xff,
    0x60, 0x0, 0x0, 0x0, 0x3, 0xff, 0xff, 0xff,
    0xff, 0xf1, 0x0, 0x0, 0x0, 0x0, 0x5f, 0xff,
    0xff, 0xff, 0xff, 0xff, 0xff, 0xff, 0xd2, 0x7,
    0xff, 0xff, 0xff, 0xff, 0xff, 0xff, 0xff, 0xff,
    0x70, 0x9f, 0xff, 0xff, 0xff, 0xff, 0xff, 0xff,
    0xff, 0xf1, 0xb, 0xff, 0xff, 0xff, 0xff, 0xff,
    0xff, 0xff, 0xf7, 0x0, 0xdf, 0xff, 0xff, 0xff,
    0xff, 0xff, 0xff, 0xfd, 0x0, 0xf, 0xff, 0xff,
    0xff, 0xff, 0xff, 0xff, 0xff, 0x50, 0x0, 0xaf,
    0xff, 0xff, 0xff, 0xff, 0xff, 0xff, 0xb0, 0x0,
    0x0, 0x0, 0x0, 0x0, 0x5f, 0xff, 0xff, 0xf2,
    0x0, 0x0, 0x0, 0x0, 0x0, 0x8, 0xff, 0xff,
    0xf9, 0x0, 0x0, 0x0, 0x0, 0x0, 0x0, 0xcf,
    0xff, 0xfe, 0x10, 0x0, 0x0, 0x0, 0x0, 0x0,
    0xf, 0xff, 0xff, 0x60, 0x0, 0x0, 0x0, 0x0,
    0x0, 0x3, 0xff, 0xff, 0xd0, 0x0, 0x0, 0x0,
    0x0, 0x0, 0x0, 0x7f, 0xff, 0xf4, 0x0, 0x0,
    0x0, 0x0, 0x0, 0x0, 0xb, 0xff, 0xfb, 0x0,
    0x0, 0x0, 0x0, 0x0, 0x0, 0x0, 0xef, 0xff,
    0x20, 0x0, 0x0, 0x0, 0x0, 0x0, 0x0, 0x2f,
    0xff, 0x80, 0x0, 0x0, 0x0, 0x0, 0x0, 0x0,
    0x6, 0xff, 0xe0, 0x0, 0x0, 0x0, 0x0, 0x0,
    0x0, 0x0, 0xaf, 0xf6, 0x0, 0x0, 0x0, 0x0,
    0x0, 0x0, 0x0, 0x9, 0xfc, 0x0, 0x0, 0x0,
    0x0, 0x0, 0x0, 0x0, 0x0, 0x3, 0x0, 0x0,
    0x0, 0x0, 0x0, 0x0,

    /* U+F0EA "" */
    0x0, 0x0, 0x0, 0x1, 0x43, 0x0, 0x0, 0x0,
    0x0, 0x0, 0x0, 0x0, 0x0, 0x0, 0x0, 0x7,
    0xff, 0xfe, 0x30, 0x0, 0x0, 0x0, 0x0, 0x0,
    0x0, 0x49, 0x99, 0x99, 0xff, 0xef, 0xfe, 0x99,
    0x99, 0x81, 0x0, 0x0, 0x0, 0xf, 0xff, 0xff,
    0xff, 0xa0, 0x1e, 0xff, 0xff, 0xff, 0x90, 0x0,
    0x0, 0x0, 0xff, 0xff, 0xff, 0xfa, 0x1, 0xef,
    0xff, 0xff, 0xfa, 0x0, 0x0, 0x0, 0xf, 0xff,
    0xff, 0xff, 0xff, 0xff, 0xff, 0xff, 0xff, 0xa0,
    0x0, 0x0, 0x0, 0xff, 0xff, 0xff, 0xff, 0xff,
    0xff, 0xff, 0xff, 0xfa, 0x0, 0x0, 0x0, 0xf,
    0xff, 0xff, 0xff, 0xfc, 0x64, 0x44, 0x44, 0x44,
    0x30, 0x0, 0x0, 0x0, 0xff, 0xff, 0xff, 0xfb,
    0x0, 0x0, 0x0, 0x0, 0x0, 0x0, 0x0, 0x0,
    0xf, 0xff, 0xff, 0xff, 0x20, 0xaf, 0xff, 0xff,
    0xff, 0xa0, 0xd6, 0x0, 0x0, 0xff, 0xff, 0xff,
    0xf0, 0x1f, 0xff, 0xff, 0xff, 0xfa, 0xe, 0xf6,
    0x0, 0xf, 0xff, 0xff, 0xff, 0x1, 0xff, 0xff,
    0xff, 0xff, 0xa0, 0xef, 0xf6, 0x0, 0xff, 0xff,
    0xff, 0xf0, 0x1f, 0xff, 0xff, 0xff, 0xfa, 0xe,
    0xff, 0xf6, 0xf, 0xff, 0xff, 0xff, 0x1, 0xff,
    0xff, 0xff, 0xff, 0xa0, 0xef, 0xff, 0xf3, 0xff,
    0xff, 0xff, 0xf0, 0x1f, 0xff, 0xff, 0xff, 0xfa,
    0x4, 0x44, 0x44, 0x1f, 0xff, 0xff, 0xff, 0x1,
    0xff, 0xff, 0xff, 0xff, 0xe1, 0x0, 0x0, 0x0,
    0xff, 0xff, 0xff, 0xf0, 0x1f, 0xff, 0xff, 0xff,
    0xff, 0xff, 0xff, 0xff, 0x5f, 0xff, 0xff, 0xff,
    0x1, 0xff, 0xff, 0xff, 0xff, 0xff, 0xff, 0xff,
    0xf5, 0xff, 0xff, 0xff, 0xf0, 0x1f, 0xff, 0xff,
    0xff, 0xff, 0xff, 0xff, 0xff, 0x5f, 0xff, 0xff,
    0xff, 0x1, 0xff, 0xff, 0xff, 0xff, 0xff, 0xff,
    0xff, 0xf5, 0xff, 0xff, 0xff, 0xf0, 0x1f, 0xff,
    0xff, 0xff, 0xff, 0xff, 0xff, 0xff, 0x5f, 0xff,
    0xff, 0xff, 0x1, 0xff, 0xff, 0xff, 0xff, 0xff,
    0xff, 0xff, 0xf5, 0xaf, 0xff, 0xff, 0xf0, 0x1f,
    0xff, 0xff, 0xff, 0xff, 0xff, 0xff, 0xff, 0x50,
    0x0, 0x0, 0x0, 0x1, 0xff, 0xff, 0xff, 0xff,
    0xff, 0xff, 0xff, 0xf5, 0x0, 0x0, 0x0, 0x0,
    0x1f, 0xff, 0xff, 0xff, 0xff, 0xff, 0xff, 0xff,
    0x50, 0x0, 0x0, 0x0, 0x1, 0xff, 0xff, 0xff,
    0xff, 0xff, 0xff, 0xff, 0xf5, 0x0, 0x0, 0x0,
    0x0, 0x1f, 0xff, 0xff, 0xff, 0xff, 0xff, 0xff,
    0xff, 0x50, 0x0, 0x0, 0x0, 0x0, 0xef, 0xff,
    0xff, 0xff, 0xff, 0xff, 0xff, 0xf2, 0x0, 0x0,
    0x0, 0x0, 0x1, 0x44, 0x44, 0x44, 0x44, 0x44,
    0x44, 0x42, 0x0,

    /* U+F0EB "" */
    0x0, 0x0, 0x0, 0x4, 0x67, 0x64, 0x0, 0x0,
    0x0, 0x0, 0x0, 0x0, 0x19, 0xff, 0xff, 0xff,
    0xfa, 0x20, 0x0, 0x0, 0x0, 0x4, 0xff, 0xff,
    0xff, 0xff, 0xff, 0xf7, 0x0, 0x0, 0x0, 0x5f,
    0xff, 0xff, 0xff, 0xff, 0xff, 0xff, 0x80, 0x0,
    0x2, 0xff, 0xff, 0xd6, 0x20, 0xbf, 0xff, 0xff,
    0xf6, 0x0, 0xc, 0xff, 0xfa, 0x0, 0x0, 0xbf,
    0xff, 0xff, 0xff, 0x10, 0x4f, 0xff, 0xc0, 0x7,
    0xef, 0xff, 0xff, 0xff, 0xff, 0x80, 0x9f, 0xff,
    0x20, 0xaf, 0xff, 0xff, 0xff, 0xff, 0xff, 0xd0,
    0xdf, 0xfc, 0x5, 0xff, 0xff, 0xff, 0xff, 0xff,
    0xff, 0xf1, 0xff, 0xf9, 0xa, 0xff, 0xff, 0xff,
    0xff, 0xff, 0xff, 0xf2, 0xff, 0xf9, 0xd, 0xff,
    0xff, 0xff, 0xff, 0xff, 0xff, 0xf3, 0xef, 0xff,
    0xef, 0xff, 0xff, 0xff, 0xff, 0xff, 0xff, 0xf2,
    0xbf, 0xff, 0xff, 0xff, 0xff, 0xff, 0xff, 0xff,
    0xff, 0xf0, 0x6f, 0xff, 0xff, 0xff, 0xff, 0xff,
    0xff, 0xff, 0xff, 0xa0, 0xe, 0xff, 0xff, 0xff,
    0xff, 0xff, 0xff, 0xff, 0xff, 0x30, 0x6, 0xff,
    0xff, 0xff, 0xff, 0xff, 0xff, 0xff, 0xfa, 0x0,
    0x0, 0xaf, 0xff, 0xff, 0xff, 0xff, 0xff, 0xff,
    0xd0, 0x0, 0x0, 0xd, 0xff, 0xff, 0xff, 0xff,
    0xff, 0xff, 0x30, 0x0, 0x0, 0x3, 0xff, 0xff,
    0xff, 0xff, 0xff, 0xf7, 0x0, 0x0, 0x0, 0x0,
    0xaf, 0xff, 0xff, 0xff, 0xff, 0xe0, 0x0, 0x0,
    0x0, 0x0, 0x2f, 0xff, 0xff, 0xff, 0xff, 0x60,
    0x0, 0x0, 0x0, 0x0, 0x9, 0xbb, 0xbb, 0xbb,
    0xbb, 0x10, 0x0, 0x0, 0x0, 0x0, 0x0, 0x0,
    0x0, 0x0, 0x0, 0x0, 0x0, 0x0, 0x0, 0x0,
    0xb, 0xff, 0xff, 0xff, 0xff, 0x0, 0x0, 0x0,
    0x0, 0x0, 0xc, 0xff, 0xff, 0xff, 0xff, 0x0,
    0x0, 0x0, 0x0, 0x0, 0xa, 0xff, 0xff, 0xff,
    0xfe, 0x0, 0x0, 0x0, 0x0, 0x0, 0x3, 0xff,
    0xff, 0xff, 0xf7, 0x0, 0x0, 0x0, 0x0, 0x0,
    0x0, 0x7f, 0xff, 0xff, 0xc0, 0x0, 0x0, 0x0,
    0x0, 0x0, 0x0, 0x3, 0x44, 0x43, 0x0, 0x0,
    0x0, 0x0,

    /* U+F0F3 "" */
    0x0, 0x0, 0x0, 0x0, 0x0, 0x7, 0xa2, 0x0,
    0x0, 0x0, 0x0, 0x0, 0x0, 0x0, 0x0, 0x0,
    0x0, 0x5, 0xff, 0xd0, 0x0, 0x0, 0x0, 0x0,
    0x0, 0x0, 0x0, 0x0, 0x0, 0x0, 0x7f, 0xff,
    0x0, 0x0, 0x0, 0x0, 0x0, 0x0, 0x0, 0x0,
    0x0, 0x2, 0x8d, 0xff, 0xfa, 0x50, 0x0, 0x0,
    0x0, 0x0, 0x0, 0x0, 0x0, 0x9, 0xff, 0xff,
    0xff, 0xff, 0xd4, 0x0, 0x0, 0x0, 0x0, 0x0,
    0x0, 0x1c, 0xff, 0xff, 0xff, 0xff, 0xff, 0xf5,
    0x0, 0x0, 0x0, 0x0, 0x0, 0xc, 0xff, 0xff,
    0xff, 0xff, 0xff, 0xff, 0xf4, 0x0, 0x0, 0x0,
    0x0, 0x6, 0xff, 0xff, 0xff, 0xff, 0xff, 0xff,
    0xff, 0xd0, 0x0, 0x0, 0x0, 0x0, 0xef, 0xff,
    0xff, 0xff, 0xff, 0xff, 0xff, 0xff, 0x50, 0x0,
    0x0, 0x0, 0x3f, 0xff, 0xff, 0xff, 0xff, 0xff,
    0xff, 0xff, 0xfb, 0x0, 0x0, 0x0, 0x6, 0xff,
    0xff, 0xff, 0xff, 0xff, 0xff, 0xff, 0xff, 0xd0,
    0x0, 0x0, 0x0, 0x7f, 0xff, 0xff, 0xff, 0xff,
    0xff, 0xff, 0xff, 0xff, 0x0, 0x0, 0x0, 0x8,
    0xff, 0xff, 0xff, 0xff, 0xff, 0xff, 0xff, 0xff,
    0xf0, 0x0, 0x0, 0x0, 0x9f, 0xff, 0xff, 0xff,
    0xff, 0xff, 0xff, 0xff, 0xff, 0x10, 0x0, 0x0,
    0xc, 0xff, 0xff, 0xff, 0xff, 0xff, 0xff, 0xff,
    0xff, 0xf4, 0x0, 0x0, 0x0, 0xff, 0xff, 0xff,
    0xff, 0xff, 0xff, 0xff, 0xff, 0xff, 0x70, 0x0,
    0x0, 0x3f, 0xff, 0xff, 0xff, 0xff, 0xff, 0xff,
    0xff, 0xff, 0xfb, 0x0, 0x0, 0x9, 0xff, 0xff,
    0xff, 0xff, 0xff, 0xff, 0xff, 0xff, 0xff, 0xf1,
    0x0, 0x3, 0xff, 0xff, 0xff, 0xff, 0xff, 0xff,
    0xff, 0xff, 0xff, 0xff, 0xa0, 0x1, 0xef, 0xff,
    0xff, 0xff, 0xff, 0xff, 0xff, 0xff, 0xff, 0xff,
    0xff, 0x70, 0xbf, 0xff, 0xff, 0xff, 0xff, 0xff,
    0xff, 0xff, 0xff, 0xff, 0xff, 0xff, 0x3e, 0xff,
    0xff, 0xff, 0xff, 0xff, 0xff, 0xff, 0xff, 0xff,
    0xff, 0xff, 0xf7, 0x6f, 0xff, 0xff, 0xff, 0xff,
    0xff, 0xff, 0xff, 0xff, 0xff, 0xff, 0xfd, 0x10,
    0x0, 0x0, 0x0, 0x0, 0x0, 0x0, 0x0, 0x0,
    0x0, 0x0, 0x0, 0x0, 0x0, 0x0, 0x0, 0x0,
    0x0, 0x0, 0x0, 0x0, 0x0, 0x0, 0x0, 0x0,
    0x0, 0x0, 0x0, 0x0, 0x3, 0xff, 0xff, 0xff,
    0xb0, 0x0, 0x0, 0x0, 0x0, 0x0, 0x0, 0x0,
    0x0, 0xe, 0xff, 0xff, 0xf6, 0x0, 0x0, 0x0,
    0x0, 0x0, 0x0, 0x0, 0x0, 0x0, 0x3e, 0xff,
    0xf9, 0x0, 0x0, 0x0, 0x0, 0x0, 0x0, 0x0,
    0x0, 0x0, 0x0, 0x15, 0x73, 0x0, 0x0, 0x0,
    0x0, 0x0, 0x0,

    /* U+F11B "" */
    0x0, 0x0, 0x0, 0x25, 0x67, 0x77, 0x77, 0x77,
    0x77, 0x77, 0x77, 0x77, 0x77, 0x65, 0x20, 0x0,
    0x0, 0x0, 0x0, 0x5, 0xdf, 0xff, 0xff, 0xff,
    0xff, 0xff, 0xff, 0xff, 0xff, 0xff, 0xff, 0xff,
    0xd4, 0x0, 0x0, 0x0, 0xa, 0xff, 0xff, 0xff,
    0xff, 0xff, 0xff, 0xff, 0xff, 0xff, 0xff, 0xff,
    0xff, 0xff, 0xfa, 0x0, 0x0, 0xb, 0xff, 0xff,
    0xff, 0xff, 0xff, 0xff, 0xff, 0xff, 0xff, 0xff,
    0xff, 0xff, 0xff, 0xff, 0xfb, 0x0, 0x8, 0xff,
    0xff, 0xf2, 0x0, 0xaf, 0xff, 0xff, 0xff, 0xff,
    0xff, 0xff, 0xff, 0xfb, 0x8c, 0xff, 0xf8, 0x2,
    0xff, 0xff, 0xff, 0x0, 0x8, 0xff, 0xff, 0xff,
    0xff, 0xff, 0xff, 0xff, 0xf7, 0x0, 0x9, 0xff,
    0xf1, 0x8f, 0xff, 0xff, 0xf0, 0x0, 0x8f, 0xff,
    0xff, 0xff, 0xff, 0xff, 0xff, 0xfe, 0x0, 0x0,
    0x1f, 0xff, 0x8c, 0xff, 0xd8, 0x88, 0x0, 0x4,
    0x88, 0xaf, 0xff, 0xff, 0xff, 0xff, 0xff, 0xe0,
    0x0, 0x0, 0xff, 0xfc, 0xef, 0xf8, 0x0, 0x0,
    0x0, 0x0, 0x0, 0xff, 0xff, 0xff, 0xff, 0xff,
    0xff, 0x30, 0x0, 0x5f, 0xff, 0xef, 0xff, 0x80,
    0x0, 0x0, 0x0, 0x0, 0xf, 0xff, 0xff, 0xff,
    0xf7, 0x0, 0x5e, 0x63, 0x7f, 0xff, 0xff, 0xef,
    0xf8, 0x0, 0x0, 0x0, 0x0, 0x0, 0xff, 0xff,
    0xff, 0xfb, 0x0, 0x0, 0x9f, 0xff, 0xff, 0xff,
    0xeb, 0xff, 0xfc, 0xcc, 0x0, 0x6, 0xcc, 0xdf,
    0xff, 0xff, 0xff, 0x70, 0x0, 0x5, 0xff, 0xff,
    0xff, 0xfb, 0x6f, 0xff, 0xff, 0xf0, 0x0, 0x8f,
    0xff, 0xff, 0xff, 0xff, 0xfa, 0x0, 0x0, 0x8f,
    0xff, 0xff, 0xff, 0x60, 0xef, 0xff, 0xff, 0x0,
    0x8, 0xff, 0xff, 0xff, 0xff, 0xff, 0xf6, 0x0,
    0x4f, 0xff, 0xff, 0xff, 0xe0, 0x5, 0xff, 0xff,
    0xf7, 0x55, 0xcf, 0xff, 0xff, 0xff, 0xff, 0xff,
    0xfe, 0xef, 0xff, 0xff, 0xff, 0xf4, 0x0, 0x7,
    0xff, 0xff, 0xff, 0xff, 0xff, 0xfd, 0x88, 0x88,
    0x8d, 0xff, 0xff, 0xff, 0xff, 0xff, 0xf7, 0x0,
    0x0, 0x5, 0xef, 0xff, 0xff, 0xff, 0xfb, 0x10,
    0x0, 0x0, 0x1b, 0xff, 0xff, 0xff, 0xff, 0xe5,
    0x0, 0x0, 0x0, 0x1, 0x8d, 0xff, 0xff, 0xa4,
    0x0, 0x0, 0x0, 0x0, 0x4, 0xaf, 0xff, 0xfd,
    0x81, 0x0, 0x0, 0x0, 0x0, 0x0, 0x0, 0x11,
    0x0, 0x0, 0x0, 0x0, 0x0, 0x0, 0x0, 0x1,
    0x10, 0x0, 0x0, 0x0, 0x0,

    /* U+F11C "" */
    0x1b, 0xff, 0xff, 0xff, 0xff, 0xff, 0xff, 0xff,
    0xff, 0xff, 0xff, 0xff, 0xff, 0xff, 0xfe, 0x50,
    0xbf, 0xff, 0xff, 0xff, 0xff, 0xff, 0xff, 0xff,
    0xff, 0xff, 0xff, 0xff, 0xff, 0xff, 0xff, 0xf3,
    0xff, 0xff, 0xff, 0xff, 0xff, 0xff, 0xff, 0xff,
    0xff, 0xff, 0xff, 0xff, 0xff, 0xff, 0xff, 0xf7,
    0xff, 0xfd, 0x88, 0x9f, 0xf8, 0x88, 0xff, 0x98,
    0x8e, 0xfa, 0x88, 0xbf, 0xd8, 0x89, 0xff, 0xf8,
    0xff, 0xf8, 0x0, 0xf, 0xc0, 0x0, 0xcf, 0x0,
    0xa, 0xf1, 0x0, 0x4f, 0x70, 0x0, 0xff, 0xf8,
    0xff, 0xf8, 0x0, 0xf, 0xc0, 0x0, 0xcf, 0x0,
    0xa, 0xf1, 0x0, 0x4f, 0x70, 0x0, 0xff, 0xf8,
    0xff, 0xf9, 0x0, 0x1f, 0xd0, 0x0, 0xdf, 0x10,
    0xc, 0xf3, 0x0, 0x6f, 0x90, 0x1, 0xff, 0xf8,
    0xff, 0xff, 0xff, 0xff, 0xff, 0xff, 0xff, 0xff,
    0xff, 0xff, 0xff, 0xff, 0xff, 0xff, 0xff, 0xf8,
    0xff, 0xff, 0xff, 0xdc, 0xce, 0xfe, 0xcc, 0xdf,
    0xfc, 0xcd, 0xff, 0xcc, 0xcf, 0xff, 0xff, 0xf8,
    0xff, 0xff, 0xff, 0x20, 0x6, 0xf6, 0x0, 0x3f,
    0x80, 0x0, 0xfd, 0x0, 0xa, 0xff, 0xff, 0xf8,
    0xff, 0xff, 0xff, 0x20, 0x6, 0xf6, 0x0, 0x2f,
    0x80, 0x0, 0xed, 0x0, 0xa, 0xff, 0xff, 0xf8,
    0xff, 0xff, 0xff, 0x20, 0x6, 0xf6, 0x0, 0x3f,
    0x80, 0x0, 0xfd, 0x0, 0xa, 0xff, 0xff, 0xf8,
    0xff, 0xff, 0xff, 0xdc, 0xce, 0xfe, 0xcc, 0xdf,
    0xfc, 0xcd, 0xff, 0xcc, 0xcf, 0xff, 0xff, 0xf8,
    0xff, 0xff, 0xff, 0xff, 0xff, 0xff, 0xff, 0xff,
    0xff, 0xff, 0xff, 0xff, 0xff, 0xff, 0xff, 0xf8,
    0xff, 0xf9, 0x0, 0x1f, 0xd0, 0x0, 0x0, 0x0,
    0x0, 0x0, 0x0, 0x6f, 0x90, 0x1, 0xff, 0xf8,
    0xff, 0xf8, 0x0, 0xf, 0xc0, 0x0, 0x0, 0x0,
    0x0, 0x0, 0x0, 0x4f, 0x70, 0x0, 0xff, 0xf8,
    0xff, 0xf8, 0x0, 0xf, 0xc0, 0x0, 0x0, 0x0,
    0x0, 0x0, 0x0, 0x4f, 0x70, 0x0, 0xff, 0xf8,
    0xff, 0xfd, 0x88, 0x9f, 0xf8, 0x88, 0x88, 0x88,
    0x88, 0x88, 0x88, 0xbf, 0xd8, 0x89, 0xff, 0xf8,
    0xff, 0xff, 0xff, 0xff, 0xff, 0xff, 0xff, 0xff,
    0xff, 0xff, 0xff, 0xff, 0xff, 0xff, 0xff, 0xf7,
    0xbf, 0xff, 0xff, 0xff, 0xff, 0xff, 0xff, 0xff,
    0xff, 0xff, 0xff, 0xff, 0xff, 0xff, 0xff, 0xf3,
    0x1b, 0xff, 0xff, 0xff, 0xff, 0xff, 0xff, 0xff,
    0xff, 0xff, 0xff, 0xff, 0xff, 0xff, 0xfe, 0x50,

    /* U+F120 "" */
    0x0, 0x20, 0x0, 0x0, 0x0, 0x0, 0x0, 0x0,
    0x0, 0x0, 0x0, 0x0, 0x0, 0x0, 0x0, 0x0,
    0x0, 0x0, 0xaf, 0xc0, 0x0, 0x0, 0x0, 0x0,
    0x0, 0x0, 0x0, 0x0, 0x0, 0x0, 0x0, 0x0,
    0x0, 0x0, 0x0, 0xaf, 0xff, 0xc0, 0x0, 0x0,
    0x0, 0x0, 0x0, 0x0, 0x0, 0x0, 0x0, 0x0,
    0x0, 0x0, 0x0, 0x0, 0xe, 0xff, 0xff, 0xc0,
    0x0, 0x0, 0x0, 0x0, 0x0, 0x0, 0x0, 0x0,
    0x0, 0x0, 0x0, 0x0, 0x0, 0x0, 0x5f, 0xff,
    0xff, 0xc0, 0x0, 0x0, 0x0, 0x0, 0x0, 0x0,
    0x0, 0x0, 0x0, 0x0, 0x0, 0x0, 0x0, 0x0,
    0x5f, 0xff, 0xff, 0xc0, 0x0, 0x0, 0x0, 0x0,
    0x0, 0x0, 0x0, 0x0, 0x0, 0x0, 0x0, 0x0,
    0x0, 0x0, 0x5f, 0xff, 0xff, 0xc0, 0x0, 0x0,
    0x0, 0x0, 0x0, 0x0, 0x0, 0x0, 0x0, 0x0,
    0x0, 0x0, 0x0, 0x0, 0x5f, 0xff, 0xff, 0xc0,
    0x0, 0x0, 0x0, 0x0, 0x0, 0x0, 0x0, 0x0,
    0x0, 0x0, 0x0, 0x0, 0x0, 0x0, 0x5f, 0xff,
    0xff, 0xc0, 0x0, 0x0, 0x0, 0x0, 0x0, 0x0,
    0x0, 0x0, 0x0, 0x0, 0x0, 0x0, 0x0, 0x0,
    0x6f, 0xff, 0xff, 0xc0, 0x0, 0x0, 0x0, 0x0,
    0x0, 0x0, 0x0, 0x0, 0x0, 0x0, 0x0, 0x0,
    0x0, 0x0, 0x6f, 0xff, 0xff, 0xc0, 0x0, 0x0,
    0x0, 0x0, 0x0, 0x0, 0x0, 0x0, 0x0, 0x0,
    0x0, 0x0, 0x0, 0x0, 0x6f, 0xff, 0xff, 0xc0,
    0x0, 0x0, 0x0, 0x0, 0x0, 0x0, 0x0, 0x0,
    0x0, 0x0, 0x0, 0x0, 0x0, 0x0, 0x7f, 0xff,
    0xff, 0x60, 0x0, 0x0, 0x0, 0x0, 0x0, 0x0,
    0x0, 0x0, 0x0, 0x0, 0x0, 0x0, 0x0, 0x1d,
    0xff, 0xff, 0xf3, 0x0, 0x0, 0x0, 0x0, 0x0,
    0x0, 0x0, 0x0, 0x0, 0x0, 0x0, 0x0, 0x0,
    0x1d, 0xff, 0xff, 0xf4, 0x0, 0x0, 0x0, 0x0,
    0x0, 0x0, 0x0, 0x0, 0x0, 0x0, 0x0, 0x0,
    0x0, 0x1d, 0xff, 0xff, 0xf4, 0x0, 0x0, 0x0,
    0x0, 0x0, 0x0, 0x0, 0x0, 0x0, 0x0, 0x0,
    0x0, 0x0, 0x1d, 0xff, 0xff, 0xf4, 0x0, 0x0,
    0x0, 0x0, 0x0, 0x0, 0x0, 0x0, 0x0, 0x0,
    0x0, 0x0, 0x0, 0x1d, 0xff, 0xff, 0xf4, 0x0,
    0x0, 0x0, 0x0, 0x0, 0x0, 0x0, 0x0, 0x0,
    0x0, 0x0, 0x0, 0x0, 0x1d, 0xff, 0xff, 0xf4,
    0x0, 0x0, 0x0, 0x0, 0x0, 0x0, 0x0, 0x0,
    0x0, 0x0, 0x0, 0x0, 0x0, 0x1d, 0xff, 0xff,
    0xf4, 0x0, 0x0, 0x0, 0x0, 0x0, 0x0, 0x0,
    0x0, 0x0, 0x0, 0x0, 0x0, 0x0, 0x1d, 0xff,
    0xff, 0xf4, 0x0, 0x0, 0x0, 0x0, 0x36, 0x66,
    0x66, 0x66, 0x66, 0x66, 0x66, 0x66, 0x66, 0x2c,
    0xff, 0xff, 0xf4, 0x0, 0x0, 0x0, 0x0, 0x2f,
    0xff, 0xff, 0xff, 0xff, 0xff, 0xff, 0xff, 0xff,
    0xfe, 0xef, 0xff, 0xf4, 0x0, 0x0, 0x0, 0x0,
    0x4, 0xff, 0xff, 0xff, 0xff, 0xff, 0xff, 0xff,
    0xff, 0xff, 0xf3, 0xef, 0xf4, 0x0, 0x0, 0x0,
    0x0, 0x0, 0x3f, 0xff, 0xff, 0xff, 0xff, 0xff,
    0xff, 0xff, 0xff, 0xff, 0x2, 0x93, 0x0, 0x0,
    0x0, 0x0, 0x0, 0x0, 0xcf, 0xff, 0xff, 0xff,
    0xff, 0xff, 0xff, 0xff, 0xff, 0x90,

    /* U+F124 "" */
    0x0, 0x0, 0x0, 0x0, 0x0, 0x0, 0x0, 0x0,
    0x0, 0x0, 0x0, 0x0, 0x5, 0x72, 0x0, 0x0,
    0x0, 0x0, 0x0, 0x0, 0x0, 0x0, 0x0, 0x0,
    0x0, 0x0, 0x6, 0xef, 0xff, 0x40, 0x0, 0x0,
    0x0, 0x0, 0x0, 0x0, 0x0, 0x0, 0x0, 0x0,
    0x18, 0xef, 0xff, 0xff, 0xd0, 0x0, 0x0, 0x0,
    0x0, 0x0, 0x0, 0x0, 0x0, 0x0, 0x29, 0xff,
    0xff, 0xff, 0xff, 0xe0, 0x0, 0x0, 0x0, 0x0,
    0x0, 0x0, 0x0, 0x0, 0x3a, 0xff, 0xff, 0xff,
    0xff, 0xff, 0x90, 0x0, 0x0, 0x0, 0x0, 0x0,
    0x0, 0x0, 0x4c, 0xff, 0xff, 0xff, 0xff, 0xff,
    0xff, 0x20, 0x0, 0x0, 0x0, 0x0, 0x0, 0x0,
    0x6d, 0xff, 0xff, 0xff, 0xff, 0xff, 0xff, 0xfb,
    0x0, 0x0, 0x0, 0x0, 0x0, 0x1, 0x7e, 0xff,
    0xff, 0xff, 0xff, 0xff, 0xff, 0xff, 0xf3, 0x0,
    0x0, 0x0, 0x0, 0x1, 0x8f, 0xff, 0xff, 0xff,
    0xff, 0xff, 0xff, 0xff, 0xff, 0xc0, 0x0, 0x0,
    0x0, 0x2, 0xaf, 0xff, 0xff, 0xff, 0xff, 0xff,
    0xff, 0xff, 0xff, 0xff, 0x50, 0x0, 0x0, 0x4,
    0xbf, 0xff, 0xff, 0xff, 0xff, 0xff, 0xff, 0xff,
    0xff, 0xff, 0xfd, 0x0, 0x0, 0x1, 0xbf, 0xff,
    0xff, 0xff, 0xff, 0xff, 0xff, 0xff, 0xff, 0xff,
    0xff, 0xf6, 0x0, 0x0, 0xb, 0xff, 0xff, 0xff,
    0xff, 0xff, 0xff, 0xff, 0xff, 0xff, 0xff, 0xff,
    0xe0, 0x0, 0x0, 0xf, 0xff, 0xff, 0xff, 0xff,
    0xff, 0xff, 0xff, 0xff, 0xff, 0xff, 0xff, 0x70,
    0x0, 0x0, 0xd, 0xff, 0xff, 0xff, 0xff, 0xff,
    0xff, 0xff, 0xff, 0xff, 0xff, 0xff, 0x10, 0x0,
    0x0, 0x4, 0xff, 0xff, 0xff, 0xff, 0xff, 0xff,
    0xff, 0xff, 0xff, 0xff, 0xf9, 0x0, 0x0, 0x0,
    0x0, 0x3, 0x44, 0x44, 0x44, 0x44, 0x4d, 0xff,
    0xff, 0xff, 0xff, 0xf2, 0x0, 0x0, 0x0, 0x0,
    0x0, 0x0, 0x0, 0x0, 0x0, 0xc, 0xff, 0xff,
    0xff, 0xff, 0xa0, 0x0, 0x0, 0x0, 0x0, 0x0,
    0x0, 0x0, 0x0, 0x0, 0xc, 0xff, 0xff, 0xff,
    0xff, 0x30, 0x0, 0x0, 0x0, 0x0, 0x0, 0x0,
    0x0, 0x0, 0x0, 0xc, 0xff, 0xff, 0xff, 0xfb,
    0x0, 0x0, 0x0, 0x0, 0x0, 0x0, 0x0, 0x0,
    0x0, 0x0, 0xc, 0xff, 0xff, 0xff, 0xf4, 0x0,
    0x0, 0x0, 0x0, 0x0, 0x0, 0x0, 0x0, 0x0,
    0x0, 0xc, 0xff, 0xff, 0xff, 0xd0, 0x0, 0x0,
    0x0, 0x0, 0x0, 0x0, 0x0, 0x0, 0x0, 0x0,
    0xc, 0xff, 0xff, 0xff, 0x50, 0x0, 0x0, 0x0,
    0x0, 0x0, 0x0, 0x0, 0x0, 0x0, 0x0, 0xc,
    0xff, 0xff, 0xfe, 0x0, 0x0, 0x0, 0x0, 0x0,
    0x0, 0x0, 0x0, 0x0, 0x0, 0x0, 0xc, 0xff,
    0xff, 0xf7, 0x0, 0x0, 0x0, 0x0, 0x0, 0x0,
    0x0, 0x0, 0x0, 0x0, 0x0, 0xb, 0xff, 0xff,
    0xf0, 0x0, 0x0, 0x0, 0x0, 0x0, 0x0, 0x0,
    0x0, 0x0, 0x0, 0x0, 0xa, 0xff, 0xff, 0x80,
    0x0, 0x0, 0x0, 0x0, 0x0, 0x0, 0x0, 0x0,
    0x0, 0x0, 0x0, 0x2, 0xff, 0xfd, 0x0, 0x0,
    0x0, 0x0, 0x0, 0x0, 0x0, 0x0, 0x0, 0x0,
    0x0, 0x0, 0x0, 0x17, 0x60, 0x0, 0x0, 0x0,
    0x0, 0x0, 0x0,

    /* U+F129 "" */
    0x0, 0x4, 0xab, 0x81, 0x0, 0x0, 0x9, 0xff,
    0xff, 0xe2, 0x0, 0x4, 0xff, 0xff, 0xff, 0xc0,
    0x0, 0x9f, 0xff, 0xff, 0xff, 0x10, 0xa, 0xff,
    0xff, 0xff, 0xf2, 0x0, 0x7f, 0xff, 0xff, 0xfe,
    0x0, 0x1, 0xef, 0xff, 0xff, 0x60, 0x0, 0x2,
    0xbf, 0xfe, 0x60, 0x0, 0x0, 0x0, 0x12, 0x0,
    0x0, 0x0, 0x0, 0x0, 0x0, 0x0, 0x0, 0x0,
    0x0, 0x0, 0x0, 0x0, 0xb, 0xff, 0xff, 0xff,
    0xe1, 0x0, 0xff, 0xff, 0xff, 0xff, 0x40, 0xf,
    0xff, 0xff, 0xff, 0xf5, 0x0, 0xff, 0xff, 0xff,
    0xff, 0x50, 0x8, 0xcf, 0xff, 0xff, 0xf5, 0x0,
    0x0, 0xdf, 0xff, 0xff, 0x50, 0x0, 0xd, 0xff,
    0xff, 0xf5, 0x0, 0x0, 0xdf, 0xff, 0xff, 0x50,
    0x0, 0xd, 0xff, 0xff, 0xf5, 0x0, 0x0, 0xdf,
    0xff, 0xff, 0x50, 0x0, 0xd, 0xff, 0xff, 0xf5,
    0x0, 0x0, 0xdf, 0xff, 0xff, 0x50, 0x0, 0x1d,
    0xff, 0xff, 0xf6, 0x0, 0xcf, 0xff, 0xff, 0xff,
    0xff, 0x4f, 0xff, 0xff, 0xff, 0xff, 0xf8, 0xff,
    0xff, 0xff, 0xff, 0xff, 0x8f, 0xff, 0xff, 0xff,
    0xff, 0xf7, 0x7b, 0xbb, 0xbb, 0xbb, 0xba, 0x20,

    /* U+F130 "" */
    0x0, 0x0, 0x0, 0x0, 0x45, 0x41, 0x0, 0x0,
    0x0, 0x0, 0x0, 0x0, 0x0, 0x5e, 0xff, 0xff,
    0x80, 0x0, 0x0, 0x0, 0x0, 0x0, 0x6, 0xff,
    0xff, 0xff, 0xfa, 0x0, 0x0, 0x0, 0x0, 0x0,
    0x1f, 0xff, 0xff, 0xff, 0xff, 0x40, 0x0, 0x0,
    0x0, 0x0, 0x6f, 0xff, 0xff, 0xff, 0xff, 0xa0,
    0x0, 0x0, 0x0, 0x0, 0x9f, 0xff, 0xff, 0xff,
    0xff, 0xd0, 0x0, 0x0, 0x0, 0x0, 0xaf, 0xff,
    0xff, 0xff, 0xff, 0xe0, 0x0, 0x0, 0x0, 0x0,
    0xaf, 0xff, 0xff, 0xff, 0xff, 0xe0, 0x0, 0x0,
    0x0, 0x0, 0xaf, 0xff, 0xff, 0xff, 0xff, 0xe0,
    0x0, 0x0, 0x0, 0x0, 0xaf, 0xff, 0xff, 0xff,
    0xff, 0xe0, 0x0, 0x0, 0x0, 0x0, 0xaf, 0xff,
    0xff, 0xff, 0xff, 0xe0, 0x0, 0x0, 0xae, 0x50,
    0xaf, 0xff, 0xff, 0xff, 0xff, 0xe0, 0x4d, 0xb0,
    0xff, 0xa0, 0xaf, 0xff, 0xff, 0xff, 0xff, 0xe0,
    0x8f, 0xf1, 0xff, 0xa0, 0xaf, 0xff, 0xff, 0xff,
    0xff, 0xe0, 0x8f, 0xf1, 0xff, 0xa0, 0x9f, 0xff,
    0xff, 0xff, 0xff, 0xd0, 0x8f, 0xf1, 0xef, 0xb0,
    0x8f, 0xff, 0xff, 0xff, 0xff, 0xc0, 0xaf, 0xf0,
    0xbf, 0xf0, 0x4f, 0xff, 0xff, 0xff, 0xff, 0x80,
    0xdf, 0xe0, 0x7f, 0xf5, 0xb, 0xff, 0xff, 0xff,
    0xfe, 0x12, 0xff, 0x90, 0x1f, 0xfd, 0x1, 0xcf,
    0xff, 0xff, 0xe3, 0xb, 0xff, 0x30, 0x7, 0xff,
    0xa0, 0x6, 0xbd, 0xc8, 0x10, 0x9f, 0xfb, 0x0,
    0x0, 0xcf, 0xfc, 0x20, 0x0, 0x0, 0x1b, 0xff,
    0xe1, 0x0, 0x0, 0x1d, 0xff, 0xfb, 0x87, 0x7b,
    0xff, 0xfe, 0x30, 0x0, 0x0, 0x0, 0xaf, 0xff,
    0xff, 0xff, 0xff, 0xc2, 0x0, 0x0, 0x0, 0x0,
    0x3, 0xae, 0xff, 0xff, 0xb5, 0x0, 0x0, 0x0,
    0x0, 0x0, 0x0, 0x0, 0xbf, 0xf0, 0x0, 0x0,
    0x0, 0x0, 0x0, 0x0, 0x0, 0x0, 0xbf, 0xf0,
    0x0, 0x0, 0x0, 0x0, 0x0, 0x0, 0x7f, 0xff,
    0xff, 0xff, 0xff, 0xb0, 0x0, 0x0, 0x0, 0x0,
    0x9f, 0xff, 0xff, 0xff, 0xff, 0xd0, 0x0, 0x0,
    0x0, 0x0, 0x29, 0x99, 0x99, 0x99, 0x99, 0x40,
    0x0, 0x0,

    /* U+F15B "" */
    0x14, 0x44, 0x44, 0x44, 0x44, 0x44, 0x10, 0x30,
    0x0, 0x0, 0xd, 0xff, 0xff, 0xff, 0xff, 0xff,
    0xf4, 0xf, 0xa0, 0x0, 0x0, 0xff, 0xff, 0xff,
    0xff, 0xff, 0xff, 0x40, 0xff, 0xa0, 0x0, 0xf,
    0xff, 0xff, 0xff, 0xff, 0xff, 0xf4, 0xf, 0xff,
    0xa0, 0x0, 0xff, 0xff, 0xff, 0xff, 0xff, 0xff,
    0x40, 0xff, 0xff, 0xa0, 0xf, 0xff, 0xff, 0xff,
    0xff, 0xff, 0xf4, 0xf, 0xff, 0xff, 0xa0, 0xff,
    0xff, 0xff, 0xff, 0xff, 0xff, 0x40, 0xff, 0xff,
    0xff, 0x9f, 0xff, 0xff, 0xff, 0xff, 0xff, 0xf4,
    0xb, 0xbb, 0xbb, 0xbb, 0xff, 0xff, 0xff, 0xff,
    0xff, 0xff, 0x80, 0x0, 0x0, 0x0, 0xf, 0xff,
    0xff, 0xff, 0xff, 0xff, 0xff, 0xff, 0xff, 0xff,
    0xff, 0xff, 0xff, 0xff, 0xff, 0xff, 0xff, 0xff,
    0xff, 0xff, 0xff, 0xff, 0xff, 0xff, 0xff, 0xff,
    0xff, 0xff, 0xff, 0xff, 0xff, 0xff, 0xff, 0xff,
    0xff, 0xff, 0xff, 0xff, 0xff, 0xff, 0xff, 0xff,
    0xff, 0xff, 0xff, 0xff, 0xff, 0xff, 0xff, 0xff,
    0xff, 0xff, 0xff, 0xff, 0xff, 0xff, 0xff, 0xff,
    0xff, 0xff, 0xff, 0xff, 0xff, 0xff, 0xff, 0xff,
    0xff, 0xff, 0xff, 0xff, 0xff, 0xff, 0xff, 0xff,
    0xff, 0xff, 0xff, 0xff, 0xff, 0xff, 0xff, 0xff,
    0xff, 0xff, 0xff, 0xff, 0xff, 0xff, 0xff, 0xff,
    0xff, 0xff, 0xff, 0xff, 0xff, 0xff, 0xff, 0xff,
    0xff, 0xff, 0xff, 0xff, 0xff, 0xff, 0xff, 0xff,
    0xff, 0xff, 0xff, 0xff, 0xff, 0xff, 0xff, 0xff,
    0xff, 0xff, 0xff, 0xff, 0xff, 0xff, 0xff, 0xff,
    0xff, 0xff, 0xff, 0xff, 0xff, 0xff, 0xff, 0xff,
    0xff, 0xff, 0xff, 0xff, 0xff, 0xff, 0xff, 0xff,
    0xff, 0xff, 0xff, 0xff, 0xff, 0xff, 0xff, 0xff,
    0xff, 0xff, 0xff, 0xff, 0xff, 0xff, 0xff, 0xff,
    0xff, 0xff, 0xff, 0xff, 0xff, 0xff, 0xff, 0xff,
    0xff, 0xff, 0xff, 0xff, 0xff, 0xff, 0xff, 0xff,
    0xff, 0xff, 0xff, 0xff, 0xff, 0xff, 0xff, 0xff,
    0xff, 0xff, 0xff, 0xff, 0xff, 0xff, 0xff, 0xff,
    0xff, 0xff, 0xff, 0xfd, 0xff, 0xff, 0xff, 0xff,
    0xff, 0xff, 0xff, 0xff, 0xff, 0xfd, 0x14, 0x44,
    0x44, 0x44, 0x44, 0x44, 0x44, 0x44, 0x44, 0x44,
    0x10,

    /* U+F185 "" */
    0x0, 0x0, 0x0, 0x0, 0x0, 0x0, 0x1, 0x10,
    0x0, 0x0, 0x0, 0x0, 0x0, 0x0, 0x0, 0x0,
    0x0, 0x0, 0x0, 0x0, 0xe, 0xe1, 0x0, 0x0,
    0x0, 0x0, 0x0, 0x0, 0x0, 0x0, 0x0, 0x0,
    0x0, 0x0, 0x7f, 0xf8, 0x0, 0x0, 0x0, 0x0,
    0x0, 0x0, 0x0, 0x0, 0x0, 0x0, 0x0, 0x0,
    0xef, 0xff, 0x10, 0x0, 0x0, 0x0, 0x0, 0x0,
    0x0, 0x0, 0x54, 0x0, 0x0, 0x7, 0xff, 0xff,
    0x80, 0x0, 0x0, 0x45, 0x0, 0x0, 0x0, 0x1,
    0xff, 0xe9, 0x40, 0xe, 0xff, 0xff, 0xf1, 0x4,
    0x9e, 0xff, 0x10, 0x0, 0x0, 0x0, 0xdf, 0xff,
    0xfe, 0xcf, 0xff, 0xff, 0xfc, 0xef, 0xff, 0xfe,
    0x0, 0x0, 0x0, 0x0, 0x8f, 0xff, 0xff, 0xff,
    0xec, 0xce, 0xff, 0xff, 0xff, 0xf8, 0x0, 0x0,
    0x0, 0x0, 0x3f, 0xff, 0xff, 0xa3, 0x0, 0x0,
    0x2a, 0xff, 0xff, 0xf3, 0x0, 0x0, 0x0, 0x0,
    0xd, 0xff, 0xf6, 0x1, 0x69, 0x96, 0x10, 0x6f,
    0xff, 0xd0, 0x0, 0x0, 0x0, 0x0, 0x8, 0xff,
    0x60, 0x4e, 0xff, 0xff, 0xe4, 0x7, 0xff, 0x80,
    0x0, 0x0, 0x0, 0x0, 0x3c, 0xfc, 0x3, 0xff,
    0xff, 0xff, 0xff, 0x30, 0xcf, 0xc3, 0x0, 0x0,
    0x0, 0x3b, 0xff, 0xf5, 0xc, 0xff, 0xff, 0xff,
    0xff, 0xd0, 0x5f, 0xff, 0xb3, 0x0, 0x3b, 0xff,
    0xff, 0xf1, 0x1f, 0xff, 0xff, 0xff, 0xff, 0xf2,
    0x1f, 0xff, 0xff, 0xb3, 0xef, 0xff, 0xff, 0xf0,
    0x3f, 0xff, 0xff, 0xff, 0xff, 0xf3, 0xf, 0xff,
    0xff, 0xfe, 0x6e, 0xff, 0xff, 0xf1, 0x2f, 0xff,
    0xff, 0xff, 0xff, 0xf2, 0x1f, 0xff, 0xff, 0xe6,
    0x0, 0x7e, 0xff, 0xf3, 0xd, 0xff, 0xff, 0xff,
    0xff, 0xe0, 0x3f, 0xff, 0xe7, 0x0, 0x0, 0x0,
    0x7e, 0xf9, 0x5, 0xff, 0xff, 0xff, 0xff, 0x60,
    0x9f, 0xe7, 0x0, 0x0, 0x0, 0x0, 0x7, 0xff,
    0x20, 0x7f, 0xff, 0xff, 0xf8, 0x2, 0xff, 0x70,
    0x0, 0x0, 0x0, 0x0, 0xc, 0xff, 0xd1, 0x3,
    0xad, 0xda, 0x30, 0x1d, 0xff, 0xc0, 0x0, 0x0,
    0x0, 0x0, 0x1f, 0xff, 0xfd, 0x30, 0x0, 0x0,
    0x3, 0xdf, 0xff, 0xf1, 0x0, 0x0, 0x0, 0x0,
    0x6f, 0xff, 0xff, 0xfb, 0x75, 0x57, 0xbf, 0xff,
    0xff, 0xf6, 0x0, 0x0, 0x0, 0x0, 0xbf, 0xff,
    0xff, 0xff, 0xff, 0xff, 0xff, 0xff, 0xff, 0xfc,
    0x0, 0x0, 0x0, 0x1, 0xff, 0xff, 0xb6, 0x4f,
    0xff, 0xff, 0xf4, 0x5b, 0xff, 0xff, 0x10, 0x0,
    0x0, 0x0, 0xcb, 0x51, 0x0, 0xb, 0xff, 0xff,
    0xb0, 0x0, 0x5, 0xbc, 0x0, 0x0, 0x0, 0x0,
    0x0, 0x0, 0x0, 0x3, 0xff, 0xff, 0x30, 0x0,
    0x0, 0x0, 0x0, 0x0, 0x0, 0x0, 0x0, 0x0,
    0x0, 0x0, 0xbf, 0xfb, 0x0, 0x0, 0x0, 0x0,
    0x0, 0x0, 0x0, 0x0, 0x0, 0x0, 0x0, 0x0,
    0x3f, 0xf3, 0x0, 0x0, 0x0, 0x0, 0x0, 0x0,
    0x0, 0x0, 0x0, 0x0, 0x0, 0x0, 0x7, 0x70,
    0x0, 0x0, 0x0, 0x0, 0x0, 0x0,

    /* U+F186 "" */
    0x0, 0x0, 0x0, 0x0, 0x0, 0x0, 0x23, 0x43,
    0x10, 0x0, 0x0, 0x0, 0x0, 0x0, 0x0, 0x0,
    0x0, 0x5, 0xbf, 0xff, 0xff, 0xf8, 0x0, 0x0,
    0x0, 0x0, 0x0, 0x0, 0x0, 0x6, 0xef, 0xff,
    0xff, 0xff, 0xb1, 0x0, 0x0, 0x0, 0x0, 0x0,
    0x0, 0x1, 0xbf, 0xff, 0xff, 0xff, 0xf8, 0x0,
    0x0, 0x0, 0x0, 0x0, 0x0, 0x0, 0x2d, 0xff,
    0xff, 0xff, 0xff, 0x80, 0x0, 0x0, 0x0, 0x0,
    0x0, 0x0, 0x1, 0xdf, 0xff, 0xff, 0xff, 0xfb,
    0x0, 0x0, 0x0, 0x0, 0x0, 0x0, 0x0, 0xc,
    0xff, 0xff, 0xff, 0xff, 0xf2, 0x0, 0x0, 0x0,
    0x0, 0x0, 0x0, 0x0, 0x7f, 0xff, 0xff, 0xff,
    0xff, 0xa0, 0x0, 0x0, 0x0, 0x0, 0x0, 0x0,
    0x1, 0xff, 0xff, 0xff, 0xff, 0xff, 0x40, 0x0,
    0x0, 0x0, 0x0, 0x0, 0x0, 0x7, 0xff, 0xff,
    0xff, 0xff, 0xff, 0x0, 0x0, 0x0, 0x0, 0x0,
    0x0, 0x0, 0xd, 0xff, 0xff, 0xff, 0xff, 0xfd,
    0x0, 0x0, 0x0, 0x0, 0x0, 0x0, 0x0, 0x1f,
    0xff, 0xff, 0xff, 0xff, 0xfc, 0x0, 0x0, 0x0,
    0x0, 0x0, 0x0, 0x0, 0x4f, 0xff, 0xff, 0xff,
    0xff, 0xfd, 0x0, 0x0, 0x0, 0x0, 0x0, 0x0,
    0x0, 0x6f, 0xff, 0xff, 0xff, 0xff, 0xff, 0x0,
    0x0, 0x0, 0x0, 0x0, 0x0, 0x0, 0x6f, 0xff,
    0xff, 0xff, 0xff, 0xff, 0x20, 0x0, 0x0, 0x0,
    0x0, 0x0, 0x0, 0x6f, 0xff, 0xff, 0xff, 0xff,
    0xff, 0x70, 0x0, 0x0, 0x0, 0x0, 0x0, 0x0,
    0x5f, 0xff, 0xff, 0xff, 0xff, 0xff, 0xd0, 0x0,
    0x0, 0x0, 0x0, 0x0, 0x0, 0x2f, 0xff, 0xff,
    0xff, 0xff, 0xff, 0xf7, 0x0, 0x0, 0x0, 0x0,
    0x0, 0x0, 0xe, 0xff, 0xff, 0xff, 0xff, 0xff,
    0xff, 0x20, 0x0, 0x0, 0x0, 0x0, 0x0, 0x9,
    0xff, 0xff, 0xff, 0xff, 0xff, 0xff, 0xe2, 0x0,
    0x0, 0x0, 0x0, 0x0, 0x3, 0xff, 0xff, 0xff,
    0xff, 0xff, 0xff, 0xfe, 0x40, 0x0, 0x0, 0x0,
    0x0, 0x0, 0xaf, 0xff, 0xff, 0xff, 0xff, 0xff,
    0xff, 0xfa, 0x20, 0x0, 0x0, 0x0, 0x0, 0x1f,
    0xff, 0xff, 0xff, 0xff, 0xff, 0xff, 0xff, 0xfc,
    0x85, 0x45, 0x73, 0x0, 0x5, 0xff, 0xff, 0xff,
    0xff, 0xff, 0xff, 0xff, 0xff, 0xff, 0xff, 0xf6,
    0x0, 0x0, 0x6f, 0xff, 0xff, 0xff, 0xff, 0xff,
    0xff, 0xff, 0xff, 0xff, 0x80, 0x0, 0x0, 0x5,
    0xff, 0xff, 0xff, 0xff, 0xff, 0xff, 0xff, 0xff,
    0xf7, 0x0, 0x0, 0x0, 0x0, 0x2c, 0xff, 0xff,
    0xff, 0xff, 0xff, 0xff, 0xfd, 0x30, 0x0, 0x0,
    0x0, 0x0, 0x0, 0x4c, 0xff, 0xff, 0xff, 0xff,
    0xfc, 0x60, 0x0, 0x0, 0x0, 0x0, 0x0, 0x0,
    0x0, 0x15, 0x8a, 0xba, 0x95, 0x20, 0x0, 0x0,
    0x0,

    /* U+F1DE "" */
    0x0, 0x0, 0x0, 0x0, 0x0, 0x0, 0x6d, 0xd6,
    0x0, 0x0, 0x0, 0x0, 0x0, 0x0, 0x1, 0x11,
    0x11, 0x11, 0x11, 0x11, 0xcf, 0xfc, 0x11, 0x11,
    0x11, 0x11, 0x11, 0x10, 0xdf, 0xff, 0xff, 0xff,
    0xff, 0xff, 0xff, 0xff, 0xff, 0xff, 0xff, 0xff,
    0xff, 0xfd, 0xff, 0xff, 0xff, 0xff, 0xff, 0xff,
    0xff, 0xff, 0xff, 0xff, 0xff, 0xff, 0xff, 0xff,
    0xff, 0xff, 0xff, 0xff, 0xff, 0xff, 0xff, 0xff,
    0xff, 0xff, 0xff, 0xff, 0xff, 0xff, 0x36, 0x66,
    0x66, 0x66, 0x66, 0x66, 0xdf, 0xfd, 0x66, 0x66,
    0x66, 0x66, 0x66, 0x63, 0x0, 0x0, 0x0, 0x0,
    0x0, 0x0, 0xaf, 0xfa, 0x0, 0x0, 0x0, 0x0,
    0x0, 0x0, 0x0, 0x0, 0x0, 0x0, 0x0, 0x0,
    0x2, 0x20, 0x0, 0x0, 0x0, 0x0, 0x0, 0x0,
    0x0, 0x0, 0x0, 0x0, 0x0, 0x0, 0x0, 0x0,
    0x0, 0x0, 0x0, 0x0, 0x0, 0x0, 0x0, 0x0,
    0x0, 0x0, 0x0, 0x0, 0x0, 0x0, 0x0, 0x8,
    0xff, 0x80, 0x0, 0x0, 0x14, 0x44, 0x44, 0x44,
    0x44, 0x44, 0x44, 0x44, 0x44, 0x4d, 0xff, 0xd4,
    0x44, 0x41, 0xef, 0xff, 0xff, 0xff, 0xff, 0xff,
    0xff, 0xff, 0xff, 0xff, 0xff, 0xff, 0xff, 0xfe,
    0xff, 0xff, 0xff, 0xff, 0xff, 0xff, 0xff, 0xff,
    0xff, 0xff, 0xff, 0xff, 0xff, 0xff, 0xef, 0xff,
    0xff, 0xff, 0xff, 0xff, 0xff, 0xff, 0xff, 0xff,
    0xff, 0xff, 0xff, 0xfe, 0x14, 0x44, 0x44, 0x44,
    0x44, 0x44, 0x44, 0x44, 0x44, 0x4d, 0xff, 0xd4,
    0x44, 0x41, 0x0, 0x0, 0x0, 0x0, 0x0, 0x0,
    0x0, 0x0, 0x0, 0x8, 0xff, 0x80, 0x0, 0x0,
    0x0, 0x0, 0x0, 0x0, 0x0, 0x0, 0x0, 0x0,
    0x0, 0x0, 0x0, 0x0, 0x0, 0x0, 0x0, 0x0,
    0x0, 0x22, 0x0, 0x0, 0x0, 0x0, 0x0, 0x0,
    0x0, 0x0, 0x0, 0x0, 0x0, 0x0, 0xa, 0xff,
    0xa0, 0x0, 0x0, 0x0, 0x0, 0x0, 0x0, 0x0,
    0x0, 0x0, 0x36, 0x66, 0x6d, 0xff, 0xd6, 0x66,
    0x66, 0x66, 0x66, 0x66, 0x66, 0x66, 0x66, 0x63,
    0xff, 0xff, 0xff, 0xff, 0xff, 0xff, 0xff, 0xff,
    0xff, 0xff, 0xff, 0xff, 0xff, 0xff, 0xff, 0xff,
    0xff, 0xff, 0xff, 0xff, 0xff, 0xff, 0xff, 0xff,
    0xff, 0xff, 0xff, 0xff, 0xdf, 0xff, 0xff, 0xff,
    0xff, 0xff, 0xff, 0xff, 0xff, 0xff, 0xff, 0xff,
    0xff, 0xfd, 0x1, 0x11, 0x1c, 0xff, 0xc1, 0x11,
    0x11, 0x11, 0x11, 0x11, 0x11, 0x11, 0x11, 0x10,
    0x0, 0x0, 0x6, 0xdd, 0x60, 0x0, 0x0, 0x0,
    0x0, 0x0, 0x0, 0x0, 0x0, 0x0,

    /* U+F1E6 "" */
    0x0, 0x0, 0x7a, 0x30, 0x0, 0x0, 0x0, 0x3a,
    0x70, 0x0, 0x0, 0x0, 0x5f, 0xfd, 0x0, 0x0,
    0x0, 0xd, 0xff, 0x50, 0x0, 0x0, 0x7, 0xff,
    0xf0, 0x0, 0x0, 0x0, 0xff, 0xf7, 0x0, 0x0,
    0x0, 0x8f, 0xff, 0x0, 0x0, 0x0, 0xf, 0xff,
    0x80, 0x0, 0x0, 0x8, 0xff, 0xf0, 0x0, 0x0,
    0x0, 0xff, 0xf8, 0x0, 0x0, 0x0, 0x8f, 0xff,
    0x0, 0x0, 0x0, 0xf, 0xff, 0x80, 0x0, 0x0,
    0x8, 0xff, 0xf0, 0x0, 0x0, 0x0, 0xff, 0xf8,
    0x0, 0x0, 0x0, 0x8f, 0xff, 0x0, 0x0, 0x0,
    0xf, 0xff, 0x80, 0x0, 0x0, 0x1, 0x22, 0x20,
    0x0, 0x0, 0x0, 0x22, 0x21, 0x0, 0x5, 0x88,
    0x88, 0x88, 0x88, 0x88, 0x88, 0x88, 0x88, 0x88,
    0x85, 0xff, 0xff, 0xff, 0xff, 0xff, 0xff, 0xff,
    0xff, 0xff, 0xff, 0xff, 0xff, 0xff, 0xff, 0xff,
    0xff, 0xff, 0xff, 0xff, 0xff, 0xff, 0xbf, 0xff,
    0xff, 0xff, 0xff, 0xff, 0xff, 0xff, 0xff, 0xff,
    0xb0, 0x4f, 0xff, 0xff, 0xff, 0xff, 0xff, 0xff,
    0xff, 0xff, 0x40, 0x3, 0xff, 0xff, 0xff, 0xff,
    0xff, 0xff, 0xff, 0xff, 0xf3, 0x0, 0x3f, 0xff,
    0xff, 0xff, 0xff, 0xff, 0xff, 0xff, 0xff, 0x20,
    0x1, 0xff, 0xff, 0xff, 0xff, 0xff, 0xff, 0xff,
    0xff, 0xf1, 0x0, 0xc, 0xff, 0xff, 0xff, 0xff,
    0xff, 0xff, 0xff, 0xfc, 0x0, 0x0, 0x5f, 0xff,
    0xff, 0xff, 0xff, 0xff, 0xff, 0xff, 0x50, 0x0,
    0x0, 0xcf, 0xff, 0xff, 0xff, 0xff, 0xff, 0xff,
    0xc0, 0x0, 0x0, 0x2, 0xef, 0xff, 0xff, 0xff,
    0xff, 0xff, 0xe2, 0x0, 0x0, 0x0, 0x2, 0xdf,
    0xff, 0xff, 0xff, 0xff, 0xd2, 0x0, 0x0, 0x0,
    0x0, 0x0, 0x7e, 0xff, 0xff, 0xfe, 0x70, 0x0,
    0x0, 0x0, 0x0, 0x0, 0x0, 0x6, 0xff, 0xf6,
    0x0, 0x0, 0x0, 0x0, 0x0, 0x0, 0x0, 0x0,
    0x4f, 0xff, 0x40, 0x0, 0x0, 0x0, 0x0, 0x0,
    0x0, 0x0, 0x4, 0xff, 0xf4, 0x0, 0x0, 0x0,
    0x0, 0x0, 0x0, 0x0, 0x0, 0x4f, 0xff, 0x40,
    0x0, 0x0, 0x0, 0x0, 0x0, 0x0, 0x0, 0x4,
    0xff, 0xf4, 0x0, 0x0, 0x0, 0x0, 0x0, 0x0,
    0x0, 0x0, 0x2b, 0xbb, 0x20, 0x0, 0x0, 0x0,
    0x0,

    /* U+F1EB "" */
    0x0, 0x0, 0x0, 0x0, 0x0, 0x0, 0x0, 0x0,
    0x0, 0x0, 0x0, 0x0, 0x0, 0x0, 0x0, 0x0,
    0x0, 0x0, 0x0, 0x0, 0x0, 0x0, 0x0, 0x3,
    0x69, 0xab, 0xcb, 0xa9, 0x63, 0x0, 0x0, 0x0,
    0x0, 0x0, 0x0, 0x0, 0x0, 0x0, 0x0, 0x27,
    0xcf, 0xff, 0xff, 0xff, 0xff, 0xff, 0xff, 0xc7,
    0x20, 0x0, 0x0, 0x0, 0x0, 0x0, 0x0, 0x3,
    0xbf, 0xff, 0xff, 0xff, 0xff, 0xff, 0xff, 0xff,
    0xff, 0xff, 0xb3, 0x0, 0x0, 0x0, 0x0, 0x0,
    0x2c, 0xff, 0xff, 0xff, 0xff, 0xff, 0xff, 0xff,
    0xff, 0xff, 0xff, 0xff, 0xfc, 0x20, 0x0, 0x0,
    0x0, 0x8f, 0xff, 0xff, 0xff, 0xff, 0xfd, 0xba,
    0xaa, 0xbd, 0xff, 0xff, 0xff, 0xff, 0xff, 0x80,
    0x0, 0x1, 0xdf, 0xff, 0xff, 0xff, 0xc7, 0x30,
    0x0, 0x0, 0x0, 0x0, 0x37, 0xcf, 0xff, 0xff,
    0xff, 0xd1, 0x3, 0xef, 0xff, 0xff, 0xf9, 0x20,
    0x0, 0x0, 0x0, 0x0, 0x0, 0x0, 0x0, 0x29,
    0xff, 0xff, 0xff, 0xe3, 0xef, 0xff, 0xff, 0xb2,
    0x0, 0x0, 0x0, 0x0, 0x0, 0x0, 0x0, 0x0,
    0x0, 0x2, 0xbf, 0xff, 0xff, 0xe7, 0xff, 0xff,
    0x60, 0x0, 0x0, 0x0, 0x0, 0x0, 0x0, 0x0,
    0x0, 0x0, 0x0, 0x0, 0x6f, 0xff, 0xf7, 0x7,
    0xfe, 0x20, 0x0, 0x0, 0x0, 0x48, 0xbe, 0xff,
    0xfd, 0xb8, 0x40, 0x0, 0x0, 0x0, 0x2d, 0xf7,
    0x0, 0x4, 0x10, 0x0, 0x0, 0x18, 0xef, 0xff,
    0xff, 0xff, 0xff, 0xff, 0xe8, 0x10, 0x0, 0x0,
    0x14, 0x0, 0x0, 0x0, 0x0, 0x0, 0x6e, 0xff,
    0xff, 0xff, 0xff, 0xff, 0xff, 0xff, 0xfe, 0x60,
    0x0, 0x0, 0x0, 0x0, 0x0, 0x0, 0x1, 0xbf,
    0xff, 0xff, 0xff, 0xff, 0xff, 0xff, 0xff, 0xff,
    0xff, 0xb1, 0x0, 0x0, 0x0, 0x0, 0x0, 0x0,
    0xbf, 0xff, 0xff, 0xff, 0xc8, 0x76, 0x78, 0xcf,
    0xff, 0xff, 0xff, 0xc0, 0x0, 0x0, 0x0, 0x0,
    0x0, 0x8, 0xff, 0xff, 0xe7, 0x0, 0x0, 0x0,
    0x0, 0x7, 0xef, 0xff, 0xf8, 0x0, 0x0, 0x0,
    0x0, 0x0, 0x0, 0x9, 0xff, 0x90, 0x0, 0x0,
    0x0, 0x0, 0x0, 0x0, 0x9f, 0xf9, 0x0, 0x0,
    0x0, 0x0, 0x0, 0x0, 0x0, 0x6, 0x40, 0x0,
    0x0, 0x0, 0x0, 0x0, 0x0, 0x0, 0x47, 0x0,
    0x0, 0x0, 0x0, 0x0, 0x0, 0x0, 0x0, 0x0,
    0x0, 0x0, 0x0, 0x1, 0x0, 0x0, 0x0, 0x0,
    0x0, 0x0, 0x0, 0x0, 0x0, 0x0, 0x0, 0x0,
    0x0, 0x0, 0x0, 0x0, 0x7f, 0xff, 0x70, 0x0,
    0x0, 0x0, 0x0, 0x0, 0x0, 0x0, 0x0, 0x0,
    0x0, 0x0, 0x0, 0x0, 0x0, 0x7f, 0xff, 0xff,
    0x70, 0x0, 0x0, 0x0, 0x0, 0x0, 0x0, 0x0,
    0x0, 0x0, 0x0, 0x0, 0x0, 0x0, 0xe, 0xff,
    0xff, 0xfe, 0x0, 0x0, 0x0, 0x0, 0x0, 0x0,
    0x0, 0x0, 0x0, 0x0, 0x0, 0x0, 0x0, 0x0,
    0xff, 0xff, 0xff, 0xf0, 0x0, 0x0, 0x0, 0x0,
    0x0, 0x0, 0x0, 0x0, 0x0, 0x0, 0x0, 0x0,
    0x0, 0xc, 0xff, 0xff, 0xfc, 0x0, 0x0, 0x0,
    0x0, 0x0, 0x0, 0x0, 0x0, 0x0, 0x0, 0x0,
    0x0, 0x0, 0x0, 0x4f, 0xff, 0xff, 0x40, 0x0,
    0x0, 0x0, 0x0, 0x0, 0x0, 0x0, 0x0, 0x0,
    0x0, 0x0, 0x0, 0x0, 0x0, 0x3b, 0xdb, 0x30,
    0x0, 0x0, 0x0, 0x0, 0x0, 0x0, 0x0,

    /* U+F240 "" */
    0x2, 0x67, 0x77, 0x77, 0x77, 0x77, 0x77, 0x77,
    0x77, 0x77, 0x77, 0x77, 0x77, 0x77, 0x77, 0x74,
    0x0, 0x5, 0xff, 0xff, 0xff, 0xff, 0xff, 0xff,
    0xff, 0xff, 0xff, 0xff, 0xff, 0xff, 0xff, 0xff,
    0xff, 0xf9, 0x0, 0xdf, 0xff, 0xff, 0xff, 0xff,
    0xff, 0xff, 0xff, 0xff, 0xff, 0xff, 0xff, 0xff,
    0xff, 0xff, 0xff, 0xf1, 0xf, 0xff, 0xff, 0xff,
    0xff, 0xff, 0xff, 0xff, 0xff, 0xff, 0xff, 0xff,
    0xff, 0xff, 0xff, 0xff, 0xff, 0x30, 0xff, 0xf8,
    0x0, 0x0, 0x0, 0x0, 0x0, 0x0, 0x0, 0x0,
    0x0, 0x0, 0x0, 0x0, 0x4, 0xff, 0xff, 0x9f,
    0xff, 0x80, 0x0, 0x0, 0x0, 0x0, 0x0, 0x0,
    0x0, 0x0, 0x0, 0x0, 0x0, 0x0, 0x4f, 0xff,
    0xff, 0xff, 0xf8, 0xc, 0xff, 0xff, 0xff, 0xff,
    0xff, 0xff, 0xff, 0xff, 0xff, 0xff, 0xff, 0x4,
    0xff, 0xff, 0xff, 0xff, 0x80, 0xcf, 0xff, 0xff,
    0xff, 0xff, 0xff, 0xff, 0xff, 0xff, 0xff, 0xff,
    0xf0, 0x28, 0xcf, 0xff, 0xff, 0xf8, 0xc, 0xff,
    0xff, 0xff, 0xff, 0xff, 0xff, 0xff, 0xff, 0xff,
    0xff, 0xff, 0x0, 0x8, 0xff, 0xff, 0xff, 0x80,
    0xcf, 0xff, 0xff, 0xff, 0xff, 0xff, 0xff, 0xff,
    0xff, 0xff, 0xff, 0xf0, 0x0, 0x8f, 0xff, 0xff,
    0xf8, 0xc, 0xff, 0xff, 0xff, 0xff, 0xff, 0xff,
    0xff, 0xff, 0xff, 0xff, 0xff, 0x0, 0x8, 0xff,
    0xff, 0xff, 0x80, 0xcf, 0xff, 0xff, 0xff, 0xff,
    0xff, 0xff, 0xff, 0xff, 0xff, 0xff, 0xf0, 0x3f,
    0xff, 0xff, 0xff, 0xf8, 0xc, 0xff, 0xff, 0xff,
    0xff, 0xff, 0xff, 0xff, 0xff, 0xff, 0xff, 0xff,
    0x4, 0xff, 0xff, 0xff, 0xff, 0x80, 0x0, 0x0,
    0x0, 0x0, 0x0, 0x0, 0x0, 0x0, 0x0, 0x0,
    0x0, 0x0, 0x4f, 0xff, 0xfe, 0xff, 0xfb, 0x77,
    0x77, 0x77, 0x77, 0x77, 0x77, 0x77, 0x77, 0x77,
    0x77, 0x77, 0x77, 0x79, 0xff, 0xfa, 0x3f, 0xff,
    0xff, 0xff, 0xff, 0xff, 0xff, 0xff, 0xff, 0xff,
    0xff, 0xff, 0xff, 0xff, 0xff, 0xff, 0xff, 0x30,
    0xbf, 0xff, 0xff, 0xff, 0xff, 0xff, 0xff, 0xff,
    0xff, 0xff, 0xff, 0xff, 0xff, 0xff, 0xff, 0xff,
    0xe0, 0x1, 0xbf, 0xff, 0xff, 0xff, 0xff, 0xff,
    0xff, 0xff, 0xff, 0xff, 0xff, 0xff, 0xff, 0xff,
    0xff, 0xd3, 0x0, 0x0, 0x0, 0x0, 0x0, 0x0,
    0x0, 0x0, 0x0, 0x0, 0x0, 0x0, 0x0, 0x0,
    0x0, 0x0, 0x0, 0x0, 0x0,

    /* U+F241 "" */
    0x2, 0x67, 0x77, 0x77, 0x77, 0x77, 0x77, 0x77,
    0x77, 0x77, 0x77, 0x77, 0x77, 0x77, 0x77, 0x74,
    0x0, 0x5, 0xff, 0xff, 0xff, 0xff, 0xff, 0xff,
    0xff, 0xff, 0xff, 0xff, 0xff, 0xff, 0xff, 0xff,
    0xff, 0xf9, 0x0, 0xdf, 0xff, 0xff, 0xff, 0xff,
    0xff, 0xff, 0xff, 0xff, 0xff, 0xff, 0xff, 0xff,
    0xff, 0xff, 0xff, 0xf1, 0xf, 0xff, 0xff, 0xff,
    0xff, 0xff, 0xff, 0xff, 0xff, 0xff, 0xff, 0xff,
    0xff, 0xff, 0xff, 0xff, 0xff, 0x30, 0xff, 0xf8,
    0x0, 0x0, 0x0, 0x0, 0x0, 0x0, 0x0, 0x0,
    0x0, 0x0, 0x0, 0x0, 0x4, 0xff, 0xff, 0x9f,
    0xff, 0x80, 0x0, 0x0, 0x0, 0x0, 0x0, 0x0,
    0x0, 0x0, 0x0, 0x0, 0x0, 0x0, 0x4f, 0xff,
    0xff, 0xff, 0xf8, 0xe, 0xff, 0xff, 0xff, 0xff,
    0xff, 0xff, 0xff, 0xff, 0x90, 0x0, 0x0, 0x4,
    0xff, 0xff, 0xff, 0xff, 0x80, 0xef, 0xff, 0xff,
    0xff, 0xff, 0xff, 0xff, 0xff, 0xf9, 0x0, 0x0,
    0x0, 0x28, 0xcf, 0xff, 0xff, 0xf8, 0xe, 0xff,
    0xff, 0xff, 0xff, 0xff, 0xff, 0xff, 0xff, 0x90,
    0x0, 0x0, 0x0, 0x8, 0xff, 0xff, 0xff, 0x80,
    0xef, 0xff, 0xff, 0xff, 0xff, 0xff, 0xff, 0xff,
    0xf9, 0x0, 0x0, 0x0, 0x0, 0x8f, 0xff, 0xff,
    0xf8, 0xe, 0xff, 0xff, 0xff, 0xff, 0xff, 0xff,
    0xff, 0xff, 0x90, 0x0, 0x0, 0x0, 0x8, 0xff,
    0xff, 0xff, 0x80, 0xef, 0xff, 0xff, 0xff, 0xff,
    0xff, 0xff, 0xff, 0xf9, 0x0, 0x0, 0x0, 0x3f,
    0xff, 0xff, 0xff, 0xf8, 0xe, 0xff, 0xff, 0xff,
    0xff, 0xff, 0xff, 0xff, 0xff, 0x90, 0x0, 0x0,
    0x4, 0xff, 0xff, 0xff, 0xff, 0x80, 0x0, 0x0,
    0x0, 0x0, 0x0, 0x0, 0x0, 0x0, 0x0, 0x0,
    0x0, 0x0, 0x4f, 0xff, 0xfe, 0xff, 0xfb, 0x77,
    0x77, 0x77, 0x77, 0x77, 0x77, 0x77, 0x77, 0x77,
    0x77, 0x77, 0x77, 0x79, 0xff, 0xfa, 0x3f, 0xff,
    0xff, 0xff, 0xff, 0xff, 0xff, 0xff, 0xff, 0xff,
    0xff, 0xff, 0xff, 0xff, 0xff, 0xff, 0xff, 0x30,
    0xbf, 0xff, 0xff, 0xff, 0xff, 0xff, 0xff, 0xff,
    0xff, 0xff, 0xff, 0xff, 0xff, 0xff, 0xff, 0xff,
    0xe0, 0x1, 0xbf, 0xff, 0xff, 0xff, 0xff, 0xff,
    0xff, 0xff, 0xff, 0xff, 0xff, 0xff, 0xff, 0xff,
    0xff, 0xd3, 0x0, 0x0, 0x0, 0x0, 0x0, 0x0,
    0x0, 0x0, 0x0, 0x0, 0x0, 0x0, 0x0, 0x0,
    0x0, 0x0, 0x0, 0x0, 0x0,

    /* U+F242 "" */
    0x2, 0x67, 0x77, 0x77, 0x77, 0x77, 0x77, 0x77,
    0x77, 0x77, 0x77, 0x77, 0x77, 0x77, 0x77, 0x74,
    0x0, 0x5, 0xff, 0xff, 0xff, 0xff, 0xff, 0xff,
    0xff, 0xff, 0xff, 0xff, 0xff, 0xff, 0xff, 0xff,
    0xff, 0xf9, 0x0, 0xdf, 0xff, 0xff, 0xff, 0xff,
    0xff, 0xff, 0xff, 0xff, 0xff, 0xff, 0xff, 0xff,
    0xff, 0xff, 0xff, 0xf1, 0xf, 0xff, 0xff, 0xff,
    0xff, 0xff, 0xff, 0xff, 0xff, 0xff, 0xff, 0xff,
    0xff, 0xff, 0xff, 0xff, 0xff, 0x30, 0xff, 0xf8,
    0x0, 0x0, 0x0, 0x0, 0x0, 0x0, 0x0, 0x0,
    0x0, 0x0, 0x0, 0x0, 0x4, 0xff, 0xff, 0x9f,
    0xff, 0x80, 0x0, 0x0, 0x0, 0x0, 0x0, 0x0,
    0x0, 0x0, 0x0, 0x0, 0x0, 0x0, 0x4f, 0xff,
    0xff, 0xff, 0xf8, 0xe, 0xff, 0xff, 0xff, 0xff,
    0xff, 0xf5, 0x0, 0x0, 0x0, 0x0, 0x0, 0x4,
    0xff, 0xff, 0xff, 0xff, 0x80, 0xef, 0xff, 0xff,
    0xff, 0xff, 0xff, 0x50, 0x0, 0x0, 0x0, 0x0,
    0x0, 0x28, 0xcf, 0xff, 0xff, 0xf8, 0xe, 0xff,
    0xff, 0xff, 0xff, 0xff, 0xf5, 0x0, 0x0, 0x0,
    0x0, 0x0, 0x0, 0x8, 0xff, 0xff, 0xff, 0x80,
    0xef, 0xff, 0xff, 0xff, 0xff, 0xff, 0x50, 0x0,
    0x0, 0x0, 0x0, 0x0, 0x0, 0x8f, 0xff, 0xff,
    0xf8, 0xe, 0xff, 0xff, 0xff, 0xff, 0xff, 0xf5,
    0x0, 0x0, 0x0, 0x0, 0x0, 0x0, 0x8, 0xff,
    0xff, 0xff, 0x80, 0xef, 0xff, 0xff, 0xff, 0xff,
    0xff, 0x50, 0x0, 0x0, 0x0, 0x0, 0x0, 0x3f,
    0xff, 0xff, 0xff, 0xf8, 0xe, 0xff, 0xff, 0xff,
    0xff, 0xff, 0xf5, 0x0, 0x0, 0x0, 0x0, 0x0,
    0x4, 0xff, 0xff, 0xff, 0xff, 0x80, 0x0, 0x0,
    0x0, 0x0, 0x0, 0x0, 0x0, 0x0, 0x0, 0x0,
    0x0, 0x0, 0x4f, 0xff, 0xfe, 0xff, 0xfb, 0x77,
    0x77, 0x77, 0x77, 0x77, 0x77, 0x77, 0x77, 0x77,
    0x77, 0x77, 0x77, 0x79, 0xff, 0xfa, 0x3f, 0xff,
    0xff, 0xff, 0xff, 0xff, 0xff, 0xff, 0xff, 0xff,
    0xff, 0xff, 0xff, 0xff, 0xff, 0xff, 0xff, 0x30,
    0xbf, 0xff, 0xff, 0xff, 0xff, 0xff, 0xff, 0xff,
    0xff, 0xff, 0xff, 0xff, 0xff, 0xff, 0xff, 0xff,
    0xe0, 0x1, 0xbf, 0xff, 0xff, 0xff, 0xff, 0xff,
    0xff, 0xff, 0xff, 0xff, 0xff, 0xff, 0xff, 0xff,
    0xff, 0xd3, 0x0, 0x0, 0x0, 0x0, 0x0, 0x0,
    0x0, 0x0, 0x0, 0x0, 0x0, 0x0, 0x0, 0x0,
    0x0, 0x0, 0x0, 0x0, 0x0,

    /* U+F243 "" */
    0x2, 0x67, 0x77, 0x77, 0x77, 0x77, 0x77, 0x77,
    0x77, 0x77, 0x77, 0x77, 0x77, 0x77, 0x77, 0x74,
    0x0, 0x5, 0xff, 0xff, 0xff, 0xff, 0xff, 0xff,
    0xff, 0xff, 0xff, 0xff, 0xff, 0xff, 0xff, 0xff,
    0xff, 0xf9, 0x0, 0xdf, 0xff, 0xff, 0xff, 0xff,
    0xff, 0xff, 0xff, 0xff, 0xff, 0xff, 0xff, 0xff,
    0xff, 0xff, 0xff, 0xf1, 0xf, 0xff, 0xff, 0xff,
    0xff, 0xff, 0xff, 0xff, 0xff, 0xff, 0xff, 0xff,
    0xff, 0xff, 0xff, 0xff, 0xff, 0x30, 0xff, 0xf8,
    0x0, 0x0, 0x0, 0x0, 0x0, 0x0, 0x0, 0x0,
    0x0, 0x0, 0x0, 0x0, 0x4, 0xff, 0xff, 0x9f,
    0xff, 0x80, 0x0, 0x0, 0x0, 0x0, 0x0, 0x0,
    0x0, 0x0, 0x0, 0x0, 0x0, 0x0, 0x4f, 0xff,
    0xff, 0xff, 0xf8, 0xe, 0xff, 0xff, 0xff, 0x10,
    0x0, 0x0, 0x0, 0x0, 0x0, 0x0, 0x0, 0x4,
    0xff, 0xff, 0xff, 0xff, 0x80, 0xef, 0xff, 0xff,
    0xf1, 0x0, 0x0, 0x0, 0x0, 0x0, 0x0, 0x0,
    0x0, 0x28, 0xcf, 0xff, 0xff, 0xf8, 0xe, 0xff,
    0xff, 0xff, 0x10, 0x0, 0x0, 0x0, 0x0, 0x0,
    0x0, 0x0, 0x0, 0x8, 0xff, 0xff, 0xff, 0x80,
    0xef, 0xff, 0xff, 0xf1, 0x0, 0x0, 0x0, 0x0,
    0x0, 0x0, 0x0, 0x0, 0x0, 0x8f, 0xff, 0xff,
    0xf8, 0xe, 0xff, 0xff, 0xff, 0x10, 0x0, 0x0,
    0x0, 0x0, 0x0, 0x0, 0x0, 0x0, 0x8, 0xff,
    0xff, 0xff, 0x80, 0xef, 0xff, 0xff, 0xf1, 0x0,
    0x0, 0x0, 0x0, 0x0, 0x0, 0x0, 0x0, 0x3f,
    0xff, 0xff, 0xff, 0xf8, 0xe, 0xff, 0xff, 0xff,
    0x10, 0x0, 0x0, 0x0, 0x0, 0x0, 0x0, 0x0,
    0x4, 0xff, 0xff, 0xff, 0xff, 0x80, 0x0, 0x0,
    0x0, 0x0, 0x0, 0x0, 0x0, 0x0, 0x0, 0x0,
    0x0, 0x0, 0x4f, 0xff, 0xfe, 0xff, 0xfb, 0x77,
    0x77, 0x77, 0x77, 0x77, 0x77, 0x77, 0x77, 0x77,
    0x77, 0x77, 0x77, 0x79, 0xff, 0xfa, 0x3f, 0xff,
    0xff, 0xff, 0xff, 0xff, 0xff, 0xff, 0xff, 0xff,
    0xff, 0xff, 0xff, 0xff, 0xff, 0xff, 0xff, 0x30,
    0xbf, 0xff, 0xff, 0xff, 0xff, 0xff, 0xff, 0xff,
    0xff, 0xff, 0xff, 0xff, 0xff, 0xff, 0xff, 0xff,
    0xe0, 0x1, 0xbf, 0xff, 0xff, 0xff, 0xff, 0xff,
    0xff, 0xff, 0xff, 0xff, 0xff, 0xff, 0xff, 0xff,
    0xff, 0xd3, 0x0, 0x0, 0x0, 0x0, 0x0, 0x0,
    0x0, 0x0, 0x0, 0x0, 0x0, 0x0, 0x0, 0x0,
    0x0, 0x0, 0x0, 0x0, 0x0,

    /* U+F244 "" */
    0x2, 0x67, 0x77, 0x77, 0x77, 0x77, 0x77, 0x77,
    0x77, 0x77, 0x77, 0x77, 0x77, 0x77, 0x77, 0x74,
    0x0, 0x5, 0xff, 0xff, 0xff, 0xff, 0xff, 0xff,
    0xff, 0xff, 0xff, 0xff, 0xff, 0xff, 0xff, 0xff,
    0xff, 0xf9, 0x0, 0xdf, 0xff, 0xff, 0xff, 0xff,
    0xff, 0xff, 0xff, 0xff, 0xff, 0xff, 0xff, 0xff,
    0xff, 0xff, 0xff, 0xf1, 0xf, 0xff, 0xff, 0xff,
    0xff, 0xff, 0xff, 0xff, 0xff, 0xff, 0xff, 0xff,
    0xff, 0xff, 0xff, 0xff, 0xff, 0x30, 0xff, 0xf8,
    0x0, 0x0, 0x0, 0x0, 0x0, 0x0, 0x0, 0x0,
    0x0, 0x0, 0x0, 0x0, 0x4, 0xff, 0xff, 0x9f,
    0xff, 0x80, 0x0, 0x0, 0x0, 0x0, 0x0, 0x0,
    0x0, 0x0, 0x0, 0x0, 0x0, 0x0, 0x4f, 0xff,
    0xff, 0xff, 0xf8, 0x0, 0x0, 0x0, 0x0, 0x0,
    0x0, 0x0, 0x0, 0x0, 0x0, 0x0, 0x0, 0x4,
    0xff, 0xff, 0xff, 0xff, 0x80, 0x0, 0x0, 0x0,
    0x0, 0x0, 0x0, 0x0, 0x0, 0x0, 0x0, 0x0,
    0x0, 0x28, 0xcf, 0xff, 0xff, 0xf8, 0x0, 0x0,
    0x0, 0x0, 0x0, 0x0, 0x0, 0x0, 0x0, 0x0,
    0x0, 0x0, 0x0, 0x8, 0xff, 0xff, 0xff, 0x80,
    0x0, 0x0, 0x0, 0x0, 0x0, 0x0, 0x0, 0x0,
    0x0, 0x0, 0x0, 0x0, 0x0, 0x8f, 0xff, 0xff,
    0xf8, 0x0, 0x0, 0x0, 0x0, 0x0, 0x0, 0x0,
    0x0, 0x0, 0x0, 0x0, 0x0, 0x0, 0x8, 0xff,
    0xff, 0xff, 0x80, 0x0, 0x0, 0x0, 0x0, 0x0,
    0x0, 0x0, 0x0, 0x0, 0x0, 0x0, 0x0, 0x3f,
    0xff, 0xff, 0xff, 0xf8, 0x0, 0x0, 0x0, 0x0,
    0x0, 0x0, 0x0, 0x0, 0x0, 0x0, 0x0, 0x0,
    0x4, 0xff, 0xff, 0xff, 0xff, 0x80, 0x0, 0x0,
    0x0, 0x0, 0x0, 0x0, 0x0, 0x0, 0x0, 0x0,
    0x0, 0x0, 0x4f, 0xff, 0xfe, 0xff, 0xfb, 0x77,
    0x77, 0x77, 0x77, 0x77, 0x77, 0x77, 0x77, 0x77,
    0x77, 0x77, 0x77, 0x79, 0xff, 0xfa, 0x3f, 0xff,
    0xff, 0xff, 0xff, 0xff, 0xff, 0xff, 0xff, 0xff,
    0xff, 0xff, 0xff, 0xff, 0xff, 0xff, 0xff, 0x30,
    0xbf, 0xff, 0xff, 0xff, 0xff, 0xff, 0xff, 0xff,
    0xff, 0xff, 0xff, 0xff, 0xff, 0xff, 0xff, 0xff,
    0xe0, 0x1, 0xbf, 0xff, 0xff, 0xff, 0xff, 0xff,
    0xff, 0xff, 0xff, 0xff, 0xff, 0xff, 0xff, 0xff,
    0xff, 0xd3, 0x0, 0x0, 0x0, 0x0, 0x0, 0x0,
    0x0, 0x0, 0x0, 0x0, 0x0, 0x0, 0x0, 0x0,
    0x0, 0x0, 0x0, 0x0, 0x0,

    /* U+F287 "" */
    0x0, 0x0, 0x0, 0x0, 0x0, 0x0, 0x0, 0x0,
    0x0, 0x0, 0x10, 0x0, 0x0, 0x0, 0x0, 0x0,
    0x0, 0x0, 0x0, 0x0, 0x0, 0x0, 0x0, 0x0,
    0x0, 0x0, 0x0, 0x5e, 0xfe, 0x40, 0x0, 0x0,
    0x0, 0x0, 0x0, 0x0, 0x0, 0x0, 0x0, 0x0,
    0x0, 0x0, 0x0, 0x1, 0x23, 0xff, 0xff, 0xf1,
    0x0, 0x0, 0x0, 0x0, 0x0, 0x0, 0x0, 0x0,
    0x0, 0x0, 0x0, 0x0, 0x1, 0xbf, 0xff, 0xff,
    0xff, 0xf5, 0x0, 0x0, 0x0, 0x0, 0x0, 0x0,
    0x0, 0x0, 0x0, 0x0, 0x0, 0x0, 0xb, 0xff,
    0xcd, 0xff, 0xff, 0xf4, 0x0, 0x0, 0x0, 0x0,
    0x0, 0x0, 0x0, 0x0, 0x0, 0x0, 0x0, 0x0,
    0x5f, 0xe1, 0x0, 0xcf, 0xff, 0xc0, 0x0, 0x0,
    0x0, 0x0, 0x0, 0x0, 0x0, 0x0, 0x0, 0x0,
    0x0, 0x0, 0xdf, 0x50, 0x0, 0x7, 0xa7, 0x0,
    0x0, 0x0, 0x0, 0x0, 0x0, 0x0, 0x0, 0x2,
    0x10, 0x0, 0x0, 0x4, 0xfd, 0x0, 0x0, 0x0,
    0x0, 0x0, 0x0, 0x0, 0x0, 0x0, 0x0, 0x0,
    0x4, 0xef, 0xfc, 0x20, 0x0, 0xc, 0xf5, 0x0,
    0x0, 0x0, 0x0, 0x0, 0x0, 0x0, 0x7, 0x40,
    0x0, 0x0, 0x4f, 0xff, 0xff, 0xe1, 0x0, 0x4f,
    0xe0, 0x0, 0x0, 0x0, 0x0, 0x0, 0x0, 0x0,
    0xc, 0xfb, 0x20, 0x0, 0xcf, 0xff, 0xff, 0xfa,
    0x35, 0xef, 0x94, 0x44, 0x44, 0x44, 0x44, 0x44,
    0x44, 0x44, 0x4d, 0xff, 0xf7, 0x0, 0xff, 0xff,
    0xff, 0xff, 0xff, 0xff, 0xff, 0xff, 0xff, 0xff,
    0xff, 0xff, 0xff, 0xff, 0xff, 0xff, 0xff, 0xd0,
    0xef, 0xff, 0xff, 0xfe, 0xbb, 0xbb, 0xbc, 0xff,
    0xcb, 0xbb, 0xbb, 0xbb, 0xbb, 0xbb, 0xbf, 0xff,
    0xfe, 0x50, 0x8f, 0xff, 0xff, 0xf4, 0x0, 0x0,
    0x0, 0x9f, 0xa0, 0x0, 0x0, 0x0, 0x0, 0x0,
    0xc, 0xff, 0x80, 0x0, 0xb, 0xff, 0xff, 0x80,
    0x0, 0x0, 0x0, 0xe, 0xf2, 0x0, 0x0, 0x0,
    0x0, 0x0, 0xc, 0xb2, 0x0, 0x0, 0x0, 0x58,
    0x73, 0x0, 0x0, 0x0, 0x0, 0x7, 0xfa, 0x0,
    0x0, 0x0, 0x0, 0x0, 0x0, 0x0, 0x0, 0x0,
    0x0, 0x0, 0x0, 0x0, 0x0, 0x0, 0x0, 0x1,
    0xff, 0x20, 0x6, 0xdd, 0xdd, 0xc2, 0x0, 0x0,
    0x0, 0x0, 0x0, 0x0, 0x0, 0x0, 0x0, 0x0,
    0x0, 0x0, 0x8f, 0xc0, 0x9, 0xff, 0xff, 0xf4,
    0x0, 0x0, 0x0, 0x0, 0x0, 0x0, 0x0, 0x0,
    0x0, 0x0, 0x0, 0x0, 0xc, 0xff, 0xde, 0xff,
    0xff, 0xf4, 0x0, 0x0, 0x0, 0x0, 0x0, 0x0,
    0x0, 0x0, 0x0, 0x0, 0x0, 0x0, 0x1, 0xaf,
    0xff, 0xff, 0xff, 0xf4, 0x0, 0x0, 0x0, 0x0,
    0x0, 0x0, 0x0, 0x0, 0x0, 0x0, 0x0, 0x0,
    0x0, 0x0, 0x19, 0xff, 0xff, 0xf4, 0x0, 0x0,
    0x0, 0x0, 0x0, 0x0, 0x0, 0x0, 0x0, 0x0,
    0x0, 0x0, 0x0, 0x0, 0x8, 0xff, 0xff, 0xf4,
    0x0, 0x0, 0x0, 0x0, 0x0, 0x0, 0x0, 0x0,
    0x0, 0x0, 0x0, 0x0, 0x0, 0x0, 0x0, 0x0,
    0x0, 0x0, 0x0, 0x0, 0x0, 0x0,

    /* U+F293 "" */
    0x0, 0x0, 0x0, 0x0, 0x1, 0x34, 0x32, 0x0,
    0x0, 0x0, 0x0, 0x0, 0x0, 0x0, 0x3a, 0xef,
    0xff, 0xff, 0xfb, 0x50, 0x0, 0x0, 0x0, 0x0,
    0xa, 0xff, 0xff, 0xff, 0xff, 0xff, 0xfc, 0x10,
    0x0, 0x0, 0x1, 0xcf, 0xff, 0xff, 0xc7, 0xff,
    0xff, 0xff, 0xd1, 0x0, 0x0, 0xb, 0xff, 0xff,
    0xff, 0xc0, 0x8f, 0xff, 0xff, 0xfc, 0x0, 0x0,
    0x5f, 0xff, 0xff, 0xff, 0xc0, 0x9, 0xff, 0xff,
    0xff, 0x50, 0x0, 0xcf, 0xff, 0xff, 0xff, 0xc0,
    0x0, 0xaf, 0xff, 0xff, 0xb0, 0x2, 0xff, 0xff,
    0xff, 0xff, 0xc0, 0x0, 0xb, 0xff, 0xff, 0xf1,
    0x6, 0xff, 0xff, 0xaf, 0xff, 0xc0, 0x39, 0x0,
    0xcf, 0xff, 0xf5, 0xa, 0xff, 0xf9, 0x3, 0xef,
    0xc0, 0x3f, 0x90, 0x1d, 0xff, 0xf8, 0xc, 0xff,
    0xfd, 0x10, 0x3e, 0xc0, 0x2f, 0xb0, 0xc, 0xff,
    0xfa, 0xe, 0xff, 0xff, 0xd1, 0x3, 0xb0, 0x2b,
    0x0, 0xaf, 0xff, 0xfc, 0xf, 0xff, 0xff, 0xfd,
    0x10, 0x10, 0x0, 0x9, 0xff, 0xff, 0xfd, 0xf,
    0xff, 0xff, 0xff, 0xd1, 0x0, 0x0, 0x7f, 0xff,
    0xff, 0xfe, 0x1f, 0xff, 0xff, 0xff, 0xfd, 0x10,
    0x5, 0xff, 0xff, 0xff, 0xfe, 0x1f, 0xff, 0xff,
    0xff, 0xfb, 0x0, 0x3, 0xff, 0xff, 0xff, 0xfe,
    0xf, 0xff, 0xff, 0xff, 0xb0, 0x0, 0x0, 0x3f,
    0xff, 0xff, 0xfd, 0xf, 0xff, 0xff, 0xfb, 0x0,
    0x20, 0x11, 0x4, 0xff, 0xff, 0xfd, 0xe, 0xff,
    0xff, 0xb0, 0x5, 0xc0, 0x2d, 0x10, 0x5f, 0xff,
    0xfc, 0xc, 0xff, 0xfb, 0x0, 0x5f, 0xc0, 0x2f,
    0xd0, 0x7, 0xff, 0xfa, 0x9, 0xff, 0xfb, 0x5,
    0xff, 0xc0, 0x3f, 0x60, 0x1d, 0xff, 0xf7, 0x5,
    0xff, 0xff, 0xdf, 0xff, 0xc0, 0x36, 0x1, 0xdf,
    0xff, 0xf4, 0x1, 0xff, 0xff, 0xff, 0xff, 0xd0,
    0x0, 0x1d, 0xff, 0xff, 0xf0, 0x0, 0xaf, 0xff,
    0xff, 0xff, 0xd0, 0x1, 0xdf, 0xff, 0xff, 0xa0,
    0x0, 0x2f, 0xff, 0xff, 0xff, 0xd0, 0x1d, 0xff,
    0xff, 0xff, 0x20, 0x0, 0x6, 0xff, 0xff, 0xff,
    0xd1, 0xcf, 0xff, 0xff, 0xf8, 0x0, 0x0, 0x0,
    0x6f, 0xff, 0xff, 0xec, 0xff, 0xff, 0xff, 0xb0,
    0x0, 0x0, 0x0, 0x2, 0xaf, 0xff, 0xff, 0xff,
    0xff, 0xe7, 0x0, 0x0, 0x0, 0x0, 0x0, 0x1,
    0x58, 0xab, 0xba, 0x84, 0x0, 0x0, 0x0,

    /* U+F2DB "" */
    0x0, 0x0, 0x0, 0x3, 0x44, 0x44, 0x44, 0x44,
    0x44, 0x44, 0x20, 0x0, 0x0, 0x0, 0x0, 0x0,
    0x2, 0xef, 0xff, 0xff, 0xff, 0xff, 0xff, 0xff,
    0xfb, 0x0, 0x0, 0x0, 0x0, 0x0, 0xb, 0xff,
    0xff, 0xff, 0xff, 0xff, 0xff, 0xff, 0xff, 0x60,
    0x0, 0x0, 0x0, 0x0, 0xe, 0xff, 0xff, 0xff,
    0xff, 0xff, 0xff, 0xff, 0xff, 0x90, 0x0, 0x0,
    0x0, 0x0, 0xe, 0xff, 0xff, 0xff, 0xff, 0xff,
    0xff, 0xff, 0xff, 0x90, 0x0, 0x0, 0x4, 0x77,
    0xe, 0xff, 0xff, 0xff, 0xff, 0xff, 0xff, 0xff,
    0xff, 0x90, 0x77, 0x40, 0xcf, 0xff, 0xe, 0xff,
    0xff, 0xff, 0xff, 0xff, 0xff, 0xff, 0xff, 0x90,
    0xff, 0xfc, 0x7d, 0xff, 0xe, 0xff, 0xff, 0xff,
    0xff, 0xff, 0xff, 0xff, 0xff, 0x90, 0xff, 0xd7,
    0x1, 0x22, 0xe, 0xff, 0xff, 0xff, 0xff, 0xff,
    0xff, 0xff, 0xff, 0x90, 0x22, 0x10, 0x0, 0x0,
    0xe, 0xff, 0xff, 0xff, 0xff, 0xff, 0xff, 0xff,
    0xff, 0x90, 0x0, 0x0, 0x2, 0x33, 0xe, 0xff,
    0xff, 0xff, 0xff, 0xff, 0xff, 0xff, 0xff, 0x90,
    0x33, 0x20, 0x8d, 0xff, 0xe, 0xff, 0xff, 0xff,
    0xff, 0xff, 0xff, 0xff, 0xff, 0x90, 0xff, 0xd8,
    0xbe, 0xff, 0xe, 0xff, 0xff, 0xff, 0xff, 0xff,
    0xff, 0xff, 0xff, 0x90, 0xff, 0xeb, 0x4, 0x66,
    0xe, 0xff, 0xff, 0xff, 0xff, 0xff, 0xff, 0xff,
    0xff, 0x90, 0x66, 0x40, 0x0, 0x0, 0xe, 0xff,
    0xff, 0xff, 0xff, 0xff, 0xff, 0xff, 0xff, 0x90,
    0x0, 0x0, 0x0, 0x0, 0xe, 0xff, 0xff, 0xff,
    0xff, 0xff, 0xff, 0xff, 0xff, 0x90, 0x0, 0x0,
    0x4b, 0xfe, 0xe, 0xff, 0xff, 0xff, 0xff, 0xff,
    0xff, 0xff, 0xff, 0x90, 0xef, 0xb4, 0xff, 0xff,
    0xe, 0xff, 0xff, 0xff, 0xff, 0xff, 0xff, 0xff,
    0xff, 0x90, 0xff, 0xff, 0x6, 0xa9, 0xe, 0xff,
    0xff, 0xff, 0xff, 0xff, 0xff, 0xff, 0xff, 0x90,
    0x9a, 0x60, 0x0, 0x0, 0xe, 0xff, 0xff, 0xff,
    0xff, 0xff, 0xff, 0xff, 0xff, 0x90, 0x0, 0x0,
    0x0, 0x0, 0xe, 0xff, 0xff, 0xff, 0xff, 0xff,
    0xff, 0xff, 0xff, 0x90, 0x0, 0x0, 0x7, 0xba,
    0xe, 0xff, 0xff, 0xff, 0xff, 0xff, 0xff, 0xff,
    0xff, 0x90, 0xab, 0x70, 0xff, 0xff, 0xe, 0xff,
    0xff, 0xff, 0xff, 0xff, 0xff, 0xff, 0xff, 0x90,
    0xff, 0xff, 0x3a, 0xed, 0xe, 0xff, 0xff, 0xff,
    0xff, 0xff, 0xff, 0xff, 0xff, 0x90, 0xde, 0xa3,
    0x0, 0x0, 0xe, 0xff, 0xff, 0xff, 0xff, 0xff,
    0xff, 0xff, 0xff, 0x90, 0x0, 0x0, 0x0, 0x0,
    0xe, 0xff, 0xff, 0xff, 0xff, 0xff, 0xff, 0xff,
    0xff, 0x90, 0x0, 0x0, 0x0, 0x0, 0xd, 0xff,
    0xff, 0xff, 0xff, 0xff, 0xff, 0xff, 0xff, 0x80,
    0x0, 0x0, 0x0, 0x0, 0x7, 0xff, 0xff, 0xff,
    0xff, 0xff, 0xff, 0xff, 0xff, 0x20, 0x0, 0x0,
    0x0, 0x0, 0x0, 0x6a, 0xbb, 0xbb, 0xbb, 0xbb,
    0xbb, 0xbb, 0x92, 0x0, 0x0, 0x0,

    /* U+F2ED "" */
    0x0, 0x0, 0x0, 0x0, 0x14, 0x44, 0x44, 0x43,
    0x0, 0x0, 0x0, 0x0, 0x0, 0x0, 0x0, 0x0,
    0x1f, 0xff, 0xff, 0xff, 0xf9, 0x0, 0x0, 0x0,
    0x0, 0x58, 0x88, 0x88, 0x8c, 0xff, 0xff, 0xff,
    0xff, 0xf8, 0x88, 0x88, 0x88, 0x1f, 0xff, 0xff,
    0xff, 0xff, 0xff, 0xff, 0xff, 0xff, 0xff, 0xff,
    0xff, 0xf7, 0xff, 0xff, 0xff, 0xff, 0xff, 0xff,
    0xff, 0xff, 0xff, 0xff, 0xff, 0xff, 0x8b, 0xff,
    0xff, 0xff, 0xff, 0xff, 0xff, 0xff, 0xff, 0xff,
    0xff, 0xff, 0xe4, 0x0, 0x0, 0x0, 0x0, 0x0,
    0x0, 0x0, 0x0, 0x0, 0x0, 0x0, 0x0, 0x0,
    0x28, 0x88, 0x88, 0x88, 0x88, 0x88, 0x88, 0x88,
    0x88, 0x88, 0x86, 0x0, 0x4, 0xff, 0xff, 0xff,
    0xff, 0xff, 0xff, 0xff, 0xff, 0xff, 0xff, 0xc0,
    0x0, 0x4f, 0xff, 0xff, 0xff, 0xff, 0xff, 0xff,
    0xff, 0xff, 0xff, 0xfc, 0x0, 0x4, 0xff, 0xff,
    0xff, 0xff, 0xff, 0xff, 0xff, 0xff, 0xff, 0xff,
    0xc0, 0x0, 0x4f, 0xff, 0xf5, 0x5f, 0xff, 0x92,
    0xff, 0xfc, 0x1c, 0xff, 0xfc, 0x0, 0x4, 0xff,
    0xff, 0x22, 0xff, 0xf6, 0xe, 0xff, 0xa0, 0xaf,
    0xff, 0xc0, 0x0, 0x4f, 0xff, 0xf2, 0x2f, 0xff,
    0x60, 0xef, 0xfa, 0xa, 0xff, 0xfc, 0x0, 0x4,
    0xff, 0xff, 0x22, 0xff, 0xf6, 0xe, 0xff, 0xa0,
    0xaf, 0xff, 0xc0, 0x0, 0x4f, 0xff, 0xf2, 0x2f,
    0xff, 0x60, 0xef, 0xfa, 0xa, 0xff, 0xfc, 0x0,
    0x4, 0xff, 0xff, 0x22, 0xff, 0xf6, 0xe, 0xff,
    0xa0, 0xaf, 0xff, 0xc0, 0x0, 0x4f, 0xff, 0xf2,
    0x2f, 0xff, 0x60, 0xef, 0xfa, 0xa, 0xff, 0xfc,
    0x0, 0x4, 0xff, 0xff, 0x22, 0xff, 0xf6, 0xe,
    0xff, 0xa0, 0xaf, 0xff, 0xc0, 0x0, 0x4f, 0xff,
    0xf2, 0x2f, 0xff, 0x60, 0xef, 0xfa, 0xa, 0xff,
    0xfc, 0x0, 0x4, 0xff, 0xff, 0x22, 0xff, 0xf6,
    0xe, 0xff, 0xa0, 0xaf, 0xff, 0xc0, 0x0, 0x4f,
    0xff, 0xf2, 0x2f, 0xff, 0x60, 0xef, 0xfa, 0xa,
    0xff, 0xfc, 0x0, 0x4, 0xff, 0xff, 0x22, 0xff,
    0xf6, 0xe, 0xff, 0xa0, 0xaf, 0xff, 0xc0, 0x0,
    0x4f, 0xff, 0xf2, 0x2f, 0xff, 0x60, 0xef, 0xfa,
    0xa, 0xff, 0xfc, 0x0, 0x4, 0xff, 0xff, 0x55,
    0xff, 0xf9, 0x2f, 0xff, 0xc1, 0xcf, 0xff, 0xc0,
    0x0, 0x3f, 0xff, 0xff, 0xff, 0xff, 0xff, 0xff,
    0xff, 0xff, 0xff, 0xfb, 0x0, 0x2, 0xff, 0xff,
    0xff, 0xff, 0xff, 0xff, 0xff, 0xff, 0xff, 0xff,
    0xa0, 0x0, 0x9, 0xff, 0xff, 0xff, 0xff, 0xff,
    0xff, 0xff, 0xff, 0xff, 0xf2, 0x0, 0x0, 0x4,
    0x78, 0x88, 0x88, 0x88, 0x88, 0x88, 0x88, 0x88,
    0x61, 0x0, 0x0,

    /* U+F2F1 "" */
    0x0, 0x0, 0x0, 0x0, 0x0, 0x0, 0x0, 0x0,
    0x0, 0x0, 0x0, 0x0, 0x0, 0x0, 0x0, 0x0,
    0x0, 0x0, 0x4, 0x9d, 0xef, 0xfe, 0xd9, 0x40,
    0x0, 0x0, 0x0, 0x0, 0x0, 0x0, 0x0, 0x6,
    0xdf, 0xff, 0xff, 0xff, 0xff, 0xfd, 0x50, 0x0,
    0x5, 0x81, 0x0, 0x0, 0x1, 0xbf, 0xff, 0xff,
    0xff, 0xff, 0xff, 0xff, 0xfc, 0x10, 0x7f, 0xf7,
    0x0, 0x0, 0x2e, 0xff, 0xff, 0xff, 0xff, 0xff,
    0xff, 0xff, 0xff, 0xe8, 0xff, 0xf9, 0x0, 0x2,
    0xef, 0xff, 0xff, 0xfa, 0x75, 0x57, 0xaf, 0xff,
    0xff, 0xff, 0xff, 0xf9, 0x0, 0xd, 0xff, 0xff,
    0xf8, 0x10, 0x0, 0x0, 0x0, 0x7f, 0xff, 0xff,
    0xff, 0xf9, 0x0, 0x9f, 0xff, 0xfe, 0x30, 0x0,
    0x0, 0x0, 0x0, 0x3, 0xef, 0xff, 0xff, 0xf9,
    0x2, 0xff, 0xff, 0xe2, 0x0, 0x0, 0x0, 0x0,
    0x0, 0x7, 0xff, 0xff, 0xff, 0xf9, 0x9, 0xff,
    0xff, 0x40, 0x0, 0x0, 0x0, 0x0, 0x0, 0x7f,
    0xff, 0xff, 0xff, 0xf9, 0xe, 0xff, 0xfb, 0x0,
    0x0, 0x0, 0x0, 0x0, 0x3, 0xff, 0xff, 0xff,
    0xff, 0xf9, 0x3f, 0xff, 0xf5, 0x0, 0x0, 0x0,
    0x0, 0x0, 0x3, 0xff, 0xff, 0xff, 0xff, 0xf6,
    0x2b, 0xcc, 0xb0, 0x0, 0x0, 0x0, 0x0, 0x0,
    0x0, 0x25, 0x55, 0x55, 0x55, 0x30, 0x0, 0x0,
    0x0, 0x0, 0x0, 0x0, 0x0, 0x0, 0x0, 0x0,
    0x0, 0x0, 0x0, 0x0, 0x0, 0x0, 0x0, 0x0,
    0x0, 0x0, 0x0, 0x0, 0x0, 0x0, 0x0, 0x0,
    0x0, 0x0, 0x0, 0x0, 0x0, 0x0, 0x0, 0x0,
    0x0, 0x0, 0x0, 0x0, 0x0, 0x0, 0x0, 0x0,
    0x3, 0x55, 0x55, 0x55, 0x52, 0x0, 0x0, 0x0,
    0x0, 0x0, 0x0, 0xb, 0xcc, 0xb2, 0x6f, 0xff,
    0xff, 0xff, 0xff, 0x30, 0x0, 0x0, 0x0, 0x0,
    0x0, 0x5f, 0xff, 0xf3, 0x9f, 0xff, 0xff, 0xff,
    0xff, 0x30, 0x0, 0x0, 0x0, 0x0, 0x0, 0xbf,
    0xff, 0xe0, 0x9f, 0xff, 0xff, 0xff, 0xf7, 0x0,
    0x0, 0x0, 0x0, 0x0, 0x5, 0xff, 0xff, 0x90,
    0x9f, 0xff, 0xff, 0xff, 0x70, 0x0, 0x0, 0x0,
    0x0, 0x0, 0x2e, 0xff, 0xff, 0x20, 0x9f, 0xff,
    0xff, 0xfe, 0x30, 0x0, 0x0, 0x0, 0x0, 0x3,
    0xef, 0xff, 0xf9, 0x0, 0x9f, 0xff, 0xff, 0xff,
    0xf8, 0x0, 0x0, 0x0, 0x1, 0x9f, 0xff, 0xff,
    0xd0, 0x0, 0x9f, 0xff, 0xff, 0xff, 0xff, 0xfa,
    0x75, 0x57, 0xbf, 0xff, 0xff, 0xfe, 0x20, 0x0,
    0x9f, 0xff, 0x8e, 0xff, 0xff, 0xff, 0xff, 0xff,
    0xff, 0xff, 0xff, 0xe2, 0x0, 0x0, 0x8f, 0xf7,
    0x1, 0xbf, 0xff, 0xff, 0xff, 0xff, 0xff, 0xff,
    0xfb, 0x10, 0x0, 0x0, 0x18, 0x50, 0x0, 0x5,
    0xdf, 0xff, 0xff, 0xff, 0xff, 0xfd, 0x60, 0x0,
    0x0, 0x0, 0x0, 0x0, 0x0, 0x0, 0x4, 0x9d,
    0xef, 0xff, 0xd9, 0x40, 0x0, 0x0, 0x0, 0x0,
    0x0, 0x0, 0x0, 0x0, 0x0, 0x0, 0x0, 0x0,
    0x0, 0x0, 0x0, 0x0, 0x0, 0x0,

    /* U+F304 "" */
    0x0, 0x0, 0x0, 0x0, 0x0, 0x0, 0x0, 0x0,
    0x0, 0x0, 0x0, 0x66, 0x10, 0x0, 0x0, 0x0,
    0x0, 0x0, 0x0, 0x0, 0x0, 0x0, 0x0, 0x0,
    0x1, 0xdf, 0xfe, 0x30, 0x0, 0x0, 0x0, 0x0,
    0x0, 0x0, 0x0, 0x0, 0x0, 0x0, 0x1, 0xef,
    0xff, 0xff, 0x30, 0x0, 0x0, 0x0, 0x0, 0x0,
    0x0, 0x0, 0x0, 0x0, 0x1, 0xef, 0xff, 0xff,
    0xff, 0x30, 0x0, 0x0, 0x0, 0x0, 0x0, 0x0,
    0x0, 0x0, 0x0, 0x9f, 0xff, 0xff, 0xff, 0xff,
    0x30, 0x0, 0x0, 0x0, 0x0, 0x0, 0x0, 0x0,
    0x1, 0x0, 0xbf, 0xff, 0xff, 0xff, 0xfc, 0x0,
    0x0, 0x0, 0x0, 0x0, 0x0, 0x0, 0x1, 0xec,
    0x0, 0xbf, 0xff, 0xff, 0xff, 0xf0, 0x0, 0x0,
    0x0, 0x0, 0x0, 0x0, 0x1, 0xef, 0xfc, 0x0,
    0xbf, 0xff, 0xff, 0xfb, 0x0, 0x0, 0x0, 0x0,
    0x0, 0x0, 0x1, 0xef, 0xff, 0xfc, 0x0, 0xbf,
    0xff, 0xfe, 0x10, 0x0, 0x0, 0x0, 0x0, 0x0,
    0x1, 0xef, 0xff, 0xff, 0xfc, 0x0, 0xbf, 0xfe,
    0x10, 0x0, 0x0, 0x0, 0x0, 0x0, 0x1, 0xef,
    0xff, 0xff, 0xff, 0xfc, 0x0, 0xbe, 0x10, 0x0,
    0x0, 0x0, 0x0, 0x0, 0x1, 0xef, 0xff, 0xff,
    0xff, 0xff, 0xfc, 0x0, 0x10, 0x0, 0x0, 0x0,
    0x0, 0x0, 0x1, 0xef, 0xff, 0xff, 0xff, 0xff,
    0xff, 0xfa, 0x0, 0x0, 0x0, 0x0, 0x0, 0x0,
    0x1, 0xef, 0xff, 0xff, 0xff, 0xff, 0xff, 0xfe,
    0x20, 0x0, 0x0, 0x0, 0x0, 0x0, 0x1, 0xef,
    0xff, 0xff, 0xff, 0xff, 0xff, 0xfe, 0x20, 0x0,
    0x0, 0x0, 0x0, 0x0, 0x1, 0xef, 0xff, 0xff,
    0xff, 0xff, 0xff, 0xfe, 0x20, 0x0, 0x0, 0x0,
    0x0, 0x0, 0x1, 0xef, 0xff, 0xff, 0xff, 0xff,
    0xff, 0xfe, 0x20, 0x0, 0x0, 0x0, 0x0, 0x0,
    0x1, 0xef, 0xff, 0xff, 0xff, 0xff, 0xff, 0xfe,
    0x20, 0x0, 0x0, 0x0, 0x0, 0x0, 0x1, 0xef,
    0xff, 0xff, 0xff, 0xff, 0xff, 0xfe, 0x20, 0x0,
    0x0, 0x0, 0x0, 0x0, 0x1, 0xef, 0xff, 0xff,
    0xff, 0xff, 0xff, 0xfe, 0x20, 0x0, 0x0, 0x0,
    0x0, 0x0, 0x1, 0xef, 0xff, 0xff, 0xff, 0xff,
    0xff, 0xfe, 0x20, 0x0, 0x0, 0x0, 0x0, 0x0,
    0x0, 0x5f, 0xff, 0xff, 0xff, 0xff, 0xff, 0xfe,
    0x20, 0x0, 0x0, 0x0, 0x0, 0x0, 0x0, 0x7,
    0xff, 0xff, 0xff, 0xff, 0xff, 0xfe, 0x20, 0x0,
    0x0, 0x0, 0x0, 0x0, 0x0, 0x0, 0x9f, 0xff,
    0xff, 0xff, 0xff, 0xfe, 0x20, 0x0, 0x0, 0x0,
    0x0, 0x0, 0x0, 0x0, 0xb, 0xff, 0xff, 0xff,
    0xff, 0xfe, 0x20, 0x0, 0x0, 0x0, 0x0, 0x0,
    0x0, 0x0, 0x0, 0xdf, 0xff, 0xff, 0xff, 0xfe,
    0x20, 0x0, 0x0, 0x0, 0x0, 0x0, 0x0, 0x0,
    0x0, 0xf, 0xff, 0xff, 0xff, 0xfe, 0x20, 0x0,
    0x0, 0x0, 0x0, 0x0, 0x0, 0x0, 0x0, 0x0,
    0xef, 0xff, 0xff, 0xec, 0x20, 0x0, 0x0, 0x0,
    0x0, 0x0, 0x0, 0x0, 0x0, 0x0, 0x3, 0x76,
    0x42, 0x0, 0x0, 0x0, 0x0, 0x0, 0x0, 0x0,
    0x0, 0x0, 0x0, 0x0, 0x0,

    /* U+F3CD "" */
    0x4, 0x89, 0x99, 0x99, 0x99, 0x99, 0x99, 0x97,
    0x10, 0x6f, 0xff, 0xff, 0xff, 0xff, 0xff, 0xff,
    0xff, 0xe1, 0xef, 0xff, 0xff, 0xff, 0xff, 0xff,
    0xff, 0xff, 0xf6, 0xff, 0xb0, 0x0, 0x0, 0x0,
    0x0, 0x0, 0x3f, 0xf8, 0xff, 0xa0, 0x0, 0x0,
    0x0, 0x0, 0x0, 0x1f, 0xf8, 0xff, 0xa0, 0x0,
    0x0, 0x0, 0x0, 0x0, 0x1f, 0xf8, 0xff, 0xa0,
    0x0, 0x0, 0x0, 0x0, 0x0, 0x1f, 0xf8, 0xff,
    0xa0, 0x0, 0x0, 0x0, 0x0, 0x0, 0x1f, 0xf8,
    0xff, 0xa0, 0x0, 0x0, 0x0, 0x0, 0x0, 0x1f,
    0xf8, 0xff, 0xa0, 0x0, 0x0, 0x0, 0x0, 0x0,
    0x1f, 0xf8, 0xff, 0xa0, 0x0, 0x0, 0x0, 0x0,
    0x0, 0x1f, 0xf8, 0xff, 0xa0, 0x0, 0x0, 0x0,
    0x0, 0x0, 0x1f, 0xf8, 0xff, 0xa0, 0x0, 0x0,
    0x0, 0x0, 0x0, 0x1f, 0xf8, 0xff, 0xa0, 0x0,
    0x0, 0x0, 0x0, 0x0, 0x1f, 0xf8, 0xff, 0xa0,
    0x0, 0x0, 0x0, 0x0, 0x0, 0x1f, 0xf8, 0xff,
    0xa0, 0x0, 0x0, 0x0, 0x0, 0x0, 0x1f, 0xf8,
    0xff, 0xa0, 0x0, 0x0, 0x0, 0x0, 0x0, 0x1f,
    0xf8, 0xff, 0xa0, 0x0, 0x0, 0x0, 0x0, 0x0,
    0x1f, 0xf8, 0xff, 0xa0, 0x0, 0x0, 0x0, 0x0,
    0x0, 0x1f, 0xf8, 0xff, 0xa0, 0x0, 0x0, 0x0,
    0x0, 0x0, 0x1f, 0xf8, 0xff, 0xa0, 0x0, 0x0,
    0x0, 0x0, 0x0, 0x1f, 0xf8, 0xff, 0xfb, 0xbb,
    0xbb, 0xbb, 0xbb, 0xbb, 0xdf, 0xf8, 0xff, 0xff,
    0xff, 0xff, 0xff, 0xff, 0xff, 0xff, 0xf8, 0xff,
    0xff, 0xff, 0xfb, 0x14, 0xff, 0xff, 0xff, 0xf8,
    0xff, 0xff, 0xff, 0xf1, 0x0, 0x8f, 0xff, 0xff,
    0xf8, 0xff, 0xff, 0xff, 0xf1, 0x0, 0x8f, 0xff,
    0xff, 0xf8, 0xef, 0xff, 0xff, 0xfb, 0x14, 0xff,
    0xff, 0xff, 0xf7, 0x8f, 0xff, 0xff, 0xff, 0xff,
    0xff, 0xff, 0xff, 0xf1, 0x6, 0xab, 0xbb, 0xbb,
    0xbb, 0xbb, 0xbb, 0xb9, 0x20,

    /* U+F519 "" */
    0x0, 0x44, 0x20, 0x0, 0x0, 0x0, 0x0, 0x0,
    0x0, 0x0, 0x0, 0x0, 0x0, 0x0, 0x0, 0x24,
    0x40, 0x0, 0xaf, 0xff, 0x0, 0x0, 0x0, 0x0,
    0x0, 0x0, 0x0, 0x0, 0x0, 0x0, 0x0, 0x0,
    0xf, 0xff, 0xa0, 0x1f, 0xff, 0xb0, 0x0, 0x0,
    0x0, 0x0, 0x0, 0x0, 0x0, 0x0, 0x0, 0x0,
    0x0, 0x0, 0xbf, 0xff, 0x16, 0xff, 0xf4, 0x0,
    0x0, 0x0, 0x0, 0x0, 0x0, 0x0, 0x0, 0x0,
    0x0, 0x0, 0x0, 0x5, 0xff, 0xf6, 0xaf, 0xfe,
    0x0, 0x4, 0xcc, 0x90, 0x0, 0x2, 0x9b, 0x92,
    0x0, 0x0, 0x9c, 0xc4, 0x0, 0xe, 0xff, 0xad,
    0xff, 0xa0, 0x0, 0xbf, 0xfe, 0x0, 0x3, 0xff,
    0xff, 0xf3, 0x0, 0xe, 0xff, 0xb0, 0x0, 0xbf,
    0xfd, 0xff, 0xf9, 0x0, 0xe, 0xff, 0xa0, 0x0,
    0xcf, 0xff, 0xff, 0xc0, 0x0, 0xaf, 0xfe, 0x0,
    0x9, 0xff, 0xef, 0xff, 0x80, 0x0, 0xff, 0xf8,
    0x0, 0xf, 0xff, 0xff, 0xff, 0x0, 0x8, 0xff,
    0xf0, 0x0, 0x8f, 0xff, 0xff, 0xf9, 0x0, 0xf,
    0xff, 0x90, 0x0, 0xdf, 0xff, 0xff, 0xd0, 0x0,
    0x9f, 0xff, 0x0, 0x9, 0xff, 0xfe, 0xff, 0xa0,
    0x0, 0xdf, 0xfc, 0x0, 0x8, 0xff, 0xff, 0xf8,
    0x0, 0xc, 0xff, 0xd0, 0x0, 0xaf, 0xfe, 0xbf,
    0xfd, 0x0, 0x8, 0xff, 0xe0, 0x0, 0xcf, 0xff,
    0xff, 0xc0, 0x0, 0xef, 0xf8, 0x0, 0xd, 0xff,
    0xb7, 0xff, 0xf1, 0x0, 0x3, 0x31, 0x0, 0x2f,
    0xff, 0xff, 0xff, 0x30, 0x1, 0x33, 0x0, 0x2,
    0xff, 0xf8, 0x3f, 0xff, 0x70, 0x0, 0x0, 0x0,
    0x9, 0xff, 0xf7, 0xff, 0xf9, 0x0, 0x0, 0x0,
    0x0, 0x8f, 0xff, 0x30, 0xdf, 0xfe, 0x0, 0x0,
    0x0, 0x0, 0xff, 0xfc, 0xc, 0xff, 0xf1, 0x0,
    0x0, 0x0, 0xe, 0xff, 0xd0, 0x4, 0xbb, 0x80,
    0x0, 0x0, 0x0, 0x6f, 0xff, 0x50, 0x6f, 0xff,
    0x70, 0x0, 0x0, 0x0, 0x8b, 0xb4, 0x0, 0x0,
    0x0, 0x0, 0x0, 0x0, 0xd, 0xff, 0xe0, 0x0,
    0xef, 0xfd, 0x0, 0x0, 0x0, 0x0, 0x0, 0x0,
    0x0, 0x0, 0x0, 0x0, 0x0, 0x4, 0xff, 0xf8,
    0x0, 0x8, 0xff, 0xf4, 0x0, 0x0, 0x0, 0x0,
    0x0, 0x0, 0x0, 0x0, 0x0, 0x0, 0x0, 0xaf,
    0xff, 0x10, 0x0, 0x1f, 0xff, 0xb0, 0x0, 0x0,
    0x0, 0x0, 0x0, 0x0, 0x0, 0x0, 0x0, 0x0,
    0x1f, 0xff, 0xff, 0xff, 0xff, 0xff, 0xff, 0x10,
    0x0, 0x0, 0x0, 0x0, 0x0, 0x0, 0x0, 0x0,
    0x0, 0x8, 0xff, 0xff, 0xff, 0xff, 0xff, 0xff,
    0xf8, 0x0, 0x0, 0x0, 0x0, 0x0, 0x0, 0x0,
    0x0, 0x0, 0x0, 0xef, 0xff, 0xff, 0xff, 0xff,
    0xff, 0xff, 0xe0, 0x0, 0x0, 0x0, 0x0, 0x0,
    0x0, 0x0, 0x0, 0x0, 0x5f, 0xff, 0xa8, 0x88,
    0x88, 0x88, 0xaf, 0xff, 0x50, 0x0, 0x0, 0x0,
    0x0, 0x0, 0x0, 0x0, 0x0, 0xc, 0xff, 0xf0,
    0x0, 0x0, 0x0, 0x0, 0xef, 0xfc, 0x0, 0x0,
    0x0, 0x0, 0x0, 0x0, 0x0, 0x0, 0x3, 0xff,
    0xf9, 0x0, 0x0, 0x0, 0x0, 0x9, 0xff, 0xf3,
    0x0, 0x0, 0x0, 0x0, 0x0, 0x0, 0x0, 0x0,
    0x9f, 0xff, 0x20, 0x0, 0x0, 0x0, 0x0, 0x2f,
    0xff, 0x90, 0x0, 0x0, 0x0, 0x0, 0x0, 0x0,
    0x0, 0x1f, 0xff, 0xb0, 0x0, 0x0, 0x0, 0x0,
    0x0, 0xbf, 0xff, 0x10, 0x0, 0x0, 0x0, 0x0,
    0x0, 0x0, 0x6, 0xff, 0xf5, 0x0, 0x0, 0x0,
    0x0, 0x0, 0x5, 0xff, 0xf7, 0x0, 0x0, 0x0,
    0x0, 0x0, 0x0, 0x0, 0x4e, 0xfe, 0x0, 0x0,
    0x0, 0x0, 0x0, 0x0, 0xe, 0xff, 0x40, 0x0,
    0x0, 0x0, 0x0, 0x0, 0x0, 0x0, 0x6, 0x30,
    0x0, 0x0, 0x0, 0x0, 0x0, 0x0, 0x36, 0x0,
    0x0, 0x0, 0x0, 0x0,

    /* U+F522 "" */
    0x0, 0x0, 0x0, 0x0, 0x0, 0x19, 0xa5, 0x0,
    0x0, 0x0, 0x0, 0x0, 0x0, 0x0, 0x0, 0x0,
    0x0, 0x0, 0x0, 0x0, 0x0, 0x0, 0x2e, 0xff,
    0xf9, 0x0, 0x0, 0x0, 0x0, 0x0, 0x0, 0x0,
    0x0, 0x0, 0x0, 0x0, 0x0, 0x0, 0x0, 0x2e,
    0xff, 0xff, 0xf9, 0x0, 0x0, 0x0, 0x0, 0x0,
    0x0, 0x0, 0x0, 0x0, 0x0, 0x0, 0x0, 0x0,
    0x2e, 0xff, 0xff, 0xff, 0xf9, 0x0, 0x0, 0x0,
    0x0, 0x0, 0x0, 0x0, 0x0, 0x0, 0x0, 0x0,
    0x0, 0x2e, 0xff, 0xf8, 0x4e, 0xff, 0xf9, 0x0,
    0x0, 0x0, 0x0, 0x0, 0x0, 0x0, 0x0, 0x0,
    0x0, 0x0, 0x2e, 0xff, 0xff, 0x0, 0x7f, 0xff,
    0xf9, 0x0, 0x0, 0x0, 0x0, 0x0, 0x0, 0x0,
    0x0, 0x0, 0x0, 0x2e, 0xff, 0xff, 0xf6, 0x2c,
    0xff, 0xff, 0xf9, 0x0, 0x0, 0x0, 0x0, 0x0,
    0x0, 0x0, 0x0, 0x0, 0x2e, 0xff, 0xff, 0xff,
    0xff, 0xff, 0xff, 0xff, 0xf9, 0x0, 0x0, 0x0,
    0x0, 0x0, 0x0, 0x0, 0x0, 0x2e, 0xff, 0xff,
    0xff, 0xff, 0xff, 0xff, 0xff, 0xff, 0xf8, 0x0,
    0x0, 0x0, 0x0, 0x0, 0x0, 0x0, 0x2e, 0xff,
    0xff, 0xff, 0xff, 0xff, 0xff, 0xff, 0xff, 0xff,
    0xf8, 0x0, 0x0, 0x0, 0x0, 0x0, 0x0, 0x2e,
    0xff, 0xff, 0xff, 0xff, 0xff, 0xff, 0xff, 0xff,
    0xff, 0xff, 0xf8, 0x0, 0x0, 0x0, 0x0, 0x0,
    0xb, 0xff, 0xfb, 0x8f, 0xff, 0xff, 0xb8, 0xff,
    0xff, 0xfb, 0x8f, 0xff, 0xf3, 0xf, 0xff, 0xff,
    0xff, 0xb1, 0xff, 0xff, 0x0, 0x8f, 0xff, 0xf0,
    0x8, 0xff, 0xff, 0x0, 0x8f, 0xff, 0x70, 0xcf,
    0xff, 0xff, 0xff, 0xbd, 0xff, 0xf4, 0xb, 0xff,
    0xff, 0x40, 0xbf, 0xff, 0xf4, 0xb, 0xff, 0xf5,
    0xd, 0xff, 0xff, 0xff, 0xff, 0x4f, 0xff, 0xff,
    0xff, 0xff, 0xff, 0xff, 0xff, 0xff, 0xff, 0xff,
    0xfb, 0x2, 0xff, 0xff, 0xff, 0xff, 0xf0, 0x5f,
    0xff, 0xff, 0xff, 0xff, 0xff, 0xff, 0xff, 0xff,
    0xff, 0xfc, 0x0, 0xcf, 0xff, 0xff, 0xff, 0xff,
    0x0, 0x5f, 0xff, 0xff, 0xff, 0xff, 0xff, 0xff,
    0xff, 0xff, 0xfc, 0x0, 0xaf, 0xff, 0xff, 0xff,
    0xff, 0xf0, 0x0, 0x5f, 0xff, 0xff, 0xff, 0xff,
    0xff, 0xff, 0xff, 0xfc, 0x0, 0xaf, 0xff, 0xff,
    0xff, 0xff, 0xff, 0x0, 0x0, 0x5f, 0xff, 0xff,
    0xfb, 0x8f, 0xff, 0xff, 0xfc, 0x0, 0xaf, 0xfb,
    0x8f, 0xff, 0xff, 0xff, 0xf0, 0x0, 0x0, 0x5f,
    0xff, 0xff, 0x0, 0x8f, 0xff, 0xfc, 0x0, 0xaf,
    0xff, 0x0, 0x8f, 0xff, 0xff, 0xff, 0x0, 0x0,
    0x0, 0x5f, 0xff, 0xf4, 0xb, 0xff, 0xfc, 0x0,
    0xaf, 0xff, 0xf4, 0xb, 0xff, 0xff, 0xff, 0xf0,
    0x0, 0x0, 0x0, 0x5f, 0xff, 0xff, 0xff, 0xfc,
    0x10, 0xaf, 0xff, 0xff, 0xff, 0xff, 0xff, 0xff,
    0xff, 0x0, 0x0, 0x0, 0x0, 0x5f, 0xff, 0xff,
    0xfc, 0x10, 0xaf, 0xff, 0xff, 0xff, 0xff, 0xff,
    0xff, 0xff, 0xf0, 0x0, 0x0, 0x0, 0x0, 0x6f,
    0xff, 0xfc, 0x10, 0x7f, 0xff, 0xff, 0xff, 0xff,
    0xff, 0xff, 0xff, 0xff, 0x0, 0x0, 0x0, 0x0,
    0x0, 0x4d, 0xea, 0x10, 0x8, 0xff, 0xff, 0xff,
    0xff, 0xff, 0xff, 0xff, 0xff, 0xf0, 0x0, 0x0,
    0x0, 0x0, 0x0, 0x0, 0x0, 0x0, 0x7f, 0xff,
    0xff, 0xff, 0xff, 0xff, 0xff, 0xff, 0xff, 0x0,
    0x0, 0x0, 0x0, 0x0, 0x0, 0x0, 0x0, 0x6,
    0xff, 0xff, 0xff, 0xff, 0xff, 0xff, 0xff, 0xff,
    0xd0, 0x0, 0x0, 0x0, 0x0, 0x0, 0x0, 0x0,
    0x0, 0xd, 0xff, 0xff, 0xff, 0xff, 0xff, 0xff,
    0xff, 0xf5, 0x0, 0x0, 0x0, 0x0, 0x0, 0x0,
    0x0, 0x0, 0x0, 0x5, 0x77, 0x77, 0x77, 0x77,
    0x77, 0x77, 0x73, 0x0,

    /* U+F53F "" */
    0x0, 0x0, 0x0, 0x0, 0x0, 0x0, 0x0, 0x0,
    0x0, 0x0, 0x0, 0x0, 0x0, 0x0, 0x0, 0x0,
    0x0, 0x0, 0x0, 0x0, 0x14, 0x67, 0x77, 0x41,
    0x0, 0x0, 0x0, 0x0, 0x0, 0x0, 0x0, 0x0,
    0x0, 0x5, 0xcf, 0xff, 0xff, 0xff, 0xfc, 0x60,
    0x0, 0x0, 0x0, 0x0, 0x0, 0x0, 0x0, 0x4e,
    0xff, 0xff, 0xff, 0xff, 0xff, 0xff, 0xd5, 0x0,
    0x0, 0x0, 0x0, 0x0, 0x0, 0x9f, 0xff, 0xff,
    0xff, 0xff, 0xff, 0xff, 0xff, 0xfa, 0x0, 0x0,
    0x0, 0x0, 0x0, 0xbf, 0xff, 0xff, 0xff, 0xc2,
    0x1c, 0xff, 0xff, 0xff, 0xfc, 0x0, 0x0, 0x0,
    0x0, 0xbf, 0xff, 0xff, 0xff, 0xf4, 0x0, 0x4f,
    0xff, 0xff, 0xff, 0xfb, 0x0, 0x0, 0x0, 0x8f,
    0xff, 0xff, 0xff, 0xff, 0x70, 0x7, 0xff, 0xff,
    0xff, 0xff, 0xf8, 0x0, 0x0, 0x2f, 0xff, 0xfa,
    0x9f, 0xff, 0xff, 0x99, 0xff, 0xff, 0xfa, 0x9f,
    0xff, 0xf2, 0x0, 0xa, 0xff, 0xf7, 0x0, 0x7f,
    0xff, 0xff, 0xff, 0xff, 0xf7, 0x0, 0x7f, 0xff,
    0xa0, 0x1, 0xff, 0xff, 0x50, 0x5, 0xff, 0xff,
    0xff, 0xff, 0xff, 0x50, 0x5, 0xff, 0xff, 0x10,
    0x6f, 0xff, 0xfc, 0x11, 0xcf, 0xff, 0xff, 0xff,
    0xff, 0xfc, 0x11, 0xcf, 0xff, 0xf6, 0xa, 0xff,
    0xff, 0xff, 0xff, 0xff, 0xff, 0xff, 0xff, 0xff,
    0xff, 0xff, 0xff, 0xff, 0xa0, 0xdf, 0xff, 0xff,
    0xff, 0xff, 0xff, 0xff, 0xff, 0xff, 0xff, 0xff,
    0xff, 0xff, 0xfd, 0xf, 0xff, 0xff, 0xff, 0xff,
    0xff, 0xff, 0xff, 0xff, 0xff, 0xff, 0xff, 0xff,
    0xff, 0xe0, 0xff, 0xff, 0xb8, 0xef, 0xff, 0xff,
    0xff, 0xff, 0xff, 0xff, 0xff, 0xff, 0xff, 0xff,
    0xf, 0xff, 0xb0, 0x3, 0xff, 0xff, 0xff, 0xff,
    0xff, 0xff, 0xff, 0xff, 0xff, 0xff, 0xd0, 0xdf,
    0xf9, 0x0, 0x1f, 0xff, 0xff, 0xff, 0xff, 0xff,
    0xff, 0xff, 0xff, 0xff, 0xf5, 0x9, 0xff, 0xe3,
    0x9, 0xff, 0xff, 0xff, 0xff, 0xff, 0xff, 0xff,
    0xff, 0xff, 0xd5, 0x0, 0x5f, 0xff, 0xff, 0xff,
    0xff, 0xff, 0xff, 0xff, 0xfe, 0x51, 0x0, 0x0,
    0x0, 0x0, 0x0, 0xff, 0xff, 0xff, 0xff, 0xff,
    0xff, 0xff, 0xff, 0x20, 0x0, 0x0, 0x0, 0x0,
    0x0, 0x9, 0xff, 0xff, 0xff, 0xff, 0xff, 0xff,
    0xff, 0x90, 0x0, 0x0, 0x0, 0x0, 0x0, 0x0,
    0x1f, 0xff, 0xff, 0xff, 0xff, 0xff, 0xff, 0xf5,
    0x0, 0x0, 0x0, 0x0, 0x0, 0x0, 0x0, 0x7f,
    0xff, 0xff, 0xff, 0xff, 0xff, 0xff, 0x70, 0x0,
    0x0, 0x0, 0x0, 0x0, 0x0, 0x0, 0xbf, 0xff,
    0xff, 0xff, 0xff, 0xff, 0xfc, 0x0, 0x0, 0x0,
    0x0, 0x0, 0x0, 0x0, 0x0, 0xbf, 0xff, 0xff,
    0xff, 0xff, 0xff, 0xf1, 0x0, 0x0, 0x0, 0x0,
    0x0, 0x0, 0x0, 0x0, 0x9f, 0xff, 0xff, 0xff,
    0xff, 0xff, 0x10, 0x0, 0x0, 0x0, 0x0, 0x0,
    0x0, 0x0, 0x0, 0x4e, 0xff, 0xff, 0xff, 0xff,
    0xd0, 0x0, 0x0, 0x0, 0x0, 0x0, 0x0, 0x0,
    0x0, 0x0, 0x6, 0xcf, 0xff, 0xff, 0xe3, 0x0,
    0x0, 0x0, 0x0, 0x0, 0x0, 0x0, 0x0, 0x0,
    0x0, 0x0, 0x15, 0x77, 0x51, 0x0, 0x0, 0x0,
    0x0, 0x0, 0x0,

    /* U+F55A "" */
    0x0, 0x0, 0x0, 0x0, 0x8, 0xef, 0xff, 0xff,
    0xff, 0xff, 0xff, 0xff, 0xff, 0xff, 0xff, 0xff,
    0xd5, 0x0, 0x0, 0x0, 0x0, 0xb, 0xff, 0xff,
    0xff, 0xff, 0xff, 0xff, 0xff, 0xff, 0xff, 0xff,
    0xff, 0xff, 0xf5, 0x0, 0x0, 0x0, 0xb, 0xff,
    0xff, 0xff, 0xff, 0xff, 0xff, 0xff, 0xff, 0xff,
    0xff, 0xff, 0xff, 0xff, 0xd0, 0x0, 0x0, 0xb,
    0xff, 0xff, 0xff, 0xff, 0xff, 0xff, 0xff, 0xff,
    0xff, 0xff, 0xff, 0xff, 0xff, 0xff, 0x0, 0x0,
    0xb, 0xff, 0xff, 0xff, 0xff, 0xff, 0x99, 0xff,
    0xff, 0xff, 0x99, 0xff, 0xff, 0xff, 0xff, 0xf0,
    0x0, 0xb, 0xff, 0xff, 0xff, 0xff, 0xff, 0x80,
    0x8, 0xff, 0xff, 0x80, 0x7, 0xff, 0xff, 0xff,
    0xff, 0x0, 0xb, 0xff, 0xff, 0xff, 0xff, 0xff,
    0xe0, 0x0, 0x8, 0xff, 0x80, 0x0, 0xe, 0xff,
    0xff, 0xff, 0xf0, 0xb, 0xff, 0xff, 0xff, 0xff,
    0xff, 0xff, 0x80, 0x0, 0x8, 0x80, 0x0, 0x8,
    0xff, 0xff, 0xff, 0xff, 0xb, 0xff, 0xff, 0xff,
    0xff, 0xff, 0xff, 0xff, 0x80, 0x0, 0x0, 0x0,
    0x8, 0xff, 0xff, 0xff, 0xff, 0xfa, 0xff, 0xff,
    0xff, 0xff, 0xff, 0xff, 0xff, 0xff, 0x80, 0x0,
    0x0, 0x8, 0xff, 0xff, 0xff, 0xff, 0xff, 0xff,
    0xff, 0xff, 0xff, 0xff, 0xff, 0xff, 0xff, 0xff,
    0x40, 0x0, 0x4, 0xff, 0xff, 0xff, 0xff, 0xff,
    0xfa, 0xff, 0xff, 0xff, 0xff, 0xff, 0xff, 0xff,
    0xff, 0x80, 0x0, 0x0, 0x8, 0xff, 0xff, 0xff,
    0xff, 0xff, 0xb, 0xff, 0xff, 0xff, 0xff, 0xff,
    0xff, 0xff, 0x80, 0x0, 0x0, 0x0, 0x8, 0xff,
    0xff, 0xff, 0xff, 0xf0, 0xb, 0xff, 0xff, 0xff,
    0xff, 0xff, 0xff, 0x80, 0x0, 0x8, 0x80, 0x0,
    0x8, 0xff, 0xff, 0xff, 0xff, 0x0, 0xb, 0xff,
    0xff, 0xff, 0xff, 0xff, 0xe0, 0x0, 0x8, 0xff,
    0x80, 0x0, 0xe, 0xff, 0xff, 0xff, 0xf0, 0x0,
    0xb, 0xff, 0xff, 0xff, 0xff, 0xff, 0x80, 0x8,
    0xff, 0xff, 0x80, 0x8, 0xff, 0xff, 0xff, 0xff,
    0x0, 0x0, 0xb, 0xff, 0xff, 0xff, 0xff, 0xff,
    0x99, 0xff, 0xff, 0xff, 0x99, 0xff, 0xff, 0xff,
    0xff, 0xf0, 0x0, 0x0, 0xb, 0xff, 0xff, 0xff,
    0xff, 0xff, 0xff, 0xff, 0xff, 0xff, 0xff, 0xff,
    0xff, 0xff, 0xff, 0x0, 0x0, 0x0, 0xb, 0xff,
    0xff, 0xff, 0xff, 0xff, 0xff, 0xff, 0xff, 0xff,
    0xff, 0xff, 0xff, 0xff, 0xd0, 0x0, 0x0, 0x0,
    0xa, 0xff, 0xff, 0xff, 0xff, 0xff, 0xff, 0xff,
    0xff, 0xff, 0xff, 0xff, 0xff, 0xf5, 0x0, 0x0,
    0x0, 0x0, 0x8, 0xef, 0xff, 0xff, 0xff, 0xff,
    0xff, 0xff, 0xff, 0xff, 0xff, 0xff, 0xd5, 0x0,

    /* U+F6CF "" */
    0x0, 0x0, 0x0, 0x0, 0x0, 0x0, 0x4, 0x60,
    0x0, 0x0, 0x0, 0x0, 0x0, 0x0, 0x0, 0x0,
    0x0, 0x0, 0x5, 0xa0, 0x1e, 0xf4, 0x7, 0x80,
    0x0, 0x0, 0x0, 0x0, 0x0, 0x0, 0x0, 0x1,
    0xbf, 0x60, 0x9f, 0xfc, 0x2, 0xfd, 0x30, 0x0,
    0x0, 0x0, 0x0, 0x0, 0x0, 0x6f, 0xfc, 0x2,
    0xff, 0xff, 0x60, 0x8f, 0xf9, 0x0, 0x0, 0x0,
    0x0, 0x0, 0x2c, 0xff, 0xf4, 0xb, 0xff, 0xff,
    0xe0, 0x1e, 0xff, 0xe4, 0x0, 0x0, 0x0, 0x7,
    0xff, 0xff, 0xb0, 0x4f, 0xff, 0xff, 0xf8, 0x7,
    0xff, 0xff, 0xa1, 0x0, 0x0, 0xcf, 0xff, 0xff,
    0x20, 0xdf, 0xff, 0xff, 0xff, 0x10, 0xdf, 0xff,
    0xfe, 0x20, 0x0, 0x3c, 0xff, 0xf9, 0x6, 0xff,
    0xff, 0xff, 0xff, 0xa0, 0x5f, 0xff, 0xe5, 0x0,
    0x6, 0x0, 0x6e, 0xf1, 0xe, 0xff, 0xff, 0xff,
    0xff, 0xf3, 0xc, 0xf9, 0x0, 0x41, 0xf, 0xd4,
    0x1, 0x40, 0x8f, 0xff, 0xff, 0xff, 0xff, 0xfc,
    0x2, 0x30, 0x2b, 0xf4, 0xf, 0xff, 0xa1, 0x0,
    0x0, 0x0, 0x0, 0x0, 0x0, 0x0, 0x0, 0x7,
    0xff, 0xf4, 0xf, 0xff, 0xf3, 0x0, 0x3, 0x33,
    0x33, 0x33, 0x33, 0x31, 0x0, 0xe, 0xff, 0xf4,
    0xf, 0xff, 0x90, 0x51, 0xe, 0xff, 0xff, 0xff,
    0xff, 0xf3, 0x6, 0x5, 0xff, 0xf4, 0xf, 0xfe,
    0x11, 0xe9, 0x6, 0xff, 0xff, 0xff, 0xff, 0x90,
    0x5f, 0x40, 0xbf, 0xf4, 0xf, 0xf5, 0xb, 0xff,
    0x30, 0xcf, 0xff, 0xff, 0xff, 0x10, 0xef, 0xe1,
    0x1f, 0xf4, 0xf, 0xb0, 0x6f, 0xff, 0xb0, 0x3f,
    0xff, 0xff, 0xf7, 0x7, 0xff, 0xfa, 0x7, 0xf4,
    0xf, 0x22, 0xff, 0xff, 0xf5, 0xa, 0xff, 0xff,
    0xe0, 0x1f, 0xff, 0xff, 0x50, 0xd4, 0x6, 0xc,
    0xff, 0xff, 0xfd, 0x2, 0xff, 0xff, 0x50, 0xaf,
    0xff, 0xff, 0xe1, 0x32, 0x0, 0x7f, 0xff, 0xff,
    0xff, 0x70, 0x8f, 0xfc, 0x3, 0xff, 0xff, 0xff,
    0xfb, 0x0, 0x2, 0xff, 0xff, 0xff, 0xff, 0xf1,
    0xe, 0xf3, 0xc, 0xff, 0xff, 0xff, 0xff, 0x60,
    0xc, 0xff, 0xff, 0xff, 0xff, 0xf9, 0x6, 0xa0,
    0x5f, 0xff, 0xff, 0xff, 0xff, 0xf1, 0x5, 0x79,
    0xbc, 0xef, 0xff, 0xff, 0x20, 0x10, 0xdf, 0xff,
    0xfe, 0xdb, 0x98, 0x60, 0x0, 0x0, 0x0, 0x0,
    0x13, 0x56, 0x40, 0x2, 0x75, 0x32, 0x0, 0x0,
    0x0, 0x0, 0x0, 0x9a, 0x97, 0x53, 0x20, 0x0,
    0x0, 0x0, 0x0, 0x1, 0x35, 0x68, 0xaa, 0x20,
    0x0, 0x4, 0xbf, 0xff, 0xff, 0xed, 0xb2, 0xa,
    0xce, 0xff, 0xff, 0xfd, 0x60, 0x0, 0x0, 0x0,
    0x2, 0xaf, 0xff, 0xff, 0xf4, 0xf, 0xff, 0xff,
    0xfb, 0x40, 0x0, 0x0, 0x0, 0x0, 0x0, 0x1,
    0x8e, 0xff, 0xf4, 0xf, 0xff, 0xfa, 0x30, 0x0,
    0x0, 0x0, 0x0, 0x0, 0x0, 0x0, 0x0, 0x6d,
    0xf3, 0xf, 0xe8, 0x10, 0x0, 0x0, 0x0, 0x0,
    0x0, 0x0, 0x0, 0x0, 0x0, 0x0, 0x40, 0x5,
    0x0, 0x0, 0x0, 0x0, 0x0, 0x0,

    /* U+F6E2 "" */
    0x0, 0x0, 0x0, 0x2, 0x68, 0x98, 0x62, 0x0,
    0x0, 0x0, 0x0, 0x0, 0x0, 0x4c, 0xff, 0xff,
    0xff, 0xfd, 0x40, 0x0, 0x0, 0x0, 0x0, 0xaf,
    0xff, 0xff, 0xff, 0xff, 0xff, 0xa0, 0x0, 0x0,
    0x0, 0xbf, 0xff, 0xff, 0xff, 0xff, 0xff, 0xff,
    0xd1, 0x0, 0x0, 0xaf, 0xff, 0xff, 0xff, 0xff,
    0xff, 0xff, 0xff, 0xc0, 0x0, 0x5f, 0xff, 0xff,
    0xff, 0xff, 0xff, 0xff, 0xff, 0xff, 0x70, 0xd,
    0xff, 0xff, 0xff, 0xff, 0xff, 0xff, 0xff, 0xff,
    0xff, 0x15, 0xff, 0xff, 0xff, 0xff, 0xff, 0xff,
    0xff, 0xff, 0xff, 0xf6, 0x9f, 0xff, 0xff, 0xff,
    0xff, 0xff, 0xff, 0xff, 0xff, 0xff, 0xbd, 0xff,
    0xff, 0xd4, 0x4d, 0xff, 0xfd, 0x44, 0xdf, 0xff,
    0xfd, 0xef, 0xff, 0xf5, 0x0, 0x5f, 0xff, 0x50,
    0x5, 0xff, 0xff, 0xff, 0xff, 0xff, 0x60, 0x6,
    0xff, 0xf6, 0x0, 0x6f, 0xff, 0xff, 0xff, 0xff,
    0xff, 0x77, 0xff, 0xff, 0xf7, 0x7f, 0xff, 0xff,
    0xff, 0xff, 0xff, 0xff, 0xff, 0xff, 0xff, 0xff,
    0xff, 0xff, 0xff, 0xff, 0xff, 0xff, 0xff, 0xff,
    0xff, 0xff, 0xff, 0xff, 0xff, 0xff, 0xff, 0xff,
    0xff, 0xff, 0xff, 0xff, 0xff, 0xff, 0xff, 0xff,
    0xff, 0xff, 0xff, 0xff, 0xff, 0xff, 0xff, 0xff,
    0xff, 0xff, 0xff, 0xff, 0xff, 0xff, 0xff, 0xff,
    0xff, 0xff, 0xff, 0xff, 0xff, 0xff, 0xff, 0xff,
    0xff, 0xff, 0xff, 0xff, 0xff, 0xff, 0xff, 0xff,
    0xff, 0xff, 0xff, 0xff, 0xff, 0xff, 0xff, 0xff,
    0xff, 0xff, 0xff, 0xff, 0xff, 0xff, 0xff, 0xff,
    0xff, 0xff, 0xff, 0xff, 0xff, 0xff, 0xff, 0xff,
    0xff, 0xff, 0xff, 0xff, 0xff, 0xff, 0xff, 0xff,
    0xff, 0xff, 0xff, 0xff, 0xff, 0xff, 0xff, 0xff,
    0xff, 0xff, 0xff, 0xff, 0xff, 0xff, 0xff, 0xff,
    0xff, 0xff, 0xff, 0xff, 0xff, 0xff, 0xff, 0xff,
    0xff, 0xff, 0xff, 0xff, 0xff, 0xff, 0xff, 0xfa,
    0x3d, 0xff, 0xff, 0xd6, 0xdf, 0xff, 0xfd, 0x3a,
    0xff, 0x75, 0x0, 0x2e, 0xff, 0xe2, 0x2, 0xef,
    0xfe, 0x20, 0x5, 0x70, 0x0, 0x0, 0x3f, 0xf3,
    0x0, 0x3, 0xff, 0x30, 0x0, 0x0, 0x0, 0x0,
    0x0, 0x33, 0x0, 0x0, 0x3, 0x30, 0x0, 0x0,
    0x0,

    /* U+F7A6 "" */
    0x0, 0x0, 0x0, 0x0, 0x0, 0x0, 0x0, 0x0,
    0x0, 0x0, 0x0, 0x1, 0x74, 0x0, 0x0, 0x0,
    0x0, 0x0, 0x0, 0x0, 0x0, 0x0, 0x0, 0x0,
    0x0, 0x1, 0xdf, 0xf8, 0x0, 0x0, 0x0, 0x0,
    0x0, 0x0, 0x0, 0x0, 0x0, 0x0, 0x0, 0x1,
    0xdf, 0xff, 0xf8, 0x0, 0x0, 0x0, 0x0, 0x0,
    0x0, 0x0, 0x0, 0x0, 0x0, 0x1, 0xdf, 0xff,
    0xff, 0xf7, 0x0, 0x0, 0x0, 0x0, 0x0, 0x0,
    0x0, 0x0, 0x0, 0x1, 0xdf, 0xff, 0xff, 0xff,
    0xf0, 0x0, 0x0, 0x0, 0x0, 0x0, 0x0, 0x0,
    0x0, 0x0, 0x9f, 0xff, 0xff, 0xff, 0xfc, 0x0,
    0x0, 0x0, 0x0, 0x0, 0x0, 0x0, 0x0, 0x0,
    0x8, 0xff, 0xff, 0xff, 0xfd, 0x10, 0x0, 0x0,
    0x0, 0x0, 0x0, 0x0, 0x0, 0x0, 0x0, 0x8f,
    0xff, 0xff, 0xfd, 0x10, 0x0, 0x0, 0x0, 0x0,
    0x0, 0x0, 0x0, 0x0, 0x0, 0x7f, 0xff, 0xff,
    0xfd, 0x10, 0x0, 0x0, 0x0, 0x0, 0x0, 0x5,
    0xcf, 0xfd, 0x81, 0x7f, 0xff, 0xfe, 0xfd, 0x10,
    0x0, 0x0, 0x0, 0x0, 0x0, 0x8, 0xff, 0xff,
    0xff, 0xff, 0xff, 0xf8, 0x2, 0x0, 0x0, 0x0,
    0x0, 0x0, 0x0, 0x3, 0xff, 0xff, 0xff, 0xff,
    0xff, 0xf7, 0x0, 0x0, 0x0, 0x0, 0x0, 0x0,
    0x0, 0x0, 0xbf, 0xff, 0xff, 0xff, 0xff, 0xf9,
    0x0, 0x0, 0x0, 0x0, 0x0, 0x0, 0x0, 0x0,
    0x7f, 0xff, 0xff, 0xff, 0xff, 0xff, 0xc0, 0x0,
    0x0, 0x0, 0x0, 0x0, 0x0, 0x7b, 0xef, 0xff,
    0xfb, 0x8c, 0xff, 0xff, 0xff, 0x20, 0x0, 0x0,
    0x0, 0x0, 0x3, 0xef, 0xff, 0xff, 0xf6, 0x0,
    0xa, 0xff, 0xff, 0xf6, 0x0, 0x0, 0x0, 0x0,
    0x1, 0xef, 0xff, 0xff, 0xfd, 0x0, 0x0, 0x1f,
    0xff, 0xff, 0x70, 0x0, 0x0, 0x0, 0x0, 0x8f,
    0xff, 0xff, 0xff, 0xd0, 0x0, 0x1, 0xff, 0xff,
    0xf6, 0x0, 0x0, 0x0, 0x0, 0xd, 0xff, 0xff,
    0xff, 0xff, 0x30, 0x0, 0x7f, 0xff, 0xff, 0x10,
    0x0, 0x0, 0x0, 0x0, 0xff, 0xff, 0xff, 0xff,
    0xfe, 0x74, 0x8f, 0xff, 0xff, 0x70, 0x0, 0x0,
    0x0, 0x0, 0xf, 0xff, 0xff, 0xff, 0xff, 0xff,
    0xff, 0xff, 0xfe, 0x60, 0x0, 0x0, 0x0, 0x0,
    0x0, 0xdf, 0xff, 0xff, 0xff, 0xff, 0xff, 0xff,
    0xf7, 0x0, 0x0, 0x0, 0x0, 0x0, 0x0, 0x8,
    0xff, 0xff, 0xff, 0xff, 0xff, 0xff, 0xfa, 0x0,
    0x0, 0x0, 0x0, 0x0, 0x0, 0x0, 0x2f, 0xff,
    0xff, 0xff, 0xff, 0xff, 0xff, 0x50, 0x0, 0x0,
    0x0, 0x0, 0x0, 0x0, 0x0, 0x8f, 0xff, 0xff,
    0xff, 0xff, 0xff, 0xf2, 0x0, 0x0, 0x0, 0x0,
    0x0, 0x0, 0x0, 0x0, 0xaf, 0xff, 0xff, 0xff,
    0xff, 0xfc, 0x0, 0x0, 0x0, 0x0, 0x0, 0x0,
    0x0, 0x0, 0x0, 0xaf, 0xff, 0xff, 0xff, 0xfe,
    0x20, 0x0, 0x0, 0x0, 0x0, 0x0, 0x0, 0x0,
    0x0, 0x0, 0x5d, 0xff, 0xff, 0xfc, 0x20, 0x0,
    0x0, 0x0, 0x0, 0x0, 0x0, 0x0, 0x0, 0x0,
    0x0, 0x3, 0x67, 0x73, 0x0, 0x0, 0x0, 0x0,
    0x0, 0x0, 0x0, 0x0, 0x0,

    /* U+F7C0 "" */
    0x0, 0x0, 0x0, 0x0, 0x0, 0x1, 0x76, 0x41,
    0x0, 0x0, 0x0, 0x0, 0x0, 0x0, 0x0, 0x0,
    0x0, 0x0, 0x0, 0x0, 0x7f, 0xff, 0xfd, 0x82,
    0x0, 0x0, 0x0, 0x0, 0x0, 0x0, 0x0, 0x0,
    0x0, 0x0, 0x8, 0xff, 0xff, 0xff, 0xfa, 0x10,
    0x0, 0x0, 0x0, 0x0, 0x0, 0x0, 0x0, 0x0,
    0x0, 0x4f, 0xff, 0xff, 0xff, 0xff, 0x60, 0x0,
    0x0, 0x0, 0x0, 0x0, 0x0, 0x0, 0x0, 0x0,
    0x2, 0x48, 0xef, 0xff, 0xff, 0xa0, 0x0, 0x0,
    0x0, 0x0, 0x0, 0x0, 0x0, 0x0, 0x3, 0x10,
    0x0, 0x4d, 0xff, 0xff, 0xb0, 0x0, 0x0, 0x0,
    0x0, 0x0, 0x0, 0x0, 0x7, 0xff, 0xe9, 0x30,
    0x7, 0xff, 0xff, 0xb0, 0x0, 0x0, 0x0, 0x0,
    0x0, 0x0, 0x0, 0x8f, 0xff, 0xff, 0xb2, 0x5,
    0xff, 0xff, 0x80, 0x0, 0x0, 0x0, 0x0, 0x0,
    0x0, 0x6, 0xff, 0xff, 0xff, 0xf4, 0x4, 0xff,
    0xff, 0x30, 0x0, 0x0, 0x0, 0x0, 0x0, 0x0,
    0x4, 0x7c, 0xff, 0xff, 0xf5, 0x6, 0xff, 0xfd,
    0x0, 0x0, 0x0, 0x0, 0x0, 0x0, 0x0, 0x0,
    0x2, 0xcf, 0xff, 0xf3, 0xb, 0xff, 0xf5, 0x0,
    0x3, 0x40, 0x0, 0x0, 0x0, 0x0, 0x0, 0x0,
    0x9f, 0xff, 0xd0, 0x2f, 0xff, 0xc0, 0x0, 0xef,
    0x60, 0x0, 0x0, 0x0, 0x0, 0x0, 0x0, 0xaf,
    0xff, 0x70, 0x9f, 0xff, 0x20, 0x5f, 0xff, 0x60,
    0x0, 0x0, 0x0, 0x0, 0x0, 0x0, 0xef, 0xfe,
    0x4, 0xff, 0xf7, 0xa, 0xff, 0xff, 0x60, 0x0,
    0x0, 0x47, 0x10, 0x0, 0x7, 0xff, 0xf4, 0xe,
    0xff, 0xa0, 0xef, 0xff, 0xff, 0x60, 0x0, 0x4f,
    0xfc, 0x0, 0x0, 0x1f, 0xff, 0x70, 0xcf, 0xfd,
    0xf, 0xff, 0xff, 0xff, 0x60, 0x7, 0xff, 0xe0,
    0x0, 0x0, 0xef, 0xfa, 0x9, 0xff, 0xf0, 0xff,
    0xff, 0xff, 0xff, 0x64, 0xff, 0xe6, 0x0, 0x0,
    0x9, 0xff, 0x80, 0x5f, 0xfc, 0xf, 0xff, 0xff,
    0xff, 0xff, 0xff, 0x40, 0x0, 0x0, 0x0, 0x0,
    0x0, 0x0, 0x0, 0x0, 0xcf, 0xff, 0xff, 0xff,
    0xff, 0x90, 0x0, 0x0, 0x0, 0x0, 0x0, 0x0,
    0x0, 0x0, 0x8, 0xff, 0xff, 0xff, 0xff, 0xff,
    0x60, 0x0, 0x0, 0x0, 0x0, 0x0, 0x0, 0x0,
    0x0, 0x2f, 0xff, 0xff, 0xff, 0xff, 0xff, 0x60,
    0x0, 0x0, 0x0, 0x0, 0x0, 0x0, 0x0, 0x0,
    0xbf, 0xff, 0xff, 0xff, 0xff, 0xff, 0x60, 0x0,
    0x0, 0x0, 0x0, 0x0, 0x0, 0x0, 0x2, 0xff,
    0xff, 0xff, 0xff, 0xff, 0xff, 0x60, 0x0, 0x0,
    0x0, 0x0, 0x0, 0x0, 0x0, 0x5, 0xff, 0xff,
    0xff, 0xff, 0xff, 0xff, 0x60, 0x0, 0x0, 0x0,
    0x0, 0x0, 0x0, 0x0, 0x5, 0xff, 0xff, 0xff,
    0xff, 0xff, 0xff, 0x60, 0x0, 0x0, 0x0, 0x0,
    0x0, 0x0, 0x0, 0x3, 0xdf, 0xff, 0xff, 0xff,
    0xff, 0xfe, 0x0, 0x0, 0x0, 0x0, 0x0, 0x0,
    0x0, 0x0, 0x0, 0x6d, 0xff, 0xff, 0xff, 0xfa,
    0x20, 0x0, 0x0, 0x0, 0x0, 0x0, 0x0, 0x0,
    0x0, 0x0, 0x1, 0x56, 0x76, 0x40, 0x0, 0x0,
    0x0, 0x0, 0x0, 0x0, 0x0,

    /* U+F7C2 "" */
    0x0, 0x0, 0x0, 0x17, 0x88, 0x88, 0x88, 0x88,
    0x87, 0x50, 0x0, 0x0, 0x0, 0x1d, 0xff, 0xff,
    0xff, 0xff, 0xff, 0xff, 0xc1, 0x0, 0x0, 0x2d,
    0xff, 0xff, 0xff, 0xff, 0xff, 0xff, 0xff, 0xa0,
    0x0, 0x2e, 0xff, 0xff, 0xff, 0xff, 0xff, 0xff,
    0xff, 0xff, 0x0, 0x2e, 0xff, 0x20, 0x1f, 0xa0,
    0xe, 0xd0, 0x8, 0xff, 0xf0, 0x2e, 0xff, 0xf2,
    0x1, 0xfa, 0x0, 0xed, 0x0, 0x8f, 0xff, 0x3e,
    0xff, 0xff, 0x20, 0x1f, 0xa0, 0xe, 0xd0, 0x8,
    0xff, 0xfe, 0xff, 0xff, 0xf2, 0x1, 0xfa, 0x0,
    0xed, 0x0, 0x8f, 0xff, 0xff, 0xff, 0xff, 0x20,
    0x1f, 0xa0, 0xe, 0xd0, 0x8, 0xff, 0xff, 0xff,
    0xff, 0xff, 0xff, 0xff, 0xff, 0xff, 0xff, 0xff,
    0xff, 0xff, 0xff, 0xff, 0xff, 0xff, 0xff, 0xff,
    0xff, 0xff, 0xff, 0xff, 0xff, 0xff, 0xff, 0xff,
    0xff, 0xff, 0xff, 0xff, 0xff, 0xff, 0xff, 0xff,
    0xff, 0xff, 0xff, 0xff, 0xff, 0xff, 0xff, 0xff,
    0xff, 0xff, 0xff, 0xff, 0xff, 0xff, 0xff, 0xff,
    0xff, 0xff, 0xff, 0xff, 0xff, 0xff, 0xff, 0xff,
    0xff, 0xff, 0xff, 0xff, 0xff, 0xff, 0xff, 0xff,
    0xff, 0xff, 0xff, 0xff, 0xff, 0xff, 0xff, 0xff,
    0xff, 0xff, 0xff, 0xff, 0xff, 0xff, 0xff, 0xff,
    0xff, 0xff, 0xff, 0xff, 0xff, 0xff, 0xff, 0xff,
    0xff, 0xff, 0xff, 0xff, 0xff, 0xff, 0xff, 0xff,
    0xff, 0xff, 0xff, 0xff, 0xff, 0xff, 0xff, 0xff,
    0xff, 0xff, 0xff, 0xff, 0xff, 0xff, 0xff, 0xff,
    0xff, 0xff, 0xff, 0xff, 0xff, 0xff, 0xff, 0xff,
    0xff, 0xff, 0xff, 0xff, 0xff, 0xff, 0xff, 0xff,
    0xff, 0xff, 0xff, 0xff, 0xff, 0xff, 0xff, 0xff,
    0xff, 0xff, 0xff, 0xff, 0xff, 0xff, 0xff, 0xff,
    0xff, 0xff, 0xff, 0xff, 0xff, 0xff, 0xff, 0xff,
    0xff, 0xff, 0xff, 0xff, 0xff, 0xff, 0xff, 0xff,
    0xff, 0xff, 0xff, 0xff, 0xff, 0xff, 0xfe, 0xff,
    0xff, 0xff, 0xff, 0xff, 0xff, 0xff, 0xff, 0xff,
    0xfe, 0x8f, 0xff, 0xff, 0xff, 0xff, 0xff, 0xff,
    0xff, 0xff, 0xff, 0x80, 0xaf, 0xff, 0xff, 0xff,
    0xff, 0xff, 0xff, 0xff, 0xff, 0x90, 0x0, 0x24,
    0x44, 0x44, 0x44, 0x44, 0x44, 0x44, 0x44, 0x20,
    0x0,

    /* U+F8A2 "" */
    0x0, 0x0, 0x0, 0x0, 0x0, 0x0, 0x0, 0x0,
    0x0, 0x0, 0x0, 0x0, 0x0, 0x4, 0x0, 0x0,
    0x0, 0x0, 0x0, 0x0, 0x0, 0x0, 0x0, 0x0,
    0x0, 0x0, 0x0, 0x9, 0xf1, 0x0, 0x0, 0x0,
    0x0, 0x0, 0x0, 0x0, 0x0, 0x0, 0x0, 0x0,
    0x0, 0x9, 0xff, 0x10, 0x0, 0x0, 0x0, 0x0,
    0x0, 0x0, 0x0, 0x0, 0x0, 0x0, 0x0, 0x9,
    0xff, 0xf1, 0x0, 0x0, 0x0, 0x5c, 0x50, 0x0,
    0x0, 0x0, 0x0, 0x0, 0x0, 0x3, 0xff, 0xff,
    0x10, 0x0, 0x0, 0x7f, 0xfd, 0x0, 0x0, 0x0,
    0x0, 0x0, 0x0, 0x0, 0x4f, 0xff, 0xf1, 0x0,
    0x0, 0x8f, 0xff, 0xd0, 0x0, 0x0, 0x0, 0x0,
    0x0, 0x0, 0x4, 0xff, 0xff, 0x10, 0x0, 0x9f,
    0xff, 0xfd, 0x0, 0x0, 0x0, 0x0, 0x0, 0x0,
    0x0, 0x4f, 0xff, 0xf1, 0x0, 0xaf, 0xff, 0xff,
    0xd0, 0x0, 0x0, 0x0, 0x0, 0x0, 0x0, 0x4,
    0xff, 0xff, 0x10, 0xbf, 0xff, 0xff, 0xff, 0xff,
    0xff, 0xff, 0xff, 0xff, 0xff, 0xff, 0xff, 0xff,
    0xf1, 0xaf, 0xff, 0xff, 0xff, 0xff, 0xff, 0xff,
    0xff, 0xff, 0xff, 0xff, 0xff, 0xff, 0xff, 0x1c,
    0xff, 0xff, 0xff, 0xff, 0xff, 0xff, 0xff, 0xff,
    0xff, 0xff, 0xff, 0xff, 0xff, 0xf1, 0x2e, 0xff,
    0xff, 0xff, 0xff, 0xff, 0xff, 0xff, 0xff, 0xff,
    0xff, 0xff, 0xff, 0xfe, 0x0, 0x1d, 0xff, 0xff,
    0xfe, 0x55, 0x55, 0x55, 0x55, 0x55, 0x55, 0x55,
    0x55, 0x55, 0x10, 0x0, 0x1c, 0xff, 0xff, 0xd0,
    0x0, 0x0, 0x0, 0x0, 0x0, 0x0, 0x0, 0x0,
    0x0, 0x0, 0x0, 0xc, 0xff, 0xfd, 0x0, 0x0,
    0x0, 0x0, 0x0, 0x0, 0x0, 0x0, 0x0, 0x0,
    0x0, 0x0, 0xb, 0xff, 0xd0, 0x0, 0x0, 0x0,
    0x0, 0x0, 0x0, 0x0, 0x0, 0x0, 0x0, 0x0,
    0x0, 0xa, 0xf9, 0x0, 0x0, 0x0, 0x0, 0x0,
    0x0, 0x0, 0x0, 0x0, 0x0, 0x0, 0x0, 0x0,
    0x1, 0x0, 0x0, 0x0, 0x0, 0x0, 0x0, 0x0,
    0x0, 0x0, 0x0, 0x0
};


/*---------------------
 *  GLYPH DESCRIPTION
 *--------------------*/

static const lv_font_fmt_txt_glyph_dsc_t glyph_dsc[] = {
    {.bitmap_index = 0, .adv_w = 0, .box_w = 0, .box_h = 0, .ofs_x = 0, .ofs_y = 0} /* id = 0 reserved */,
    {.bitmap_index = 0, .adv_w = 118, .box_w = 0, .box_h = 0, .ofs_x = 0, .ofs_y = 0},
    {.bitmap_index = 0, .adv_w = 118, .box_w = 5, .box_h = 20, .ofs_x = 1, .ofs_y = 0},
    {.bitmap_index = 50, .adv_w = 188, .box_w = 10, .box_h = 8, .ofs_x = 1, .ofs_y = 12},
    {.bitmap_index = 90, .adv_w = 317, .box_w = 18, .box_h = 20, .ofs_x = 1, .ofs_y = 0},
    {.bitmap_index = 270, .adv_w = 282, .box_w = 16, .box_h = 26, .ofs_x = 1, .ofs_y = -3},
    {.bitmap_index = 478, .adv_w = 385, .box_w = 22, .box_h = 20, .ofs_x = 1, .ofs_y = 0},
    {.bitmap_index = 698, .adv_w = 293, .box_w = 17, .box_h = 20, .ofs_x = 1, .ofs_y = 0},
    {.bitmap_index = 868, .adv_w = 106, .box_w = 4, .box_h = 8, .ofs_x = 1, .ofs_y = 12},
    {.bitmap_index = 884, .adv_w = 150, .box_w = 8, .box_h = 26, .ofs_x = 1, .ofs_y = -3},
    {.bitmap_index = 988, .adv_w = 150, .box_w = 8, .box_h = 26, .ofs_x = 0, .ofs_y = -3},
    {.bitmap_index = 1092, .adv_w = 155, .box_w = 8, .box_h = 8, .ofs_x = 1, .ofs_y = 12},
    {.bitmap_index = 1124, .adv_w = 249, .box_w = 14, .box_h = 12, .ofs_x = 1, .ofs_y = 1},
    {.bitmap_index = 1208, .adv_w = 102, .box_w = 5, .box_h = 8, .ofs_x = 1, .ofs_y = -4},
    {.bitmap_index = 1228, .adv_w = 189, .box_w = 10, .box_h = 3, .ofs_x = 1, .ofs_y = 6},
    {.bitmap_index = 1243, .adv_w = 102, .box_w = 5, .box_h = 4, .ofs_x = 1, .ofs_y = 0},
    {.bitmap_index = 1253, .adv_w = 225, .box_w = 15, .box_h = 20, .ofs_x = 0, .ofs_y = 0},
    {.bitmap_index = 1403, .adv_w = 289, .box_w = 16, .box_h = 20, .ofs_x = 1, .ofs_y = 0},
    {.bitmap_index = 1563, .adv_w = 168, .box_w = 9, .box_h = 20, .ofs_x = 0, .ofs_y = 0},
    {.bitmap_index = 1653, .adv_w = 254, .box_w = 14, .box_h = 20, .ofs_x = 1, .ofs_y = 0},
    {.bitmap_index = 1793, .adv_w = 267, .box_w = 15, .box_h = 20, .ofs_x = 1, .ofs_y = 0},
    {.bitmap_index = 1943, .adv_w = 256, .box_w = 16, .box_h = 20, .ofs_x = 0, .ofs_y = 0},
    {.bitmap_index = 2103, .adv_w = 268, .box_w = 15, .box_h = 20, .ofs_x = 1, .ofs_y = 0},
    {.bitmap_index = 2253, .adv_w = 275, .box_w = 15, .box_h = 20, .ofs_x = 1, .ofs_y = 0},
    {.bitmap_index = 2403, .adv_w = 230, .box_w = 14, .box_h = 20, .ofs_x = 0, .ofs_y = 0},
    {.bitmap_index = 2543, .adv_w = 282, .box_w = 16, .box_h = 20, .ofs_x = 1, .ofs_y = 0},
    {.bitmap_index = 2703, .adv_w = 277, .box_w = 15, .box_h = 20, .ofs_x = 1, .ofs_y = 0},
    {.bitmap_index = 2853, .adv_w = 100, .box_w = 5, .box_h = 13, .ofs_x = 1, .ofs_y = 0},
    {.bitmap_index = 2886, .adv_w = 100, .box_w = 5, .box_h = 17, .ofs_x = 1, .ofs_y = -4},
    {.bitmap_index = 2929, .adv_w = 271, .box_w = 15, .box_h = 17, .ofs_x = 1, .ofs_y = 0},
    {.bitmap_index = 3057, .adv_w = 249, .box_w = 14, .box_h = 8, .ofs_x = 1, .ofs_y = 4},
    {.bitmap_index = 3113, .adv_w = 271, .box_w = 15, .box_h = 17, .ofs_x = 1, .ofs_y = 0},
    {.bitmap_index = 3241, .adv_w = 247, .box_w = 15, .box_h = 20, .ofs_x = 0, .ofs_y = 0},
    {.bitmap_index = 3391, .adv_w = 370, .box_w = 21, .box_h = 20, .ofs_x = 1, .ofs_y = -1},
    {.bitmap_index = 3601, .adv_w = 285, .box_w = 18, .box_h = 20, .ofs_x = 0, .ofs_y = 0},
    {.bitmap_index = 3781, .adv_w = 297, .box_w = 17, .box_h = 20, .ofs_x = 1, .ofs_y = 0},
    {.bitmap_index = 3951, .adv_w = 290, .box_w = 17, .box_h = 20, .ofs_x = 1, .ofs_y = 0},
    {.bitmap_index = 4121, .adv_w = 305, .box_w = 17, .box_h = 20, .ofs_x = 1, .ofs_y = 0},
    {.bitmap_index = 4291, .adv_w = 268, .box_w = 15, .box_h = 20, .ofs_x = 1, .ofs_y = 0},
    {.bitmap_index = 4441, .adv_w = 254, .box_w = 15, .box_h = 20, .ofs_x = 1, .ofs_y = 0},
    {.bitmap_index = 4591, .adv_w = 299, .box_w = 17, .box_h = 20, .ofs_x = 1, .ofs_y = 0},
    {.bitmap_index = 4761, .adv_w = 309, .box_w = 17, .box_h = 20, .ofs_x = 1, .ofs_y = 0},
    {.bitmap_index = 4931, .adv_w = 119, .box_w = 4, .box_h = 20, .ofs_x = 2, .ofs_y = 0},
    {.bitmap_index = 4971, .adv_w = 256, .box_w = 15, .box_h = 20, .ofs_x = 0, .ofs_y = 0},
    {.bitmap_index = 5121, .adv_w = 287, .box_w = 17, .box_h = 20, .ofs_x = 1, .ofs_y = 0},
    {.bitmap_index = 5291, .adv_w = 248, .box_w = 15, .box_h = 20, .ofs_x = 1, .ofs_y = 0},
    {.bitmap_index = 5441, .adv_w = 355, .box_w = 20, .box_h = 20, .ofs_x = 1, .ofs_y = 0},
    {.bitmap_index = 5641, .adv_w = 309, .box_w = 17, .box_h = 20, .ofs_x = 1, .ofs_y = 0},
    {.bitmap_index = 5811, .adv_w = 310, .box_w = 17, .box_h = 20, .ofs_x = 1, .ofs_y = 0},
    {.bitmap_index = 5981, .adv_w = 286, .box_w = 16, .box_h = 20, .ofs_x = 1, .ofs_y = 0},
    {.bitmap_index = 6141, .adv_w = 310, .box_w = 18, .box_h = 24, .ofs_x = 1, .ofs_y = -4},
    {.bitmap_index = 6357, .adv_w = 299, .box_w = 16, .box_h = 20, .ofs_x = 1, .ofs_y = 0},
    {.bitmap_index = 6517, .adv_w = 282, .box_w = 16, .box_h = 20, .ofs_x = 1, .ofs_y = 0},
    {.bitmap_index = 6677, .adv_w = 258, .box_w = 16, .box_h = 20, .ofs_x = 0, .ofs_y = 0},
    {.bitmap_index = 6837, .adv_w = 310, .box_w = 17, .box_h = 20, .ofs_x = 1, .ofs_y = 0},
    {.bitmap_index = 7007, .adv_w = 288, .box_w = 18, .box_h = 20, .ofs_x = 0, .ofs_y = 0},
    {.bitmap_index = 7187, .adv_w = 392, .box_w = 24, .box_h = 20, .ofs_x = 0, .ofs_y = 0},
    {.bitmap_index = 7427, .adv_w = 285, .box_w = 18, .box_h = 20, .ofs_x = 0, .ofs_y = 0},
    {.bitmap_index = 7607, .adv_w = 278, .box_w = 18, .box_h = 20, .ofs_x = 0, .ofs_y = 0},
    {.bitmap_index = 7787, .adv_w = 262, .box_w = 15, .box_h = 20, .ofs_x = 1, .ofs_y = 0},
    {.bitmap_index = 7937, .adv_w = 149, .box_w = 8, .box_h = 26, .ofs_x = 1, .ofs_y = -3},
    {.bitmap_index = 8041, .adv_w = 232, .box_w = 15, .box_h = 20, .ofs_x = 0, .ofs_y = 0},
    {.bitmap_index = 8191, .adv_w = 149, .box_w = 8, .box_h = 26, .ofs_x = 0, .ofs_y = -3},
    {.bitmap_index = 8295, .adv_w = 291, .box_w = 16, .box_h = 13, .ofs_x = 1, .ofs_y = 7},
    {.bitmap_index = 8399, .adv_w = 207, .box_w = 13, .box_h = 3, .ofs_x = 0, .ofs_y = -3},
    {.bitmap_index = 8419, .adv_w = 108, .box_w = 7, .box_h = 5, .ofs_x = 0, .ofs_y = 15},
    {.bitmap_index = 8437, .adv_w = 254, .box_w = 14, .box_h = 14, .ofs_x = 1, .ofs_y = 0},
    {.bitmap_index = 8535, .adv_w = 266, .box_w = 15, .box_h = 20, .ofs_x = 1, .ofs_y = 0},
    {.bitmap_index = 8685, .adv_w = 246, .box_w = 14, .box_h = 14, .ofs_x = 1, .ofs_y = 0},
    {.bitmap_index = 8783, .adv_w = 267, .box_w = 14, .box_h = 20, .ofs_x = 1, .ofs_y = 0},
    {.bitmap_index = 8923, .adv_w = 258, .box_w = 14, .box_h = 14, .ofs_x = 1, .ofs_y = 0},
    {.bitmap_index = 9021, .adv_w = 176, .box_w = 11, .box_h = 20, .ofs_x = 0, .ofs_y = 0},
    {.bitmap_index = 9131, .adv_w = 267, .box_w = 14, .box_h = 20, .ofs_x = 1, .ofs_y = -6},
    {.bitmap_index = 9271, .adv_w = 263, .box_w = 14, .box_h = 20, .ofs_x = 1, .ofs_y = 0},
    {.bitmap_index = 9411, .adv_w = 118, .box_w = 5, .box_h = 20, .ofs_x = 1, .ofs_y = 0},
    {.bitmap_index = 9461, .adv_w = 125, .box_w = 9, .box_h = 26, .ofs_x = -2, .ofs_y = -6},
    {.bitmap_index = 9578, .adv_w = 248, .box_w = 15, .box_h = 20, .ofs_x = 1, .ofs_y = 0},
    {.bitmap_index = 9728, .adv_w = 113, .box_w = 5, .box_h = 20, .ofs_x = 1, .ofs_y = 0},
    {.bitmap_index = 9778, .adv_w = 382, .box_w = 22, .box_h = 14, .ofs_x = 1, .ofs_y = 0},
    {.bitmap_index = 9932, .adv_w = 262, .box_w = 14, .box_h = 14, .ofs_x = 1, .ofs_y = 0},
    {.bitmap_index = 10030, .adv_w = 262, .box_w = 14, .box_h = 14, .ofs_x = 1, .ofs_y = 0},
    {.bitmap_index = 10128, .adv_w = 267, .box_w = 15, .box_h = 20, .ofs_x = 1, .ofs_y = -6},
    {.bitmap_index = 10278, .adv_w = 263, .box_w = 14, .box_h = 20, .ofs_x = 1, .ofs_y = -6},
    {.bitmap_index = 10418, .adv_w = 180, .box_w = 10, .box_h = 14, .ofs_x = 1, .ofs_y = 0},
    {.bitmap_index = 10488, .adv_w = 237, .box_w = 13, .box_h = 14, .ofs_x = 1, .ofs_y = 0},
    {.bitmap_index = 10579, .adv_w = 182, .box_w = 11, .box_h = 19, .ofs_x = 0, .ofs_y = 0},
    {.bitmap_index = 10684, .adv_w = 261, .box_w = 14, .box_h = 14, .ofs_x = 1, .ofs_y = 0},
    {.bitmap_index = 10782, .adv_w = 224, .box_w = 14, .box_h = 14, .ofs_x = 0, .ofs_y = 0},
    {.bitmap_index = 10880, .adv_w = 323, .box_w = 20, .box_h = 14, .ofs_x = 0, .ofs_y = 0},
    {.bitmap_index = 11020, .adv_w = 231, .box_w = 15, .box_h = 14, .ofs_x = 0, .ofs_y = 0},
    {.bitmap_index = 11125, .adv_w = 262, .box_w = 14, .box_h = 20, .ofs_x = 1, .ofs_y = -6},
    {.bitmap_index = 11265, .adv_w = 220, .box_w = 13, .box_h = 14, .ofs_x = 0, .ofs_y = 0},
    {.bitmap_index = 11356, .adv_w = 164, .box_w = 10, .box_h = 26, .ofs_x = 0, .ofs_y = -3},
    {.bitmap_index = 11486, .adv_w = 114, .box_w = 5, .box_h = 30, .ofs_x = 1, .ofs_y = -6},
    {.bitmap_index = 11561, .adv_w = 164, .box_w = 10, .box_h = 26, .ofs_x = 0, .ofs_y = -3},
    {.bitmap_index = 11691, .adv_w = 259, .box_w = 14, .box_h = 6, .ofs_x = 1, .ofs_y = 5},
    {.bitmap_index = 11733, .adv_w = 118, .box_w = 0, .box_h = 0, .ofs_x = 0, .ofs_y = 0},
    {.bitmap_index = 11733, .adv_w = 118, .box_w = 5, .box_h = 20, .ofs_x = 1, .ofs_y = -6},
    {.bitmap_index = 11783, .adv_w = 246, .box_w = 14, .box_h = 20, .ofs_x = 1, .ofs_y = -3},
    {.bitmap_index = 11923, .adv_w = 280, .box_w = 16, .box_h = 20, .ofs_x = 1, .ofs_y = 0},
    {.bitmap_index = 12083, .adv_w = 292, .box_w = 16, .box_h = 17, .ofs_x = 1, .ofs_y = 1},
    {.bitmap_index = 12219, .adv_w = 278, .box_w = 18, .box_h = 20, .ofs_x = 0, .ofs_y = 0},
    {.bitmap_index = 12399, .adv_w = 114, .box_w = 5, .box_h = 30, .ofs_x = 1, .ofs_y = -6},
    {.bitmap_index = 12474, .adv_w = 241, .box_w = 13, .box_h = 21, .ofs_x = 1, .ofs_y = -1},
    {.bitmap_index = 12611, .adv_w = 179, .box_w = 11, .box_h = 4, .ofs_x = 0, .ofs_y = 16},
    {.bitmap_index = 12633, .adv_w = 372, .box_w = 22, .box_h = 20, .ofs_x = 1, .ofs_y = 0},
    {.bitmap_index = 12853, .adv_w = 190, .box_w = 10, .box_h = 10, .ofs_x = 1, .ofs_y = 10},
    {.bitmap_index = 12903, .adv_w = 248, .box_w = 15, .box_h = 14, .ofs_x = 0, .ofs_y = 1},
    {.bitmap_index = 13008, .adv_w = 248, .box_w = 14, .box_h = 8, .ofs_x = 1, .ofs_y = 3},
    {.bitmap_index = 13064, .adv_w = 189, .box_w = 10, .box_h = 3, .ofs_x = 1, .ofs_y = 6},
    {.bitmap_index = 13079, .adv_w = 245, .box_w = 14, .box_h = 13, .ofs_x = 1, .ofs_y = 8},
    {.bitmap_index = 13170, .adv_w = 153, .box_w = 10, .box_h = 3, .ofs_x = 0, .ofs_y = 16},
    {.bitmap_index = 13185, .adv_w = 158, .box_w = 8, .box_h = 8, .ofs_x = 1, .ofs_y = 13},
    {.bitmap_index = 13217, .adv_w = 249, .box_w = 14, .box_h = 16, .ofs_x = 1, .ofs_y = 0},
    {.bitmap_index = 13329, .adv_w = 175, .box_w = 11, .box_h = 12, .ofs_x = 0, .ofs_y = 8},
    {.bitmap_index = 13395, .adv_w = 190, .box_w = 11, .box_h = 12, .ofs_x = 0, .ofs_y = 8},
    {.bitmap_index = 13461, .adv_w = 113, .box_w = 7, .box_h = 5, .ofs_x = 0, .ofs_y = 15},
    {.bitmap_index = 13479, .adv_w = 263, .box_w = 14, .box_h = 26, .ofs_x = 1, .ofs_y = -6},
    {.bitmap_index = 13661, .adv_w = 102, .box_w = 5, .box_h = 4, .ofs_x = 1, .ofs_y = 6},
    {.bitmap_index = 13671, .adv_w = 125, .box_w = 7, .box_h = 8, .ofs_x = 0, .ofs_y = -6},
    {.bitmap_index = 13699, .adv_w = 126, .box_w = 7, .box_h = 12, .ofs_x = 0, .ofs_y = 8},
    {.bitmap_index = 13741, .adv_w = 191, .box_w = 10, .box_h = 10, .ofs_x = 1, .ofs_y = 10},
    {.bitmap_index = 13791, .adv_w = 248, .box_w = 14, .box_h = 14, .ofs_x = 1, .ofs_y = 1},
    {.bitmap_index = 13889, .adv_w = 382, .box_w = 22, .box_h = 20, .ofs_x = 1, .ofs_y = 0},
    {.bitmap_index = 14109, .adv_w = 402, .box_w = 23, .box_h = 20, .ofs_x = 1, .ofs_y = 0},
    {.bitmap_index = 14339, .adv_w = 427, .box_w = 25, .box_h = 20, .ofs_x = 1, .ofs_y = 0},
    {.bitmap_index = 14589, .adv_w = 247, .box_w = 14, .box_h = 20, .ofs_x = 1, .ofs_y = -6},
    {.bitmap_index = 14729, .adv_w = 285, .box_w = 18, .box_h = 26, .ofs_x = 0, .ofs_y = 0},
    {.bitmap_index = 14963, .adv_w = 285, .box_w = 18, .box_h = 26, .ofs_x = 0, .ofs_y = 0},
    {.bitmap_index = 15197, .adv_w = 285, .box_w = 18, .box_h = 26, .ofs_x = 0, .ofs_y = 0},
    {.bitmap_index = 15431, .adv_w = 285, .box_w = 18, .box_h = 25, .ofs_x = 0, .ofs_y = 0},
    {.bitmap_index = 15656, .adv_w = 285, .box_w = 18, .box_h = 25, .ofs_x = 0, .ofs_y = 0},
    {.bitmap_index = 15881, .adv_w = 285, .box_w = 18, .box_h = 27, .ofs_x = 0, .ofs_y = 0},
    {.bitmap_index = 16124, .adv_w = 424, .box_w = 26, .box_h = 20, .ofs_x = 0, .ofs_y = 0},
    {.bitmap_index = 16384, .adv_w = 290, .box_w = 17, .box_h = 26, .ofs_x = 1, .ofs_y = -6},
    {.bitmap_index = 16605, .adv_w = 268, .box_w = 15, .box_h = 26, .ofs_x = 1, .ofs_y = 0},
    {.bitmap_index = 16800, .adv_w = 268, .box_w = 15, .box_h = 26, .ofs_x = 1, .ofs_y = 0},
    {.bitmap_index = 16995, .adv_w = 268, .box_w = 15, .box_h = 26, .ofs_x = 1, .ofs_y = 0},
    {.bitmap_index = 17190, .adv_w = 268, .box_w = 15, .box_h = 25, .ofs_x = 1, .ofs_y = 0},
    {.bitmap_index = 17378, .adv_w = 119, .box_w = 7, .box_h = 26, .ofs_x = -1, .ofs_y = 0},
    {.bitmap_index = 17469, .adv_w = 119, .box_w = 6, .box_h = 26, .ofs_x = 2, .ofs_y = 0},
    {.bitmap_index = 17547, .adv_w = 119, .box_w = 11, .box_h = 26, .ofs_x = -2, .ofs_y = 0},
    {.bitmap_index = 17690, .adv_w = 119, .box_w = 11, .box_h = 25, .ofs_x = -2, .ofs_y = 0},
    {.bitmap_index = 17828, .adv_w = 326, .box_w = 19, .box_h = 20, .ofs_x = 0, .ofs_y = 0},
    {.bitmap_index = 18018, .adv_w = 309, .box_w = 17, .box_h = 25, .ofs_x = 1, .ofs_y = 0},
    {.bitmap_index = 18231, .adv_w = 310, .box_w = 17, .box_h = 26, .ofs_x = 1, .ofs_y = 0},
    {.bitmap_index = 18452, .adv_w = 310, .box_w = 17, .box_h = 26, .ofs_x = 1, .ofs_y = 0},
    {.bitmap_index = 18673, .adv_w = 310, .box_w = 17, .box_h = 26, .ofs_x = 1, .ofs_y = 0},
    {.bitmap_index = 18894, .adv_w = 310, .box_w = 17, .box_h = 25, .ofs_x = 1, .ofs_y = 0},
    {.bitmap_index = 19107, .adv_w = 310, .box_w = 17, .box_h = 25, .ofs_x = 1, .ofs_y = 0},
    {.bitmap_index = 19320, .adv_w = 224, .box_w = 12, .box_h = 13, .ofs_x = 1, .ofs_y = 1},
    {.bitmap_index = 19398, .adv_w = 310, .box_w = 20, .box_h = 22, .ofs_x = 0, .ofs_y = -1},
    {.bitmap_index = 19618, .adv_w = 310, .box_w = 17, .box_h = 26, .ofs_x = 1, .ofs_y = 0},
    {.bitmap_index = 19839, .adv_w = 310, .box_w = 17, .box_h = 26, .ofs_x = 1, .ofs_y = 0},
    {.bitmap_index = 20060, .adv_w = 310, .box_w = 17, .box_h = 26, .ofs_x = 1, .ofs_y = 0},
    {.bitmap_index = 20281, .adv_w = 310, .box_w = 17, .box_h = 25, .ofs_x = 1, .ofs_y = 0},
    {.bitmap_index = 20494, .adv_w = 278, .box_w = 18, .box_h = 26, .ofs_x = 0, .ofs_y = 0},
    {.bitmap_index = 20728, .adv_w = 286, .box_w = 16, .box_h = 20, .ofs_x = 1, .ofs_y = 0},
    {.bitmap_index = 20888, .adv_w = 289, .box_w = 17, .box_h = 20, .ofs_x = 1, .ofs_y = 0},
    {.bitmap_index = 21058, .adv_w = 254, .box_w = 14, .box_h = 20, .ofs_x = 1, .ofs_y = 0},
    {.bitmap_index = 21198, .adv_w = 254, .box_w = 14, .box_h = 20, .ofs_x = 1, .ofs_y = 0},
    {.bitmap_index = 21338, .adv_w = 254, .box_w = 14, .box_h = 20, .ofs_x = 1, .ofs_y = 0},
    {.bitmap_index = 21478, .adv_w = 254, .box_w = 14, .box_h = 20, .ofs_x = 1, .ofs_y = 0},
    {.bitmap_index = 21618, .adv_w = 254, .box_w = 14, .box_h = 19, .ofs_x = 1, .ofs_y = 0},
    {.bitmap_index = 21751, .adv_w = 254, .box_w = 14, .box_h = 22, .ofs_x = 1, .ofs_y = 0},
    {.bitmap_index = 21905, .adv_w = 405, .box_w = 23, .box_h = 14, .ofs_x = 1, .ofs_y = 0},
    {.bitmap_index = 22066, .adv_w = 246, .box_w = 14, .box_h = 20, .ofs_x = 1, .ofs_y = -6},
    {.bitmap_index = 22206, .adv_w = 258, .box_w = 14, .box_h = 20, .ofs_x = 1, .ofs_y = 0},
    {.bitmap_index = 22346, .adv_w = 258, .box_w = 14, .box_h = 20, .ofs_x = 1, .ofs_y = 0},
    {.bitmap_index = 22486, .adv_w = 258, .box_w = 14, .box_h = 20, .ofs_x = 1, .ofs_y = 0},
    {.bitmap_index = 22626, .adv_w = 258, .box_w = 14, .box_h = 19, .ofs_x = 1, .ofs_y = 0},
    {.bitmap_index = 22759, .adv_w = 118, .box_w = 7, .box_h = 20, .ofs_x = -1, .ofs_y = 0},
    {.bitmap_index = 22829, .adv_w = 118, .box_w = 6, .box_h = 20, .ofs_x = 2, .ofs_y = 0},
    {.bitmap_index = 22889, .adv_w = 118, .box_w = 11, .box_h = 20, .ofs_x = -2, .ofs_y = 0},
    {.bitmap_index = 22999, .adv_w = 118, .box_w = 11, .box_h = 19, .ofs_x = -2, .ofs_y = 0},
    {.bitmap_index = 23104, .adv_w = 271, .box_w = 15, .box_h = 20, .ofs_x = 1, .ofs_y = 0},
    {.bitmap_index = 23254, .adv_w = 262, .box_w = 14, .box_h = 20, .ofs_x = 1, .ofs_y = 0},
    {.bitmap_index = 23394, .adv_w = 262, .box_w = 14, .box_h = 20, .ofs_x = 1, .ofs_y = 0},
    {.bitmap_index = 23534, .adv_w = 262, .box_w = 14, .box_h = 20, .ofs_x = 1, .ofs_y = 0},
    {.bitmap_index = 23674, .adv_w = 262, .box_w = 14, .box_h = 20, .ofs_x = 1, .ofs_y = 0},
    {.bitmap_index = 23814, .adv_w = 262, .box_w = 14, .box_h = 20, .ofs_x = 1, .ofs_y = 0},
    {.bitmap_index = 23954, .adv_w = 262, .box_w = 14, .box_h = 19, .ofs_x = 1, .ofs_y = 0},
    {.bitmap_index = 24087, .adv_w = 249, .box_w = 14, .box_h = 13, .ofs_x = 1, .ofs_y = 1},
    {.bitmap_index = 24178, .adv_w = 262, .box_w = 16, .box_h = 16, .ofs_x = 0, .ofs_y = -1},
    {.bitmap_index = 24306, .adv_w = 261, .box_w = 14, .box_h = 20, .ofs_x = 1, .ofs_y = 0},
    {.bitmap_index = 24446, .adv_w = 261, .box_w = 14, .box_h = 20, .ofs_x = 1, .ofs_y = 0},
    {.bitmap_index = 24586, .adv_w = 261, .box_w = 14, .box_h = 20, .ofs_x = 1, .ofs_y = 0},
    {.bitmap_index = 24726, .adv_w = 261, .box_w = 14, .box_h = 19, .ofs_x = 1, .ofs_y = 0},
    {.bitmap_index = 24859, .adv_w = 262, .box_w = 14, .box_h = 26, .ofs_x = 1, .ofs_y = -6},
    {.bitmap_index = 25041, .adv_w = 267, .box_w = 15, .box_h = 26, .ofs_x = 1, .ofs_y = -6},
    {.bitmap_index = 25236, .adv_w = 262, .box_w = 14, .box_h = 26, .ofs_x = 1, .ofs_y = -6},
    {.bitmap_index = 25418, .adv_w = 283, .box_w = 16, .box_h = 3, .ofs_x = 1, .ofs_y = 6},
    {.bitmap_index = 25442, .adv_w = 333, .box_w = 19, .box_h = 3, .ofs_x = 1, .ofs_y = 6},
    {.bitmap_index = 25471, .adv_w = 101, .box_w = 5, .box_h = 8, .ofs_x = 1, .ofs_y = 12},
    {.bitmap_index = 25491, .adv_w = 185, .box_w = 10, .box_h = 8, .ofs_x = 1, .ofs_y = 12},
    {.bitmap_index = 25531, .adv_w = 185, .box_w = 10, .box_h = 8, .ofs_x = 1, .ofs_y = 12},
    {.bitmap_index = 25571, .adv_w = 141, .box_w = 7, .box_h = 7, .ofs_x = 1, .ofs_y = 5},
    {.bitmap_index = 25596, .adv_w = 306, .box_w = 17, .box_h = 4, .ofs_x = 1, .ofs_y = 0},
    {.bitmap_index = 25630, .adv_w = 318, .box_w = 18, .box_h = 11, .ofs_x = 1, .ofs_y = 2},
    {.bitmap_index = 25729, .adv_w = 192, .box_w = 10, .box_h = 18, .ofs_x = 1, .ofs_y = -1},
    {.bitmap_index = 25819, .adv_w = 318, .box_w = 18, .box_h = 11, .ofs_x = 1, .ofs_y = 2},
    {.bitmap_index = 25918, .adv_w = 192, .box_w = 10, .box_h = 18, .ofs_x = 1, .ofs_y = -1},
    {.bitmap_index = 26008, .adv_w = 448, .box_w = 28, .box_h = 29, .ofs_x = 0, .ofs_y = -4},
    {.bitmap_index = 26414, .adv_w = 448, .box_w = 29, .box_h = 29, .ofs_x = 0, .ofs_y = -4},
    {.bitmap_index = 26835, .adv_w = 448, .box_w = 28, .box_h = 21, .ofs_x = 0, .ofs_y = 0},
    {.bitmap_index = 27129, .adv_w = 448, .box_w = 28, .box_h = 25, .ofs_x = 0, .ofs_y = -2},
    {.bitmap_index = 27479, .adv_w = 448, .box_w = 28, .box_h = 21, .ofs_x = 0, .ofs_y = 0},
    {.bitmap_index = 27773, .adv_w = 308, .box_w = 20, .box_h = 21, .ofs_x = 0, .ofs_y = 0},
    {.bitmap_index = 27983, .adv_w = 448, .box_w = 28, .box_h = 29, .ofs_x = 0, .ofs_y = -4},
    {.bitmap_index = 28389, .adv_w = 448, .box_w = 27, .box_h = 29, .ofs_x = 1, .ofs_y = -4},
    {.bitmap_index = 28781, .adv_w = 504, .box_w = 32, .box_h = 25, .ofs_x = 0, .ofs_y = -2},
    {.bitmap_index = 29181, .adv_w = 448, .box_w = 28, .box_h = 29, .ofs_x = 0, .ofs_y = -4},
    {.bitmap_index = 29587, .adv_w = 448, .box_w = 28, .box_h = 29, .ofs_x = 0, .ofs_y = -4},
    {.bitmap_index = 29993, .adv_w = 504, .box_w = 32, .box_h = 21, .ofs_x = 0, .ofs_y = 0},
    {.bitmap_index = 30329, .adv_w = 448, .box_w = 28, .box_h = 29, .ofs_x = 0, .ofs_y = -4},
    {.bitmap_index = 30735, .adv_w = 224, .box_w = 14, .box_h = 23, .ofs_x = 0, .ofs_y = -1},
    {.bitmap_index = 30896, .adv_w = 336, .box_w = 21, .box_h = 23, .ofs_x = 0, .ofs_y = -1},
    {.bitmap_index = 31138, .adv_w = 504, .box_w = 32, .box_h = 27, .ofs_x = 0, .ofs_y = -3},
    {.bitmap_index = 31570, .adv_w = 448, .box_w = 28, .box_h = 21, .ofs_x = 0, .ofs_y = 0},
    {.bitmap_index = 31864, .adv_w = 308, .box_w = 20, .box_h = 29, .ofs_x = 0, .ofs_y = -4},
    {.bitmap_index = 32154, .adv_w = 392, .box_w = 18, .box_h = 26, .ofs_x = 3, .ofs_y = -3},
    {.bitmap_index = 32388, .adv_w = 392, .box_w = 25, .box_h = 29, .ofs_x = 0, .ofs_y = -4},
    {.bitmap_index = 32751, .adv_w = 392, .box_w = 25, .box_h = 25, .ofs_x = 0, .ofs_y = -2},
    {.bitmap_index = 33064, .adv_w = 392, .box_w = 25, .box_h = 25, .ofs_x = 0, .ofs_y = -2},
    {.bitmap_index = 33377, .adv_w = 392, .box_w = 18, .box_h = 26, .ofs_x = 3, .ofs_y = -3},
    {.bitmap_index = 33611, .adv_w = 392, .box_w = 26, .box_h = 25, .ofs_x = -1, .ofs_y = -2},
    {.bitmap_index = 33936, .adv_w = 280, .box_w = 16, .box_h = 25, .ofs_x = 1, .ofs_y = -2},
    {.bitmap_index = 34136, .adv_w = 280, .box_w = 16, .box_h = 25, .ofs_x = 1, .ofs_y = -2},
    {.bitmap_index = 34336, .adv_w = 392, .box_w = 25, .box_h = 25, .ofs_x = 0, .ofs_y = -2},
    {.bitmap_index = 34649, .adv_w = 392, .box_w = 25, .box_h = 7, .ofs_x = 0, .ofs_y = 7},
    {.bitmap_index = 34737, .adv_w = 504, .box_w = 32, .box_h = 21, .ofs_x = 0, .ofs_y = 0},
    {.bitmap_index = 35073, .adv_w = 560, .box_w = 35, .box_h = 29, .ofs_x = 0, .ofs_y = -4},
    {.bitmap_index = 35581, .adv_w = 504, .box_w = 33, .box_h = 29, .ofs_x = -1, .ofs_y = -4},
    {.bitmap_index = 36060, .adv_w = 448, .box_w = 28, .box_h = 25, .ofs_x = 0, .ofs_y = -2},
    {.bitmap_index = 36410, .adv_w = 392, .box_w = 25, .box_h = 15, .ofs_x = 0, .ofs_y = 3},
    {.bitmap_index = 36598, .adv_w = 392, .box_w = 25, .box_h = 15, .ofs_x = 0, .ofs_y = 3},
    {.bitmap_index = 36786, .adv_w = 560, .box_w = 35, .box_h = 22, .ofs_x = 0, .ofs_y = 0},
    {.bitmap_index = 37171, .adv_w = 448, .box_w = 28, .box_h = 21, .ofs_x = 0, .ofs_y = 0},
    {.bitmap_index = 37465, .adv_w = 504, .box_w = 32, .box_h = 29, .ofs_x = 0, .ofs_y = -4},
    {.bitmap_index = 37929, .adv_w = 448, .box_w = 28, .box_h = 29, .ofs_x = 0, .ofs_y = -4},
    {.bitmap_index = 38335, .adv_w = 448, .box_w = 29, .box_h = 29, .ofs_x = -1, .ofs_y = -4},
    {.bitmap_index = 38756, .adv_w = 392, .box_w = 25, .box_h = 25, .ofs_x = 0, .ofs_y = -2},
    {.bitmap_index = 39069, .adv_w = 392, .box_w = 25, .box_h = 29, .ofs_x = 0, .ofs_y = -4},
    {.bitmap_index = 39432, .adv_w = 392, .box_w = 25, .box_h = 25, .ofs_x = 0, .ofs_y = -2},
    {.bitmap_index = 39745, .adv_w = 392, .box_w = 25, .box_h = 23, .ofs_x = 0, .ofs_y = -1},
    {.bitmap_index = 40033, .adv_w = 448, .box_w = 28, .box_h = 21, .ofs_x = 0, .ofs_y = 0},
    {.bitmap_index = 40327, .adv_w = 280, .box_w = 19, .box_h = 29, .ofs_x = -1, .ofs_y = -4},
    {.bitmap_index = 40603, .adv_w = 392, .box_w = 25, .box_h = 29, .ofs_x = 0, .ofs_y = -4},
    {.bitmap_index = 40966, .adv_w = 308, .box_w = 20, .box_h = 29, .ofs_x = 0, .ofs_y = -4},
    {.bitmap_index = 41256, .adv_w = 392, .box_w = 25, .box_h = 29, .ofs_x = 0, .ofs_y = -4},
    {.bitmap_index = 41619, .adv_w = 560, .box_w = 35, .box_h = 19, .ofs_x = 0, .ofs_y = 1},
    {.bitmap_index = 41952, .adv_w = 504, .box_w = 32, .box_h = 21, .ofs_x = 0, .ofs_y = 0},
    {.bitmap_index = 42288, .adv_w = 560, .box_w = 35, .box_h = 25, .ofs_x = 0, .ofs_y = -2},
    {.bitmap_index = 42726, .adv_w = 448, .box_w = 30, .box_h = 29, .ofs_x = -1, .ofs_y = -4},
    {.bitmap_index = 43161, .adv_w = 168, .box_w = 11, .box_h = 29, .ofs_x = 0, .ofs_y = -4},
    {.bitmap_index = 43321, .adv_w = 308, .box_w = 20, .box_h = 29, .ofs_x = 0, .ofs_y = -4},
    {.bitmap_index = 43611, .adv_w = 336, .box_w = 21, .box_h = 29, .ofs_x = 0, .ofs_y = -4},
    {.bitmap_index = 43916, .adv_w = 448, .box_w = 28, .box_h = 29, .ofs_x = 0, .ofs_y = -4},
    {.bitmap_index = 44322, .adv_w = 448, .box_w = 26, .box_h = 29, .ofs_x = 1, .ofs_y = -4},
    {.bitmap_index = 44699, .adv_w = 448, .box_w = 28, .box_h = 25, .ofs_x = 0, .ofs_y = -2},
    {.bitmap_index = 45049, .adv_w = 336, .box_w = 21, .box_h = 29, .ofs_x = 0, .ofs_y = -4},
    {.bitmap_index = 45354, .adv_w = 560, .box_w = 35, .box_h = 26, .ofs_x = 0, .ofs_y = -2},
    {.bitmap_index = 45809, .adv_w = 560, .box_w = 35, .box_h = 19, .ofs_x = 0, .ofs_y = 1},
    {.bitmap_index = 46142, .adv_w = 560, .box_w = 35, .box_h = 19, .ofs_x = 0, .ofs_y = 1},
    {.bitmap_index = 46475, .adv_w = 560, .box_w = 35, .box_h = 19, .ofs_x = 0, .ofs_y = 1},
    {.bitmap_index = 46808, .adv_w = 560, .box_w = 35, .box_h = 19, .ofs_x = 0, .ofs_y = 1},
    {.bitmap_index = 47141, .adv_w = 560, .box_w = 35, .box_h = 19, .ofs_x = 0, .ofs_y = 1},
    {.bitmap_index = 47474, .adv_w = 560, .box_w = 36, .box_h = 23, .ofs_x = 0, .ofs_y = -1},
    {.bitmap_index = 47888, .adv_w = 392, .box_w = 22, .box_h = 29, .ofs_x = 1, .ofs_y = -4},
    {.bitmap_index = 48207, .adv_w = 448, .box_w = 28, .box_h = 29, .ofs_x = 0, .ofs_y = -4},
    {.bitmap_index = 48613, .adv_w = 392, .box_w = 25, .box_h = 29, .ofs_x = 0, .ofs_y = -4},
    {.bitmap_index = 48976, .adv_w = 448, .box_w = 28, .box_h = 29, .ofs_x = 0, .ofs_y = -4},
    {.bitmap_index = 49382, .adv_w = 448, .box_w = 29, .box_h = 29, .ofs_x = -1, .ofs_y = -4},
    {.bitmap_index = 49803, .adv_w = 280, .box_w = 18, .box_h = 29, .ofs_x = 0, .ofs_y = -4},
    {.bitmap_index = 50064, .adv_w = 560, .box_w = 35, .box_h = 29, .ofs_x = 0, .ofs_y = -4},
    {.bitmap_index = 50572, .adv_w = 560, .box_w = 35, .box_h = 29, .ofs_x = 0, .ofs_y = -4},
    {.bitmap_index = 51080, .adv_w = 448, .box_w = 29, .box_h = 30, .ofs_x = -1, .ofs_y = -4},
    {.bitmap_index = 51515, .adv_w = 560, .box_w = 35, .box_h = 21, .ofs_x = 0, .ofs_y = 0},
    {.bitmap_index = 51883, .adv_w = 420, .box_w = 28, .box_h = 29, .ofs_x = -1, .ofs_y = -4},
    {.bitmap_index = 52289, .adv_w = 336, .box_w = 21, .box_h = 29, .ofs_x = 0, .ofs_y = -4},
    {.bitmap_index = 52594, .adv_w = 448, .box_w = 29, .box_h = 29, .ofs_x = -1, .ofs_y = -4},
    {.bitmap_index = 53015, .adv_w = 448, .box_w = 29, .box_h = 29, .ofs_x = -1, .ofs_y = -4},
    {.bitmap_index = 53436, .adv_w = 336, .box_w = 21, .box_h = 29, .ofs_x = 0, .ofs_y = -4},
    {.bitmap_index = 53741, .adv_w = 451, .box_w = 29, .box_h = 19, .ofs_x = 0, .ofs_y = 1}
};

/*---------------------
 *  CHARACTER MAPPING
 *--------------------*/

static const uint16_t unicode_list_3[] = {
    0x0, 0x1, 0x6, 0x9, 0xa, 0xf, 0x13, 0x17d,
    0x17e, 0x17f, 0x180, 0xcfee, 0xcfef, 0xcff5, 0xcff8, 0xcff9,
    0xcffa, 0xcffe, 0xd000, 0xd002, 0xd004, 0xd006, 0xd009, 0xd00e,
    0xd013, 0xd014, 0xd015, 0xd02b, 0xd030, 0xd035, 0xd038, 0xd039,
    0xd03a, 0xd03e, 0xd03f, 0xd040, 0xd041, 0xd054, 0xd055, 0xd05b,
    0xd05d, 0xd05e, 0xd061, 0xd064, 0xd065, 0xd066, 0xd068, 0xd07e,
    0xd080, 0xd082, 0xd0b1, 0xd0b2, 0xd0b4, 0xd0b6, 0xd0cd, 0xd0d4,
    0xd0d7, 0xd0d8, 0xd0e0, 0xd108, 0xd109, 0xd10d, 0xd111, 0xd116,
    0xd11d, 0xd148, 0xd172, 0xd173, 0xd1cb, 0xd1d3, 0xd1d8, 0xd22d,
    0xd22e, 0xd22f, 0xd230, 0xd231, 0xd274, 0xd280, 0xd2c8, 0xd2da,
    0xd2de, 0xd2f1, 0xd3ba, 0xd506, 0xd50f, 0xd52c, 0xd547, 0xd6bc,
    0xd6cf, 0xd793, 0xd7ad, 0xd7af, 0xd88f
};

/*Collect the unicode lists and glyph_id offsets*/
static const lv_font_fmt_txt_cmap_t cmaps[] =
{
    {
        .range_start = 32, .range_length = 95, .glyph_id_start = 1,
        .unicode_list = NULL, .glyph_id_ofs_list = NULL, .list_length = 0, .type = LV_FONT_FMT_TXT_CMAP_FORMAT0_TINY
    },
    {
        .range_start = 160, .range_length = 21, .glyph_id_start = 96,
        .unicode_list = NULL, .glyph_id_ofs_list = NULL, .list_length = 0, .type = LV_FONT_FMT_TXT_CMAP_FORMAT0_TINY
    },
    {
        .range_start = 182, .range_length = 74, .glyph_id_start = 117,
        .unicode_list = NULL, .glyph_id_ofs_list = NULL, .list_length = 0, .type = LV_FONT_FMT_TXT_CMAP_FORMAT0_TINY
    },
    {
        .range_start = 8211, .range_length = 55440, .glyph_id_start = 191,
        .unicode_list = unicode_list_3, .glyph_id_ofs_list = NULL, .list_length = 93, .type = LV_FONT_FMT_TXT_CMAP_SPARSE_TINY
    }
};

/*-----------------
 *    KERNING
 *----------------*/


/*Map glyph_ids to kern left classes*/
static const uint8_t kern_left_class_mapping[] =
{
    0, 0, 0, 1, 0, 0, 0, 0,
    1, 2, 0, 0, 0, 3, 4, 5,
    6, 7, 0, 0, 8, 9, 8, 8,
    10, 8, 8, 0, 0, 0, 0, 0,
    0, 0, 11, 12, 13, 14, 15, 16,
    17, 0, 0, 18, 19, 20, 0, 0,
    14, 21, 14, 22, 23, 24, 25, 26,
    27, 28, 29, 30, 31, 0, 0, 0,
    0, 0, 32, 33, 34, 0, 35, 36,
    37, 32, 38, 39, 40, 0, 32, 32,
    41, 42, 32, 43, 44, 45, 37, 46,
    47, 48, 49, 50, 2, 0, 0, 0,
    0, 0, 0, 0, 0, 0, 0, 0,
    0, 0, 0, 0, 0, 4, 0, 0,
    0, 0, 0, 0, 0, 0, 0, 0,
    0, 0, 0, 0, 0, 0, 51, 52,
    52, 52, 52, 52, 52, 15, 13, 15,
    15, 15, 15, 0, 0, 0, 0, 53,
    0, 54, 54, 54, 54, 54, 0, 54,
    25, 25, 25, 25, 29, 0, 0, 32,
    32, 32, 32, 32, 32, 55, 56, 55,
    55, 55, 55, 0, 0, 0, 0, 0,
    57, 41, 41, 41, 41, 41, 0, 41,
    49, 49, 49, 49, 49, 41, 49, 4,
    4, 1, 58, 1, 0, 59, 0, 0,
    0, 0, 0, 0, 0, 0, 0, 0,
    0, 0, 0, 0, 0, 0, 0, 0,
    0, 0, 0, 0, 0, 0, 0, 0,
    0, 0, 0, 0, 0, 0, 0, 0,
    0, 0, 0, 0, 0, 0, 0, 0,
    0, 0, 0, 0, 0, 0, 0, 0,
    0, 0, 0, 0, 0, 0, 0, 0,
    0, 0, 0, 0, 0, 0, 0, 0,
    0, 0, 0, 0, 0, 0, 0, 0,
    0, 0, 0, 0, 0, 0, 0, 0,
    0, 0, 0, 0
};

/*Map glyph_ids to kern right classes*/
static const uint8_t kern_right_class_mapping[] =
{
    0, 0, 0, 1, 0, 0, 0, 0,
    1, 0, 2, 0, 0, 3, 4, 5,
    6, 7, 8, 0, 9, 10, 11, 12,
    13, 12, 12, 0, 0, 0, 0, 0,
    0, 0, 14, 0, 15, 0, 0, 0,
    16, 0, 0, 17, 0, 0, 0, 0,
    18, 0, 16, 0, 19, 20, 21, 22,
    23, 24, 25, 26, 0, 0, 27, 0,
    0, 0, 28, 29, 30, 30, 30, 31,
    32, 0, 33, 34, 0, 0, 35, 35,
    30, 35, 36, 35, 37, 38, 39, 40,
    41, 42, 43, 44, 0, 0, 2, 0,
    0, 0, 45, 0, 0, 0, 0, 0,
    0, 0, 0, 0, 0, 4, 0, 0,
    0, 0, 0, 0, 0, 0, 0, 0,
    0, 0, 0, 0, 0, 0, 0, 46,
    46, 46, 46, 46, 46, 46, 47, 0,
    0, 0, 0, 0, 0, 0, 0, 0,
    0, 48, 48, 48, 48, 48, 0, 48,
    49, 49, 49, 49, 50, 0, 51, 52,
    52, 52, 52, 52, 52, 52, 53, 54,
    54, 54, 54, 0, 0, 0, 0, 55,
    35, 56, 56, 56, 56, 56, 0, 56,
    57, 57, 57, 57, 58, 0, 58, 4,
    4, 59, 60, 1, 0, 61, 0, 0,
    0, 0, 0, 0, 0, 0, 0, 0,
    0, 0, 0, 0, 0, 0, 0, 0,
    0, 0, 0, 0, 0, 0, 0, 0,
    0, 0, 0, 0, 0, 0, 0, 0,
    0, 0, 0, 0, 0, 0, 0, 0,
    0, 0, 0, 0, 0, 0, 0, 0,
    0, 0, 0, 0, 0, 0, 0, 0,
    0, 0, 0, 0, 0, 0, 0, 0,
    0, 0, 0, 0, 0, 0, 0, 0,
    0, 0, 0, 0, 0, 0, 0, 0,
    0, 0, 0, 0
};

/*Kern values between classes*/
static const int8_t kern_class_values[] =
{
    0, 0, 0, 0, 0, 0, 0, 0,
    0, 0, 0, 0, 0, -31, 0, 0,
    -29, 0, 0, 0, 0, 0, 0, 0,
    0, 0, 0, -11, 0, -18, 0, -18,
    0, -2, -9, -18, -11, 0, -9, 0,
    -2, 0, -9, -4, 0, -31, 0, 0,
    0, 0, 0, -11, -18, -18, 0, -18,
    -9, -9, 0, 0, 0, 0, 0, 0,
    0, 0, 0, 0, 0, 0, 0, 0,
    0, 0, 0, 0, 0, 0, 0, 0,
    0, 0, 0, 0, 3, 0, 0, 0,
    0, 0, 0, 0, 0, 0, 28, 0,
    0, 0, 0, 0, 0, 0, 3, 0,
    0, 0, 0, 0, 0, 0, 0, 0,
    0, 0, 0, 0, 0, 0, 0, 0,
    0, 0, 0, 0, 0, 0, 0, 0,
    -7, -31, -4, -4, -4, -4, -11, 0,
    -7, -7, 0, -7, -2, -45, -2, -43,
    -11, 0, -45, 0, 0, -4, -4, -4,
    -11, -4, 0, 0, 0, -4, 0, -22,
    -4, -27, -16, 0, -4, 0, 0, 0,
    -7, -7, -2, -45, 0, -4, -4, -4,
    0, -4, -4, -4, 0, 0, 0, 0,
    0, 0, 0, 0, 0, 0, 0, 0,
    0, 0, 0, -16, 0, 0, 0, 0,
    0, 0, 0, 0, 0, 0, 0, 0,
    0, 0, 0, 0, 0, 0, 0, 0,
    0, 0, 0, 0, 0, 0, 0, 0,
    0, 0, 0, 0, 0, 0, 0, 0,
    0, 0, 0, 0, 0, 0, 0, 0,
    0, 0, 0, 0, 0, 0, 0, 0,
    0, 0, -9, -34, -7, -4, -7, -7,
    -13, 0, -9, -9, 0, -9, -4, -47,
    -4, -43, -11, 0, -47, 0, 0, -4,
    -7, -7, -13, -7, 0, 0, 0, -7,
    0, -25, -7, -29, -18, 0, -7, 0,
    0, 0, -9, -9, -4, -47, 0, -4,
    -7, -7, 0, -7, -7, -7, 0, 0,
    0, 0, 0, 0, 0, 0, 0, 0,
    0, 0, 0, 0, 0, 0, -38, 0,
    0, -38, 0, 0, 0, 0, 0, 0,
    0, 0, 0, 0, -27, 0, -29, -7,
    -29, 0, 0, -20, -29, -25, 0, -16,
    0, 0, 0, -16, -7, 0, -38, 0,
    0, 0, 0, 0, -27, -29, -29, 0,
    -29, -16, -16, 0, 0, 0, 0, 0,
    -7, 0, -9, 0, 0, 0, 0, 0,
    0, 0, 0, 0, 0, 0, 0, 0,
    0, 0, 0, 0, 0, 0, 0, 0,
    0, 0, 0, 0, 0, 0, 0, 0,
    0, 0, 0, 0, 0, 0, 0, 0,
    0, 0, 0, 0, 0, 0, 0, 0,
    0, 0, 0, 0, 0, 0, 0, 0,
    0, 0, 0, 0, 0, -4, 0, -7,
    0, 0, 0, 0, 0, 0, 0, 0,
    0, 0, 0, 0, 0, 0, 0, 0,
    0, 0, 0, 0, 0, 0, 0, 0,
    0, 0, 0, 0, 0, 0, 0, 0,
    0, 0, 0, 0, 0, 0, 0, 0,
    0, 0, 0, 0, 0, 0, 0, 0,
    0, 0, 0, 0, 0, 0, 0, 0,
    0, 0, -4, 0, -4, 0, 0, 0,
    0, 0, 0, 0, 0, 0, 0, 0,
    0, 0, 0, 0, 0, 0, 0, 0,
    0, 0, 0, 0, 0, 0, 0, 0,
    0, 0, 0, 0, 0, 0, 0, 0,
    0, 0, 0, 0, 0, 0, 0, 0,
    0, 0, 0, 0, 0, 0, 0, 0,
    0, 0, 0, 0, 0, 0, 0, -38,
    -20, -38, 0, 0, 0, 0, -20, 0,
    0, 0, 0, 0, 0, 0, 0, 0,
    0, 0, 0, 0, 0, 0, 0, 0,
    0, 0, 0, 0, 0, 0, 0, 0,
    0, 0, 0, 0, 0, 0, 0, 0,
    0, -16, 0, 0, 0, 0, 0, 0,
    0, 0, 0, 0, 0, 0, 0, 0,
    0, 0, -31, 0, 0, 0, 0, 0,
    0, -16, 0, 0, 0, 0, 0, 0,
    -7, -7, 0, -7, -7, -40, -9, -38,
    -20, 0, -40, 0, 0, -4, -2, -7,
    -11, -7, 0, 0, 0, -7, 0, -20,
    -4, -18, -13, 0, -4, 0, 0, 0,
    -7, -7, -9, -40, 0, -4, -7, -7,
    0, -7, -4, -4, -31, -31, 0, 0,
    0, 0, 0, 0, 0, 0, 0, 0,
    0, 0, 0, 0, 0, 0, 0, 0,
    0, 0, -4, 0, -2, 0, -2, -7,
    0, 0, 0, 0, 0, 0, 0, 0,
    0, 0, 0, 0, 0, 0, 0, 0,
    -2, 0, 0, 0, 0, 0, 0, 0,
    -7, 0, 0, 0, 0, 0, 0, 0,
    0, 0, 0, 0, 0, 0, -2, 0,
    0, 0, 0, 0, 0, 0, 0, 0,
    0, -2, 0, 0, 0, 0, 0, -2,
    0, -4, -2, -9, -9, -4, 0, 0,
    0, 0, -2, 0, 0, 0, 0, 0,
    0, -4, 0, -2, -2, 0, 0, 0,
    0, -2, 0, 0, 0, -9, 0, 0,
    0, 0, 0, 0, 0, 0, 0, 0,
    0, 0, 0, -7, 0, -9, 0, 0,
    0, 0, 0, 0, 0, 0, -7, 0,
    0, -4, 0, 0, -7, 0, -7, -4,
    -13, -13, -7, 0, 0, 0, 0, 0,
    0, 0, 0, 0, 0, 0, 0, 0,
    0, 0, -4, 0, 0, 0, -7, 0,
    0, 0, -13, 0, 0, 0, 0, 0,
    0, 0, 0, 0, 0, 0, 0, 0,
    0, -2, 0, 0, 0, 0, 0, 0,
    0, 0, 0, 0, 0, 0, 0, 0,
    0, 0, 0, 0, 0, 0, 0, 0,
    0, 0, 0, 0, 0, 0, 0, 0,
    0, 0, 0, -2, 0, 0, 0, 0,
    0, 0, 0, 0, 0, 0, 0, 0,
    0, 0, 0, 0, 0, 0, 0, 0,
    0, 0, 0, 0, 0, -43, -7, -43,
    -16, 0, 0, 0, 0, 0, 0, 0,
    -25, -2, -2, -25, -2, -4, 0, 0,
    0, 0, -4, 0, 0, 0, -11, 0,
    -11, -4, -11, 0, -4, -11, -11, -7,
    -4, 0, -4, -4, -11, 0, -11, 0,
    -36, -2, -2, 0, 0, 0, -11, -11,
    -11, 0, -11, 0, 0, 0, 0, -45,
    0, 0, -4, 0, -4, 0, 0, 0,
    0, 0, 0, 0, 0, -4, 0, 0,
    0, 0, 0, -2, 0, -4, 0, -11,
    -9, -4, 0, 0, 0, 0, 0, 0,
    0, 0, 0, 0, 0, 0, 0, 0,
    0, 0, 0, 0, 0, -4, 0, 0,
    0, -9, 0, 0, 0, 0, 0, 0,
    0, 0, 0, 0, 0, 0, 0, -7,
    0, -11, 0, 0, 0, 0, 0, 0,
    0, 0, -7, 0, 0, 0, 0, 0,
    0, 0, 0, 0, 0, 0, 0, 0,
    0, 0, 0, 0, 0, 0, 0, 0,
    0, 0, 0, 0, 0, 0, -4, 0,
    0, 0, -7, 0, 0, 0, 0, 0,
    0, 0, 0, 0, 0, 0, 0, 0,
    0, 0, 0, 0, 0, -13, 0, 0,
    0, 0, 0, 0, 0, 0, 0, 0,
    -16, -16, -7, -16, -11, 0, -11, -7,
    -7, 0, -7, 0, 0, -7, -2, -7,
    -9, -7, 0, 0, 0, -7, -2, -16,
    -7, -18, -13, 0, -7, 0, 0, 0,
    -16, -16, -11, -7, 0, -7, -7, -7,
    0, -7, -7, -7, 0, 0, 0, -27,
    0, 0, -11, 0, 0, 0, 0, 0,
    0, 0, 0, 0, 0, -7, -7, 0,
    -7, -7, -49, -7, -45, -29, 0, -47,
    0, 0, -4, -4, -4, -13, -4, 0,
    0, 0, -4, -2, -18, -4, -29, -25,
    0, -4, 0, 0, 0, -7, -7, -7,
    -47, 0, -4, -4, -4, 0, -4, -4,
    -4, -27, -29, 0, 0, 0, -47, -11,
    -47, -25, 0, 0, 0, 0, 0, 0,
    0, -34, 0, 0, -38, 0, -7, -7,
    0, -7, -2, -16, -11, -16, 0, -11,
    0, -11, 0, -11, 0, 0, -4, -11,
    -7, 0, -4, 0, 0, -4, -4, -7,
    0, -36, 0, 0, 0, -13, 0, -11,
    -11, -11, 0, -11, -4, -4, 0, 0,
    -45, 0, 0, 0, 0, 0, 0, 0,
    0, 0, 0, 0, 0, 0, 0, 0,
    0, -2, 0, 0, -7, 0, -7, -4,
    -4, -9, -2, 0, 0, 0, 0, -4,
    0, 0, 0, 0, 0, 0, -7, 0,
    0, -7, 0, 0, 0, 0, 0, 0,
    0, 0, -9, 0, 0, 0, 0, 0,
    0, 0, 0, 0, 0, 0, 0, 0,
    -4, 0, -7, 0, 0, 0, 0, 0,
    0, 0, 0, -9, 0, 0, 0, 0,
    0, -11, 0, -9, -4, -7, -16, -4,
    0, -2, 0, -2, -7, -2, 0, 0,
    0, -2, 0, -4, 0, -2, -2, -4,
    0, 0, 0, -9, 0, 0, 0, -16,
    0, -2, -2, -2, 0, -2, 0, 0,
    0, 0, 0, 0, 0, -45, -34, -47,
    -16, 0, 0, -4, -16, 0, -2, 0,
    -40, -7, -7, -40, -7, -11, 0, 0,
    0, 0, 0, 0, 0, 0, -45, 0,
    -40, -29, -40, -7, -9, -38, -40, -38,
    -29, -38, -29, -29, -34, -38, -29, 0,
    -40, -7, -7, 0, 0, 0, -45, -40,
    -40, 0, -40, -38, -38, 0, 0, 0,
    0, 0, -2, 0, -4, 0, 0, 0,
    0, 0, 0, 0, 0, -9, 0, 0,
    0, 0, 0, 0, 0, 0, 0, -7,
    0, -4, 0, 0, 0, 0, 0, 0,
    0, 0, 0, 0, 0, 0, 0, 0,
    0, -4, 0, 0, 0, -9, 0, 0,
    0, 0, 0, 0, 0, 0, 0, 0,
    0, 0, 0, 0, 0, 0, 0, -43,
    -16, -43, -20, 0, 0, 0, 0, 0,
    0, 0, -38, -7, -7, -43, -7, -7,
    0, 0, 0, 0, 0, 0, -7, 0,
    -29, 0, -31, -18, -31, -13, -16, -22,
    -31, -25, -20, -22, -18, -22, -22, -22,
    -20, 0, -67, -18, -22, 0, 0, -18,
    -36, -36, -36, -36, -27, -22, -22, 0,
    0, -45, 0, 0, -16, 0, -16, -7,
    0, 0, 0, 0, 0, 0, 0, -20,
    -4, -4, -29, -4, -2, 0, 0, 0,
    0, 0, 0, -4, 0, -18, 0, -20,
    -13, -20, -9, -13, -16, -20, -18, -16,
    -16, -16, -16, -20, -16, -16, 0, -20,
    -4, -4, 0, 0, 0, -18, -20, -20,
    0, -20, -16, -16, 0, 0, 0, 0,
    3, 0, -11, 0, 0, 0, 0, 0,
    0, 0, 0, 0, 0, -13, -13, -11,
    -13, -9, 0, -7, 0, 0, 0, 0,
    0, 4, -11, -4, -11, -13, -11, 0,
    0, 0, -11, -4, -13, -11, -20, -20,
    0, -11, 0, 0, 0, -18, -18, -7,
    0, 0, -22, -22, -22, -22, -27, -13,
    -31, 0, 0, 0, 0, 0, -45, -25,
    -47, -25, 0, 0, 0, 0, 0, 0,
    0, -40, -13, -13, -47, -13, -13, 0,
    0, 0, 0, 0, 0, 0, 0, -40,
    0, -40, -25, -40, 0, 0, -34, -40,
    -38, -27, -34, -27, -29, -36, -34, -29,
    0, -40, -13, -13, 0, 0, 0, -40,
    -40, -40, 0, -40, -34, -34, 0, 0,
    0, 0, 0, 0, -11, 0, 0, 0,
    0, 0, 0, 0, 0, 0, 0, -7,
    -7, -7, -7, -4, 0, -4, -4, -2,
    0, 0, -4, 0, -9, 0, -9, -11,
    -9, 0, 0, 0, -9, -4, -9, -4,
    -9, -7, 0, -4, 0, 0, 0, -7,
    -7, -4, 0, 0, -9, -9, -9, 0,
    -9, -4, -4, 0, 0, 0, 0, 0,
    0, 0, 0, 0, 0, 0, 0, 0,
    0, 0, 0, 0, 0, 0, 0, 0,
    0, 0, 0, 0, 0, 4, 0, 0,
    0, 0, 0, 0, 0, 0, 0, 28,
    0, 0, 0, 0, 0, 0, 0, 3,
    0, 0, 0, 0, 0, 0, 0, 0,
    0, 0, 0, 0, 0, 0, 0, 0,
    0, 0, 0, -13, 0, 0, 0, 0,
    0, 0, 0, 0, 0, 0, 0, 0,
    0, 0, 0, 0, 0, -7, -38, 0,
    -29, -20, 0, -36, 0, 0, 0, 0,
    0, 0, 0, 0, 0, 0, 0, 0,
    -4, 0, -4, -4, -4, 0, 0, 0,
    0, 0, 0, 0, -36, 0, 0, 0,
    0, 0, 0, 0, 0, -13, 0, 0,
    -13, 0, -4, 0, -7, 0, 0, 0,
    0, 0, 0, 0, 0, -7, 0, 0,
    0, 0, -7, -40, 0, -31, -20, -11,
    -40, -9, 0, 0, 0, 0, 0, 0,
    0, -2, 0, 0, 0, -7, 0, -4,
    -4, -9, 0, -2, 0, -7, 0, 0,
    0, -36, 0, 0, 0, 0, 0, 0,
    0, -18, -13, 0, 0, -4, 0, -2,
    0, -2, 0, 0, 0, 0, 0, 0,
    0, 0, -2, 0, 0, 0, 0, 0,
    -36, 0, -25, -20, -7, -31, -4, 0,
    0, 0, 0, 0, 0, 0, 0, 0,
    0, 0, 0, 0, 0, 0, -2, 0,
    0, 0, -2, 0, 0, 0, -31, 0,
    0, 0, 0, 0, 0, 0, 0, -4,
    0, 0, -9, 0, -4, 0, -4, 0,
    0, 0, 0, 0, 0, 0, 0, -4,
    0, 0, 0, 0, 0, -38, 0, -29,
    -25, -11, -38, -9, 0, 0, 0, 0,
    0, 0, 0, 0, 0, 0, 0, 0,
    0, -4, -4, -7, 0, -2, 0, -4,
    0, 0, 0, -38, 0, 0, 0, 0,
    0, 0, 0, 0, -9, 0, 0, 0,
    0, -36, -11, -38, 0, 0, 0, 0,
    0, 0, 0, 0, -25, 0, 0, -20,
    0, 0, 0, 0, 0, 0, -4, 0,
    0, 0, -11, 0, -9, 0, -9, 0,
    -4, -2, -9, -4, 0, -2, 0, 0,
    0, -2, 0, 0, -25, 0, 0, 0,
    0, 0, -18, -18, -18, -18, -18, -2,
    -2, 0, 0, -27, -4, 0, 0, 0,
    0, 0, 0, 0, 0, 0, 0, 0,
    0, 0, 0, 0, 0, 0, 0, -36,
    0, -22, -18, 0, -34, 0, 0, 0,
    0, 0, 0, 0, 0, 0, 0, 0,
    0, 0, 0, 0, 0, 0, 0, 0,
    0, 0, 0, 0, 0, -27, 0, 0,
    0, 0, 0, 0, 0, 0, -4, 0,
    0, 0, 0, 0, 0, 0, 0, 0,
    0, 0, 0, 0, 0, 0, 0, 0,
    0, 0, 0, 0, -7, 0, 0, 0,
    0, 0, 0, 0, 0, 0, 0, 0,
    0, 0, -4, 0, 0, 0, 0, 0,
    0, 0, 0, 0, 0, 0, 0, 0,
    0, 0, 0, 0, 0, 0, 0, 0,
    0, 0, 0, 0, 0, 0, 0, 0,
    0, 0, 0, 0, 0, 0, 0, 0,
    0, 0, 0, 0, 0, 0, 0, 0,
    0, -7, 0, 0, 0, 0, 0, 0,
    0, 0, 0, 0, 0, 0, 0, 0,
    0, 0, 0, 0, 0, 0, 0, 0,
    0, 0, 0, 0, 0, 0, 0, 0,
    0, 0, 0, 0, 0, 0, 0, 0,
    0, 0, 0, 0, 0, 0, -11, 0,
    0, 0, 0, 0, 0, 0, 0, 0,
    0, -4, -4, -7, -4, -7, -34, 0,
    -16, -18, 0, -34, -2, 0, -9, -4,
    -11, 0, -11, 0, -4, 0, -11, -4,
    -2, -4, 0, 0, 0, -4, 0, 0,
    0, -4, -4, 0, -34, 0, -9, -11,
    -11, 0, -11, -4, -4, 0, 0, 0,
    -13, 0, -4, 0, -7, 0, 0, 0,
    0, 0, 0, 0, 0, -7, 0, 0,
    0, 0, -7, -40, 0, -31, -20, -11,
    -40, -9, 0, 0, 0, 0, 0, 0,
    0, -2, 0, 0, 0, -7, 0, -4,
    -4, -9, 0, -2, 0, -7, 0, 0,
    0, -40, 0, 0, 0, 0, 0, 0,
    0, 0, -13, 0, 0, -13, 0, -4,
    0, -7, 0, 0, 0, 0, 0, 0,
    0, 0, -7, 0, 0, 0, 0, -7,
    -40, 0, -31, -27, -11, -40, -9, 0,
    0, 0, 0, 0, 0, 0, -2, 0,
    0, 0, -7, 0, -4, -4, -9, 0,
    -2, 0, -7, 0, 0, 0, -40, 0,
    0, 0, 0, 0, 0, 0, 0, -13,
    0, 0, 0, 0, -27, 0, -38, -7,
    0, 0, 0, 0, 0, 0, 0, -25,
    0, 0, -29, 0, 0, -34, 0, -7,
    0, -11, -25, -18, 0, -11, 0, -11,
    0, -11, 0, -4, 0, -11, -7, 0,
    0, 0, 0, 0, 0, 0, 0, -25,
    0, 0, 0, -25, 0, -11, -11, -11,
    0, -11, 0, 0, 0, 0, 0, -7,
    0, -2, 0, -4, 0, 0, 0, 0,
    0, 0, 0, 0, -2, 0, 0, 0,
    0, 0, -36, 0, -25, -18, -7, -38,
    -7, 0, 0, 0, 0, 0, 0, 0,
    0, 0, 0, 0, 0, 0, -4, -4,
    -7, 0, -2, 0, -2, 0, 0, 0,
    -38, 0, 0, 0, 0, 0, 0, 0,
    0, -7, 0, 0, -7, 0, 0, -7,
    0, 0, 0, 0, 0, 0, 0, 0,
    0, 0, -4, -4, 0, -4, 0, -20,
    -2, -20, -20, 0, -36, 0, 0, 0,
    -2, -7, 0, -7, 0, 0, 0, -7,
    -2, 0, -2, 0, 0, 0, -2, 0,
    0, 0, -4, -4, -2, -36, 0, 0,
    -7, -7, 0, -7, -2, -2, -7, 0,
    0, -2, 0, -27, 0, -29, 0, 0,
    0, 0, 0, 0, 0, 0, -18, 0,
    0, -20, 0, 0, -29, 0, -18, -16,
    -20, -27, -16, 0, -7, 0, -4, 0,
    -4, 0, 0, 0, -4, 0, 0, 0,
    0, 0, 0, 0, -2, 0, -45, 0,
    0, 0, -27, 0, -18, -18, -13, -18,
    -4, 0, 0, -2, 0, -27, -4, 0,
    -16, 0, -18, 0, 0, 0, 0, 0,
    0, 0, 0, -13, 0, 0, -18, 0,
    0, -29, 0, -22, -16, -20, -29, -16,
    0, -9, 0, -4, 0, -4, 0, 0,
    0, -4, 0, 0, 0, 0, 0, -4,
    0, -2, 0, -13, 0, 0, 0, -29,
    0, -9, -4, -4, 0, -4, 0, 0,
    -4, 0, 0, -4, 3, 0, -7, 0,
    0, 0, 0, 0, 0, 0, 0, 0,
    0, -4, -4, -9, -4, 0, -34, 0,
    -22, -20, 0, -36, -4, 3, -9, 0,
    -9, 0, -9, 0, 0, 0, -9, -7,
    -2, -4, 0, -4, 0, -4, 0, 0,
    0, -4, -4, 0, -36, 0, -9, -9,
    -9, -18, -9, -4, -4, -4, 0, 0,
    -4, 0, 0, 0, 0, 0, 0, 0,
    0, 0, 0, 0, 0, 0, 0, 0,
    0, 0, 0, -36, 0, -22, -18, 0,
    -34, 0, 0, 0, 0, 0, 0, 0,
    0, 0, 0, 0, 0, 0, 0, 0,
    0, 0, 0, 0, 0, 0, 0, 0,
    0, -34, 0, 0, 0, 0, 0, 0,
    0, 0, -4, 0, 0, -2, 0, -2,
    -7, 0, 0, 0, 0, 0, 0, 0,
    0, 0, 0, 0, 0, -7, 0, 0,
    -29, 0, -18, -16, 0, -27, 0, 0,
    -2, 0, -2, 0, -2, 0, 0, 0,
    -2, 0, 0, -2, 0, 0, 0, -2,
    0, 0, 0, 0, 0, 0, -18, 0,
    -2, -2, -2, 0, -2, -2, -2, -2,
    0, 0, 0, 0, 0, 0, 0, 0,
    0, 0, 0, 0, 0, 0, 0, 0,
    0, 0, 0, 0, 0, -25, 0, -25,
    -16, 0, -20, 0, 0, 0, 0, 0,
    0, 0, 0, 0, 0, 0, 0, 0,
    0, 0, 0, 0, 0, 0, 0, 0,
    0, 0, 0, -20, 0, 0, 0, 0,
    0, 0, 0, 0, 0, 0, 0, -31,
    0, 0, 0, 0, 0, 0, -16, 0,
    0, 0, 0, 0, 0, -27, -7, 0,
    -22, -18, -45, -27, -67, -45, 0, -54,
    0, 0, -18, -2, -18, -11, -7, 0,
    0, 0, -7, 0, -20, -18, -45, -36,
    0, -36, 0, 0, 0, -7, -7, -9,
    -40, 0, -4, -7, -7, 0, -7, -4,
    -4, -36, -31, 0, 0, 0, -7, 0,
    -9, 0, 0, 0, 0, 0, 0, 0,
    0, -18, 0, 0, -22, 0, 0, -7,
    0, -27, -27, -13, -22, -7, 0, 0,
    0, 0, 0, 0, 0, 0, 0, 0,
    0, 0, 0, 0, 0, -4, 0, 0,
    0, -7, 0, 0, 0, -13, 0, 0,
    0, 0, 0, 0, 0, 0, 0, 0,
    0, 0, 0, -7, 0, -9, 0, 0,
    0, 0, 0, 0, 0, 0, -22, 0,
    0, -18, 0, 0, -7, 0, -22, -18,
    -18, -22, -7, 0, 0, 0, 0, 0,
    0, 0, 0, 0, 0, 0, 0, 0,
    0, 0, -4, 0, 0, 0, -7, 0,
    0, 0, -13, 0, 0, 0, 0, 0,
    0, 0, 0, 0, 0, 0, -9, 0,
    -4, 0, -4, 0, 0, 0, 0, 0,
    0, 0, 0, -4, 0, 0, 0, 0,
    0, -38, 0, -36, -27, -22, -36, -9,
    0, 0, 0, 0, 0, 9, 0, 0,
    0, 0, 9, 0, 0, -13, -9, -7,
    -13, -2, 0, -4, 0, 0, 0, -38,
    0, 0, 0, 0, 0, 0, 0, 0,
    -9, 0, 0, -4, 0, -2, 0, -2,
    0, 0, 0, 0, 0, 0, 0, 0,
    -2, 0, 0, 0, 0, 0, -36, 0,
    -18, -18, -7, -27, -4, 0, 0, 0,
    0, 0, 0, 0, 0, 0, 0, 0,
    0, 0, 0, 0, -2, 0, 0, 0,
    -2, 0, 0, 0, -31, 0, 0, 0,
    0, 0, 0, 0, 0, -4, 0, 0,
    -13, 0, 0, 0, 0, 0, 0, 0,
    0, 0, 0, 0, 0, 0, 0, 0,
    0, 0, -7, -27, 0, -31, -31, 0,
    -36, 0, 0, 0, 0, 0, 0, 0,
    0, 0, 0, 0, 0, -4, 0, -4,
    -4, -4, 0, 0, 0, 0, 0, 0,
    0, -36, 0, 0, 0, 0, 0, 0,
    0, 0, -13, 0, 0, 0, 0, 0,
    0, 0, 0, 0, 0, 0, -16, 0,
    0, 0, 0, 0, 0, 0, 0, 0,
    0, 0, 0, 0, 0, 0, 0, 0,
    0, 0, 0, 0, 0, 0, 0, 0,
    0, 0, 0, 0, 0, 0, 0, 0,
    0, 0, 0, 0, 0, 0, 0, 0,
    0, 0, 0, 0, 0, 0, 0, 0,
    0, 0, 0, 0, 0, 0, 0, 0,
    0, 0, 0, 0, 0, 0, 0, 0,
    0, 0, 0, 0, 0, -45, 0, -45,
    0, 0, -45, 0, 0, 0, 0, 0,
    0, 0, 0, 0, 0, 0, 0, 0,
    0, -27, -27, 0, 0, 0, 0, 0,
    0, 0, 0, 0, 0, 0, 0, 0,
    0, 0, 0, 0, 0, 0, 0
};


/*Collect the kern class' data in one place*/
static const lv_font_fmt_txt_kern_classes_t kern_classes =
{
    .class_pair_values   = kern_class_values,
    .left_class_mapping  = kern_left_class_mapping,
    .right_class_mapping = kern_right_class_mapping,
    .left_class_cnt      = 59,
    .right_class_cnt     = 61,
};

/*--------------------
 *  ALL CUSTOM DATA
 *--------------------*/

#if LVGL_VERSION_MAJOR == 8
/*Store all the custom data of the font*/
static  lv_font_fmt_txt_glyph_cache_t cache;
#endif

#if LVGL_VERSION_MAJOR >= 8
static const lv_font_fmt_txt_dsc_t font_dsc = {
#else
static lv_font_fmt_txt_dsc_t font_dsc = {
#endif
    .glyph_bitmap = glyph_bitmap,
    .glyph_dsc = glyph_dsc,
    .cmaps = cmaps,
    .kern_dsc = &kern_classes,
    .kern_scale = 16,
    .cmap_num = 4,
    .bpp = 4,
    .kern_classes = 1,
    .bitmap_format = 0,
#if LVGL_VERSION_MAJOR == 8
    .cache = &cache
#endif
};



/*-----------------
 *  PUBLIC FONT
 *----------------*/

/*Initialize a public general font descriptor*/
#if LVGL_VERSION_MAJOR >= 8
const lv_font_t font_m_r = {
#else
lv_font_t font_m_r = {
#endif
    .get_glyph_dsc = lv_font_get_glyph_dsc_fmt_txt,    /*Function pointer to get glyph's data*/
    .get_glyph_bitmap = lv_font_get_bitmap_fmt_txt,    /*Function pointer to get glyph's bitmap*/
    .line_height = 33,          /*The maximum line height required by the font*/
    .base_line = 6,             /*Baseline measured from the bottom of the line*/
#if !(LVGL_VERSION_MAJOR == 6 && LVGL_VERSION_MINOR == 0)
    .subpx = LV_FONT_SUBPX_NONE,
#endif
#if LV_VERSION_CHECK(7, 4, 0) || LVGL_VERSION_MAJOR >= 8
    .underline_position = -2,
    .underline_thickness = 1,
#endif
    .dsc = &font_dsc,          /*The custom font data. Will be accessed by `get_glyph_bitmap/dsc` */
#if LV_VERSION_CHECK(8, 2, 0) || LVGL_VERSION_MAJOR >= 9
    .fallback = NULL,
#endif
    .user_data = NULL,
};



#endif /*#if FONT_M_R*/

